年份,院校代码,院校名称,专业组代码,计划数,投档人数,投档最低分,投档最低排位
2021,10001,北京大学,-,24,25,683以上,178以内
2021,10002,中国人民大学,203,50,53,671,629
2021,10003,清华大学,-,61,67,683以上,178以内
2021,10004,北京交通大学,202,52,52,612,16219
2021,10004,北京交通大学,203,47,47,617,13608
2021,10004,北京交通大学,204,6,6,604,20930
2021,10005,北京工业大学,201,10,10,608,18718
2021,10006,北京航空航天大学,202,111,111,661,1384
2021,10007,北京理工大学,202,67,67,649,3142
2021,10007,北京理工大学,203,6,6,626,9537
2021,10007,北京理工大学,204,4,4,636,6226
2021,10008,北京科技大学,201,27,27,614,14970
2021,10008,北京科技大学,202,42,42,615,14677
2021,10008,北京科技大学,203,2,2,614,15033
2021,10010,北京化工大学,202,55,55,600,23183
2021,10010,北京化工大学,203,32,32,606,19760
2021,10010,教北京化工大学,204,2,2,604,20763
2021,10010,北京化工大学,205,15,15,582,37587
2021,10010,北京化工大学,206,3,3,591,29460
2021,10011,北京工商大学,201,17,17,573,45315
2021,10011,省北京工商大学,202,11,11,553,66475
2021,10011,北京工商大学,203,5,5,565,53402
2021,10012,北京服装学院,202,10,10,540,81700
2021,10012,北京服装学院,203,2,2,550,69962
2021,10012,东北京服装学院,204,6,6,543,77493
2021,10013,北京邮电大学,201,117,118,632,7352
2021,10015,北京印刷学院,202,5,5,534,88562
2021,10015,北京印刷学院,203,4,4,529,94909
2021,10016,北京建筑大学,202,8,8,590,30920
2021,10016,北京建筑大学,203,1,1,593,28225
2021,10017,北京石油化工学院,201,16,16,536,86556
2021,10019,中国农业大学,202,26,26,621,11565
2021,10019,中国农业大学,203,34,34,615,14363
2021,10019,中国农业大学,204,10,10,615,14392
2021,10019,中国农业大学,205,10,10,606,19949
2021,10019,中国农业大学,206,5,5,608,18344
2021,10022,北京林业大学,203,72,72,594,27833
2021,10022,北京林业大学,204,4,4,593,28131
2021,10022,北京林业大学,205,3,3,594,27397
2021,10022,北京林业大学,206,8,8,593,28346
2021,10022,北京林业大学,207,3,3,584,35693
2021,10022,北京林业大学,208,2,2,587,33412
2021,10026,北京中医药大学,203,21,21,615,14865
2021,10026,北京中医药大学,204,4,4,595,26608
2021,10027,北京师范大学,203,13,13,657,1913
2021,10027,北京师范大学,204,12,12,660,1536
2021,10030,北京外国语大学,204,14,14,627,9124
2021,10030,北京外国语大学,205,2,2,627,9315
2021,10030,北京外国语大学,206,2,2,636,6216
2021,10030,北京外国语大学,207,2,2,627,9372
2021,10031,北京第二外国语学院,203,12,12,586,34038
2021,10031,北京第二外国语学院,205,4,4,593,28459
2021,10032,北京语言大学,202,14,14,592,29167
2021,10033,中国传媒大学,203,50,50,615,14784
2021,10033,教中国传媒大学,204,7,7,611,16904
2021,10034,中央财经大学,202,67,67,638,5545
2021,10034,中央财经大学,203,10,10,628,8985
2021,10036,对外经济贸易大学,202,25,25,637,5906
2021,10036,省对外经济贸易大学,203,20,20,639,5300
2021,10037,北京物资学院,202,4,4,550,69796
2021,10037,北京物资学院,203,1,1,552,67217
2021,10037,北京物资学院,204,1,1,541,79680
2021,10038,东首都经济贸易大学,202,6,6,589,31769
2021,10041,中国人民公安大学,201,3,3,615,14630
2021,10043,北京体育大学,203,6,6,588,32477
2021,10043,北京体育大学,204,3,3,589,31084
2021,10043,北京体育大学,217,5,5,588,32198
2021,10043,北京体育大学,218,6,6,586,33786
2021,10050,北京电影学院,202,2,2,612,16344
2021,10052,中央民族大学,202,23,23,611,16537
2021,10053,中国政法大学,203,51,51,627,9252
2021,10054,华北电力大学(北京),202,47,47,612,15949
2021,10054,华北电力大学(北京),203,14,14,601,22669
2021,10054,华北电力大学(北京),204,38,38,602,22245
2021,10055,南开大学,202,45,45,646,3730
2021,10055,南开大学,203,25,25,638,5697
2021,10056,天津大学,201,35,35,631,7645
2021,10056,天津大学,202,29,29,629,8342
2021,10056,天津大学,203,8,8,629,8588
2021,10057,天津科技大学,204,13,13,555,63600
2021,10057,天津科技大学,205,6,6,550,69613
2021,10057,天津科技大学,206,8,8,548,72361
2021,10057,天津科技大学,207,8,8,543,77563
2021,10057,天津科技大学,208,3,3,550,69661
2021,10057,天津科技大学,209,3,3,524,101500
2021,10057,天津科技大学,210,6,6,530,93665
2021,10058,天津工业大学,201,16,16,574,43926
2021,10058,天津工业大学,202,41,41,584,35680
2021,10058,天津工业大学,203,5,5,587,32732
2021,10058,天津工业大学,204,5,5,566,51847
2021,10059,中国民航大学,203,6,6,548,72141
2021,10059,中国民航大学,204,37,37,545,74889
2021,10059,教中国民航大学,205,35,35,549,71211
2021,10059,中国民航大学,206,10,10,571,47253
2021,10059,中国民航大学,207,1,1,560,58692
2021,10059,中国民航大学,208,79,79,545,74991
2021,10060,省天津理工大学,201,14,14,551,68106
2021,10060,天津理工大学,202,61,61,553,65613
2021,10060,天津理工大学,203,5,5,555,63880
2021,10060,天津理工大学,204,7,7,548,71774
2021,10060,东天津理工大学,205,18,18,544,76335
2021,10061,天津农学院,201,4,4,496,139659
2021,10061,天津农学院,202,1,1,495,141332
2021,10061,天津农学院,203,5,5,503,129705
2021,10063,天津中医药大学,204,7,7,540,80908
2021,10063,天津中医药大学,205,3,3,552,67373
2021,10063,天津中医药大学,206,3,3,554,64715
2021,10063,天津中医药大学,207,5,5,560,58695
2021,10063,天津中医药大学,208,9,9,575,43214
2021,10063,天津中医药大学,210,1,1,559,59312
2021,10065,天津师范大学,202,49,49,573,45082
2021,10065,天津师范大学,203,4,4,587,32952
2021,10065,天津师范大学,204,3,3,587,33291
2021,10065,天津师范大学,205,3,3,586,34126
2021,10066,天津职业技术师范大学,201,35,35,518,109549
2021,10068,天津外国语大学,203,13,13,563,55772
2021,10068,天津外国语大学,204,3,3,558,60482
2021,10069,天津商业大学,203,51,51,541,80049
2021,10069,天津商业大学,204,6,6,511,118997
2021,10070,天津财经大学,203,30,30,582,37015
2021,10070,天津财经大学,204,5,5,570,48318
2021,10071,天津体育学院,202,4,4,501,132115
2021,10076,河北工程大学,201,23,23,529,95055
2021,10077,河北地质大学,202,7,7,513,116735
2021,10077,河北地质大学,203,19,19,513,115906
2021,10078,华北水利水电大学,201,7,7,540,81467
2021,10078,华北水利水电大学,202,18,18,542,78894
2021,10079,华北电力大学(保定),202,67,67,600,23644
2021,10079,华北电力大学(保定),203,13,13,593,28469
2021,10079,华北电力大学(保定),204,22,22,591,29909
2021,10080,教河北工业大学,202,23,23,594,27560
2021,10081,华北理工大学,204,7,7,545,75280
2021,10081,华北理工大学,205,1,1,566,52557
2021,10081,华北理工大学,206,5,5,537,84727
2021,10081,省华北理工大学,207,2,2,540,80646
2021,10081,华北理工大学,208,3,3,539,81971
2021,10081,华北理工大学,209,2,2,522,103603
2021,10081,华北理工大学,210,1,1,520,106393
2021,10081,东华北理工大学,212,2,2,541,80427
2021,10081,华北理工大学,214,3,3,546,74378
2021,10081,华北理工大学,216,1,1,540,81386
2021,10089,河北医科大学,202,10,10,583,36654
2021,10089,河北医科大学,204,5,5,541,79780
2021,10089,河北医科大学,205,3,3,529,94734
2021,10089,河北医科大学,206,2,2,574,44738
2021,10092,河北北方学院,201,7,7,533,90245
2021,10092,河北北方学院,202,3,3,500,134101
2021,10093,承德医学院,201,3,3,548,71789
2021,10094,河北师范大学,203,4,4,560,58345
2021,10094,河北师范大学,204,1,1,557,61786
2021,10094,河北师范大学,205,2,2,557,62181
2021,10094,河北师范大学,206,1,1,506,125729
2021,10094,河北师范大学,207,2,2,556,63247
2021,10101,衡水学院,202,6,6,489,148901
2021,10101,衡水学院,203,2,2,486,153289
2021,10101,衡水学院,204,2,2,493,143936
2021,10103,邯郸学院,202,7,7,486,152611
2021,10103,邯郸学院,203,2,2,485,154991
2021,10104,邢台学院,202,2,2,494,142655
2021,10105,沧州师范学院,203,8,8,486,153212
2021,10107,石家庄铁道大学,202,4,4,548,71721
2021,10107,石家庄铁道大学,203,4,4,541,80568
2021,10107,石家庄铁道大学,204,1,1,581,37761
2021,10108,山西大学,203,6,6,559,60075
2021,10108,山西大学,204,1,1,571,46989
2021,10108,山西大学,205,4,4,550,69069
2021,10108,山西大学,206,3,3,553,66688
2021,10109,太原科技大学,201,12,12,524,101543
2021,10110,教中北大学,202,99,99,539,82777
2021,10110,中北大学,203,12,12,531,92302
2021,10110,中北大学,204,4,4,546,74373
2021,10110,中北大学,205,6,6,530,94103
2021,10110,省中北大学,206,14,14,530,93913
2021,10110,中北大学,207,29,29,530,93165
2021,10110,中北大学,208,3,3,539,82968
2021,10112,太原理工大学,201,22,22,589,31786
2021,10112,东太原理工大学,202,24,24,588,32426
2021,10113,山西农业大学,203,3,3,505,127318
2021,10113,山西农业大学,204,5,5,514,114193
2021,10113,山西农业大学,205,2,2,497,138387
2021,10113,山西农业大学,207,5,5,500,134269
2021,10113,山西农业大学,208,2,2,511,118451
2021,10114,山西医科大学,201,10,10,561,57366
2021,10117,长治医学院,202,1,1,530,93347
2021,10117,长治医学院,203,5,5,536,85532
2021,10117,长治医学院,204,2,2,538,83222
2021,10118,山西师范大学,202,6,6,523,102572
2021,10118,山西师范大学,203,2,2,514,114474
2021,10120,山西大同大学,202,10,10,506,126196
2021,10124,忻州师范学院,201,2,2,485,154550
2021,10124,忻州师范学院,202,1,1,485,154848
2021,10124,忻州师范学院,203,1,1,482,158099
2021,10124,忻州师范学院,204,6,6,487,152424
2021,10125,山西财经大学,202,11,11,543,77949
2021,10126,内蒙古大学,206,5,5,569,49558
2021,10126,内蒙古大学,207,14,14,569,49464
2021,10126,内蒙古大学,208,8,8,561,57770
2021,10126,内蒙古大学,209,9,9,556,62877
2021,10126,内蒙古大学,210,2,2,557,61625
2021,10126,内蒙古大学,211,1,1,557,61717
2021,10126,内蒙古大学,212,2,2,573,44905
2021,10127,内蒙古科技大学,202,47,47,490,148176
2021,10127,内蒙古科技大学,203,5,5,484,155898
2021,10128,内蒙古工业大学,201,21,21,506,125531
2021,10128,内蒙古工业大学,202,14,14,493,143294
2021,10128,内蒙古工业大学,203,2,2,502,131404
2021,10128,教内蒙古工业大学,204,5,5,493,143352
2021,10128,内蒙古工业大学,205,8,8,466,180687
2021,10129,内蒙古农业大学,202,5,5,494,142626
2021,10129,内蒙古农业大学,203,2,2,486,153245
2021,10132,省内蒙古医科大学,201,12,12,516,111864
2021,10132,内蒙古医科大学,202,1,1,479,162965
2021,10135,内蒙古师范大学,203,5,5,499,135220
2021,10135,内蒙古师范大学,204,5,5,492,144815
2021,10135,东内蒙古师范大学,205,5,5,502,130667
2021,10136,内蒙古民族大学,203,3,3,489,148964
2021,10136,内蒙古民族大学,204,8,8,481,160545
2021,10136,内蒙古民族大学,205,2,2,488,150097
2021,10136,内蒙古民族大学,207,5,5,517,110856
2021,10140,辽宁大学,206,4,4,561,57383
2021,10140,辽宁大学,207,5,5,568,50043
2021,10140,辽宁大学,208,5,5,549,70928
2021,10141,大连理工大学,201,60,60,616,14118
2021,10141,大连理工大学,202,6,6,613,15623
2021,10141,大连理工大学,203,4,4,615,14390
2021,10141,大连理工大学,204,10,10,610,17371
2021,10142,沈阳工业大学,202,41,41,530,93447
2021,10142,沈阳工业大学,203,3,3,525,100556
2021,10143,沈阳航空航天大学,201,4,4,545,75419
2021,10143,沈阳航空航天大学,202,1,1,586,33990
2021,10144,沈阳理工大学,202,17,17,529,94543
2021,10144,沈阳理工大学,203,2,2,522,103601
2021,10145,东北大学,201,105,105,611,16595
2021,10145,东北大学,202,2,2,615,14440
2021,10145,东北大学,203,4,4,611,16973
2021,10145,东北大学,204,15,15,586,34212
2021,10145,东北大学,205,20,20,581,37884
2021,10146,辽宁科技大学,201,13,13,519,108064
2021,10146,辽宁科技大学,202,2,2,472,172537
2021,10147,辽宁工程技术大学,202,10,10,528,96727
2021,10148,辽宁石油化工大学,201,2,2,507,124369
2021,10148,辽宁石油化工大学,202,4,4,499,135242
2021,10148,辽宁石油化工大学,203,1,1,503,130297
2021,10148,辽宁石油化工大学,204,2,2,491,146327
2021,10148,教辽宁石油化工大学,205,4,4,501,132675
2021,10148,辽宁石油化工大学,206,1,1,501,132648
2021,10148,辽宁石油化工大学,207,1,1,489,149600
2021,10149,沈阳化工大学,201,15,15,514,114157
2021,10149,省沈阳化工大学,202,6,6,513,116597
2021,10150,大连交通大学,202,14,14,537,85380
2021,10150,大连交通大学,203,2,2,538,84095
2021,10150,大连交通大学,204,4,4,532,91570
2021,10150,东大连交通大学,205,7,7,502,131560
2021,10151,大连海事大学,202,93,93,589,31728
2021,10151,大连海事大学,203,13,13,568,50407
2021,10152,大连工业大学,201,2,2,521,105244
2021,10152,大连工业大学,203,2,2,529,95458
2021,10152,大连工业大学,204,2,2,514,114204
2021,10152,大连工业大学,205,6,6,530,94026
2021,10152,大连工业大学,206,5,5,524,101480
2021,10152,大连工业大学,207,7,7,519,108330
2021,10152,大连工业大学,208,1,1,528,95881
2021,10153,沈阳建筑大学,201,2,2,565,53297
2021,10153,沈阳建筑大学,202,21,21,535,86720
2021,10158,大连海洋大学,202,12,12,507,124338
2021,10158,大连海洋大学,203,11,11,500,134078
2021,10158,大连海洋大学,204,2,2,503,130012
2021,10158,大连海洋大学,205,2,2,504,128671
2021,10159,中国医科大学,201,25,25,589,31649
2021,10160,锦州医科大学,201,16,16,532,91099
2021,10160,锦州医科大学,202,8,8,507,124328
2021,10161,大连医科大学,201,12,12,588,32263
2021,10163,沈阳药科大学,202,15,15,540,81782
2021,10163,沈阳药科大学,203,2,2,493,144153
2021,10164,沈阳医学院,201,4,4,544,76446
2021,10165,辽宁师范大学,202,3,3,513,116479
2021,10167,渤海大学,202,2,2,530,94312
2021,10169,鞍山师范学院,202,1,1,481,160757
2021,10172,大连外国语大学,203,8,8,563,55812
2021,10172,大连外国语大学,204,2,2,551,68774
2021,10172,大连外国语大学,205,2,2,550,69623
2021,10173,东北财经大学,203,13,13,593,28334
2021,10173,教东北财经大学,204,15,15,578,40626
2021,10173,东北财经大学,205,1,1,591,30092
2021,10183,吉林大学,205,59,59,616,14146
2021,10183,吉林大学,206,4,4,612,16338
2021,10183,省吉林大学,207,96,96,608,18161
2021,10183,吉林大学,208,31,31,615,14480
2021,10183,吉林大学,209,4,4,609,17791
2021,10183,吉林大学,210,1,1,629,8418
2021,10183,东吉林大学,211,18,18,624,10597
2021,10183,吉林大学,212,14,14,611,16765
2021,10183,吉林大学,213,6,6,607,18873
2021,10183,吉林大学,215,12,12,621,11488
2021,10183,吉林大学,218,31,31,609,18094
2021,10184,延边大学,202,9,9,571,46930
2021,10184,延边大学,203,1,1,584,35628
2021,10184,延边大学,204,3,3,575,43481
2021,10186,长春理工大学,203,26,26,524,101216
2021,10186,长春理工大学,204,175,175,533,90449
2021,10186,长春理工大学,205,4,4,529,94488
2021,10186,长春理工大学,206,11,11,514,114669
2021,10186,长春理工大学,207,3,3,529,95284
2021,10186,长春理工大学,208,2,2,538,83981
2021,10186,长春理工大学,209,4,4,532,90537
2021,10188,东北电力大学,202,26,26,548,71696
2021,10188,东北电力大学,203,3,3,554,65121
2021,10188,东北电力大学,204,2,2,544,76941
2021,10190,长春工业大学,202,9,9,513,116577
2021,10190,长春工业大学,203,14,14,519,108040
2021,10190,长春工业大学,204,6,6,505,126315
2021,10190,长春工业大学,205,2,2,517,111204
2021,10190,长春工业大学,206,1,1,491,145817
2021,10191,吉林建筑大学,201,4,4,523,102313
2021,10191,吉林建筑大学,202,14,14,513,116473
2021,10191,吉林建筑大学,203,6,6,512,117154
2021,10191,吉林建筑大学,204,3,3,508,123202
2021,10191,吉林建筑大学,205,4,4,501,132125
2021,10191,吉林建筑大学,206,2,2,508,123171
2021,10199,长春中医药大学,202,12,12,530,93217
2021,10199,教长春中医药大学,203,4,4,514,114701
2021,10200,东北师范大学,202,3,3,597,25646
2021,10200,东北师范大学,203,10,10,599,24125
2021,10200,东北师范大学,204,5,5,597,25228
2021,10200,省东北师范大学,209,2,2,605,20108
2021,10200,东北师范大学,210,5,5,594,27315
2021,10200,东北师范大学,211,3,3,601,22509
2021,10201,北华大学,202,6,6,501,132145
2021,10201,东北华大学,203,17,17,511,119411
2021,10201,北华大学,204,7,7,499,135797
2021,10201,北华大学,205,2,2,507,124617
2021,10201,北华大学,206,6,6,497,138436
2021,10205,长春师范大学,202,6,6,514,114680
2021,10205,长春师范大学,203,2,2,524,101698
2021,10205,长春师范大学,204,2,2,522,103692
2021,10205,长春师范大学,205,2,2,535,87681
2021,10205,长春师范大学,207,4,4,510,119909
2021,10206,白城师范学院,201,5,5,488,150679
2021,10207,吉林财经大学,203,18,18,526,99329
2021,10207,吉林财经大学,205,6,6,502,130514
2021,10212,黑龙江大学,205,113,113,532,91742
2021,10212,黑龙江大学,206,23,23,523,102163
2021,10212,黑龙江大学,207,2,2,545,74958
2021,10212,黑龙江大学,208,25,25,523,102379
2021,10212,黑龙江大学,209,16,16,518,108843
2021,10213,哈尔滨工业大学,201,50,50,644,4175
2021,10214,哈尔滨理工大学,202,245,245,527,96994
2021,10214,哈尔滨理工大学,203,60,60,522,104253
2021,10214,哈尔滨理工大学,204,10,10,521,104958
2021,10216,燕山大学,202,4,4,575,43457
2021,10216,燕山大学,203,32,32,575,43403
2021,10216,燕山大学,204,6,6,573,44919
2021,10217,哈尔滨工程大学,201,6,6,583,36452
2021,10217,哈尔滨工程大学,202,54,54,598,24502
2021,10219,黑龙江科技大学,203,67,67,500,134177
2021,10220,东北石油大学,202,4,4,516,112246
2021,10220,东北石油大学,203,12,12,516,112170
2021,10220,东北石油大学,204,2,2,515,113803
2021,10222,教佳木斯大学,201,10,10,532,91375
2021,10222,佳木斯大学,202,10,10,483,157800
2021,10222,佳木斯大学,203,5,5,497,138219
2021,10222,佳木斯大学,204,10,10,499,135564
2021,10222,省佳木斯大学,205,48,48,477,165521
2021,10224,东北农业大学,202,21,21,575,42912
2021,10224,东北农业大学,203,5,5,570,47934
2021,10224,东北农业大学,204,7,7,573,45051
2021,10224,东东北农业大学,205,2,2,576,42501
2021,10224,东北农业大学,206,4,4,574,44359
2021,10225,东北林业大学,202,19,19,586,33742
2021,10225,东北林业大学,203,6,6,583,36281
2021,10226,哈尔滨医科大学,202,16,16,588,32573
2021,10226,哈尔滨医科大学,203,7,7,569,49067
2021,10226,哈尔滨医科大学,204,2,2,563,55922
2021,10226,哈尔滨医科大学,205,4,4,539,82460
2021,10228,黑龙江中医药大学,201,16,16,546,74209
2021,10228,黑龙江中医药大学,202,6,6,541,80594
2021,10228,黑龙江中医药大学,203,11,11,508,123353
2021,10229,牡丹江医学院,201,10,10,522,103519
2021,10229,牡丹江医学院,202,3,3,507,124030
2021,10231,哈尔滨师范大学,205,5,5,530,93736
2021,10231,哈尔滨师范大学,206,10,10,470,174310
2021,10231,哈尔滨师范大学,207,5,5,539,82242
2021,10231,哈尔滨师范大学,208,5,5,553,66341
2021,10231,哈尔滨师范大学,209,5,5,552,67745
2021,10231,哈尔滨师范大学,210,3,3,550,69668
2021,10231,哈尔滨师范大学,211,6,6,547,72454
2021,10232,齐齐哈尔大学,202,34,34,494,141974
2021,10232,齐齐哈尔大学,203,14,14,484,156424
2021,10232,齐齐哈尔大学,204,2,2,492,145153
2021,10233,牡丹江师范学院,204,17,17,484,156308
2021,10233,牡丹江师范学院,205,4,4,483,157420
2021,10234,哈尔滨学院,203,6,6,486,153362
2021,10234,哈尔滨学院,204,4,4,487,151917
2021,10234,哈尔滨学院,205,1,1,491,146591
2021,10234,哈尔滨学院,206,3,3,488,150907
2021,10240,哈尔滨商业大学,203,8,8,462,185410
2021,10240,教哈尔滨商业大学,204,12,12,497,138232
2021,10240,哈尔滨商业大学,205,30,30,504,128724
2021,10240,哈尔滨商业大学,206,22,22,497,138631
2021,10240,哈尔滨商业大学,207,2,2,505,127552
2021,10242,省哈尔滨体育学院,202,20,20,478,164539
2021,10246,复旦大学,203,4,4,684,153
2021,10246,复旦大学,204,37,37,676,372
2021,10246,复旦大学,205,24,24,674,493
2021,10247,东同济大学,203,64,64,659,1623
2021,10247,同济大学,204,7,7,645,4012
2021,10247,同济大学,205,18,18,656,2099
2021,10247,同济大学,206,8,8,653,2546
2021,10248,上海交通大学,203,71,71,666,998
2021,10248,上海交通大学,204,62,62,675,412
2021,10251,华东理工大学,202,17,17,613,15906
2021,10251,华东理工大学,203,10,10,599,24018
2021,10251,华东理工大学,204,14,14,617,13737
2021,10251,华东理工大学,205,2,2,612,16456
2021,10252,上海理工大学,201,28,28,593,28499
2021,10252,上海理工大学,202,12,12,584,35162
2021,10254,上海海事大学,202,90,90,559,59794
2021,10254,上海海事大学,203,6,6,573,45294
2021,10255,东华大学,202,22,22,608,18517
2021,10255,东华大学,203,4,4,602,21959
2021,10256,上海电力大学,201,8,8,592,28672
2021,10256,上海电力大学,202,2,2,591,30098
2021,10259,上海应用技术大学,201,19,19,555,64428
2021,10259,上海应用技术大学,202,5,5,556,62980
2021,10262,上海健康医学院,201,15,15,512,116787
2021,10262,上海健康医学院,202,15,15,521,105179
2021,10264,上海海洋大学,203,30,30,566,52136
2021,10264,上海海洋大学,204,7,7,569,49511
2021,10264,上海海洋大学,205,10,10,553,66611
2021,10269,华东师范大学,202,4,4,647,3585
2021,10269,华东师范大学,203,19,19,651,2819
2021,10269,华东师范大学,204,2,2,646,3657
2021,10269,华东师范大学,205,4,4,644,4143
2021,10269,华东师范大学,206,4,4,648,3311
2021,10270,教上海师范大学,202,2,2,556,63131
2021,10271,上海外国语大学,202,12,12,630,8087
2021,10272,上海财经大学,203,30,30,650,2955
2021,10272,上海财经大学,204,8,8,657,1889
2021,10276,省华东政法大学,202,14,14,633,7051
2021,10277,上海体育学院,202,8,8,550,69376
2021,10277,上海体育学院,203,3,3,546,73669
2021,10279,上海戏剧学院,202,3,3,600,23427
2021,10280,东上海大学,201,7,7,606,19477
2021,10284,南京大学,202,47,47,668,794
2021,10284,南京大学,203,40,40,670,684
2021,10285,苏州大学,203,19,19,611,16650
2021,10285,苏州大学,205,4,4,584,35378
2021,10285,苏州大学,206,6,6,612,16016
2021,10285,苏州大学,207,5,5,606,19432
2021,10285,苏州大学,208,1,1,601,23040
2021,10285,苏州大学,213,6,6,600,23491
2021,10285,苏州大学,214,2,2,617,13729
2021,10285,苏州大学,215,1,1,610,17537
2021,10286,东南大学,202,82,82,640,5129
2021,10287,南京航空航天大学,201,69,69,616,14261
2021,10287,南京航空航天大学,202,13,13,613,15893
2021,10288,南京理工大学,201,45,45,611,16590
2021,10288,南京理工大学,202,28,28,610,17244
2021,10289,江苏科技大学,202,39,39,554,65076
2021,10289,江苏科技大学,203,4,4,548,71856
2021,10289,江苏科技大学,204,2,2,553,66719
2021,10290,中国矿业大学,202,11,11,592,29059
2021,10290,中国矿业大学,203,2,2,593,28651
2021,10290,中国矿业大学,204,102,102,594,27754
2021,10291,南京工业大学,202,20,20,589,31440
2021,10291,南京工业大学,203,17,17,588,32382
2021,10292,常州大学,202,9,9,550,69737
2021,10292,常州大学,203,6,6,534,88743
2021,10292,常州大学,204,3,3,542,79060
2021,10292,常州大学,205,2,2,543,77551
2021,10292,常州大学,206,2,2,526,98676
2021,10292,常州大学,207,6,6,543,77667
2021,10293,教南京邮电大学,201,144,144,597,25154
2021,10294,河海大学,202,117,117,601,22849
2021,10294,河海大学,203,8,8,599,24332
2021,10294,河海大学,204,4,4,604,20932
2021,10294,省河海大学,205,6,6,580,38808
2021,10294,河海大学,206,5,5,581,38212
2021,10295,江南大学,201,29,29,593,28122
2021,10295,江南大学,202,21,21,600,23611
2021,10295,东江南大学,203,6,6,581,37892
2021,10298,南京林业大学,202,48,48,564,53965
2021,10298,南京林业大学,203,26,26,555,64239
2021,10298,南京林业大学,204,20,20,562,56937
2021,10299,江苏大学,203,34,34,578,40900
2021,10300,南京信息工程大学,202,76,76,589,31718
2021,10300,南京信息工程大学,203,12,12,570,48437
2021,10304,南通大学,202,11,11,555,64493
2021,10304,南通大学,203,6,6,545,75543
2021,10304,南通大学,204,1,1,551,68604
2021,10304,南通大学,208,10,10,539,82100
2021,10304,南通大学,209,5,5,555,64329
2021,10304,南通大学,210,1,1,567,51496
2021,10305,盐城工学院,201,5,5,509,121282
2021,10307,南京农业大学,202,44,44,591,29851
2021,10307,南京农业大学,203,37,37,590,30618
2021,10312,南京医科大学,202,4,4,632,7575
2021,10312,南京医科大学,203,2,2,599,24146
2021,10312,南京医科大学,204,2,2,594,27675
2021,10315,南京中医药大学,201,15,15,580,38541
2021,10316,中国药科大学,202,14,14,609,17736
2021,10316,中国药科大学,203,9,9,604,20788
2021,10316,中国药科大学,204,4,4,591,29551
2021,10319,南京师范大学,202,3,3,610,17309
2021,10319,南京师范大学,203,5,5,597,25239
2021,10320,江苏师范大学,202,3,3,559,59581
2021,10324,盐城师范学院,202,16,16,489,148678
2021,10324,盐城师范学院,203,6,6,490,148306
2021,10324,盐城师范学院,204,6,6,490,147031
2021,10327,南京财经大学,202,28,28,578,41020
2021,10327,教南京财经大学,203,2,2,573,45041
2021,10329,江苏警官学院,202,2,2,535,87823
2021,10329,江苏警官学院,203,1,1,534,88724
2021,10330,南京体育学院,201,3,3,494,142016
2021,10332,省苏州科技大学,203,14,14,555,63874
2021,10332,苏州科技大学,204,2,2,562,56772
2021,10333,常熟理工学院,201,10,10,518,109762
2021,10335,浙江大学,202,54,54,673,538
2021,10335,东浙江大学,203,43,43,643,4453
2021,10335,浙江大学,204,2,2,678,313
2021,10336,杭州电子科技大学,202,96,96,593,28600
2021,10336,杭州电子科技大学,203,12,12,586,34175
2021,10337,浙江工业大学,202,10,10,584,35144
2021,10337,浙江工业大学,203,10,10,585,35104
2021,10337,浙江工业大学,204,10,10,560,58439
2021,10337,浙江工业大学,205,6,6,578,41067
2021,10337,浙江工业大学,206,10,10,584,35198
2021,10338,浙江理工大学,205,97,97,573,45708
2021,10338,浙江理工大学,206,22,22,559,60144
2021,10338,浙江理工大学,207,5,5,571,47033
2021,10340,浙江海洋大学,201,6,6,549,70970
2021,10340,浙江海洋大学,202,4,4,541,79438
2021,10340,浙江海洋大学,203,2,2,549,70299
2021,10340,浙江海洋大学,204,3,3,504,128482
2021,10340,浙江海洋大学,205,3,3,533,89363
2021,10340,浙江海洋大学,206,2,2,543,77974
2021,10341,浙江农林大学,202,8,8,551,68059
2021,10341,浙江农林大学,203,5,5,555,64139
2021,10341,浙江农林大学,204,4,4,545,75092
2021,10341,浙江农林大学,205,4,4,525,100214
2021,10343,温州医科大学,201,4,4,617,13393
2021,10343,温州医科大学,202,2,2,612,16209
2021,10343,温州医科大学,203,2,2,615,14541
2021,10343,温州医科大学,204,2,2,583,36113
2021,10345,浙江师范大学,204,3,3,585,34920
2021,10345,浙江师范大学,205,29,29,585,34460
2021,10345,浙江师范大学,206,9,9,579,40056
2021,10345,浙江师范大学,207,8,8,551,68667
2021,10345,教浙江师范大学,212,4,4,589,31216
2021,10346,杭州师范大学,202,14,14,574,44307
2021,10346,杭州师范大学,203,4,4,530,93581
2021,10347,湖州师范学院,202,8,8,517,110122
2021,10352,省丽水学院,201,8,8,492,145443
2021,10352,丽水学院,202,5,5,489,148735
2021,10352,丽水学院,203,3,3,498,135999
2021,10352,丽水学院,204,12,12,509,121734
2021,10352,东丽水学院,205,2,2,547,72497
2021,10353,浙江工商大学,202,7,7,567,50786
2021,10354,嘉兴学院,201,35,35,525,99796
2021,10355,中国美术学院,201,10,10,593,28070
2021,10356,中国计量大学,203,1,1,567,51055
2021,10356,中国计量大学,204,1,1,562,56751
2021,10356,中国计量大学,205,2,2,561,57108
2021,10357,安徽大学,202,46,46,594,27421
2021,10357,安徽大学,203,4,4,587,33155
2021,10357,安徽大学,204,2,2,597,25479
2021,10358,中国科学技术大学,201,72,77,670,723
2021,10358,中国科学技术大学,202,18,23,669,783
2021,10359,合肥工业大学,203,88,88,595,26609
2021,10359,合肥工业大学,204,8,8,593,28099
2021,10359,合肥工业大学,205,6,6,590,30980
2021,10359,合肥工业大学,206,5,5,577,41742
2021,10360,安徽工业大学,202,15,15,546,74619
2021,10360,安徽工业大学,203,2,2,539,82771
2021,10361,安徽理工大学,201,16,16,539,82165
2021,10361,安徽理工大学,202,46,46,542,78722
2021,10361,安徽理工大学,203,30,30,532,91246
2021,10361,安徽理工大学,204,4,4,506,124948
2021,10361,安徽理工大学,205,12,12,533,90075
2021,10361,安徽理工大学,206,2,2,547,72894
2021,10363,安徽工程大学,201,2,2,538,83218
2021,10363,安徽工程大学,202,5,5,504,127738
2021,10363,安徽工程大学,203,3,3,527,97079
2021,10363,安徽工程大学,204,2,2,515,113336
2021,10364,安徽农业大学,205,7,7,543,77214
2021,10364,安徽农业大学,206,2,2,534,88583
2021,10364,教安徽农业大学,207,1,1,530,93775
2021,10364,安徽农业大学,208,17,17,531,92705
2021,10366,安徽医科大学,202,8,8,585,34786
2021,10366,安徽医科大学,203,3,3,569,49597
2021,10369,省安徽中医药大学,202,4,4,520,106916
2021,10369,安徽中医药大学,203,2,2,561,57530
2021,10369,安徽中医药大学,204,2,2,504,129030
2021,10370,安徽师范大学,203,3,3,556,62904
2021,10370,东安徽师范大学,204,10,10,553,65767
2021,10370,安徽师范大学,205,5,5,563,55793
2021,10370,安徽师范大学,206,6,6,557,62194
2021,10372,安庆师范大学,202,10,10,506,125934
2021,10373,淮北师范大学,205,4,4,512,117367
2021,10373,淮北师范大学,206,1,1,513,116342
2021,10378,安徽财经大学,202,21,21,548,72157
2021,10378,安徽财经大学,203,7,7,546,73587
2021,10378,安徽财经大学,204,2,2,542,79154
2021,10383,铜陵学院,201,22,22,481,160346
2021,10384,厦门大学,204,12,12,641,4834
2021,10384,厦门大学,205,21,21,645,3874
2021,10384,厦门大学,206,55,55,630,8077
2021,10384,厦门大学,207,22,22,579,39972
2021,10384,厦门大学,208,4,4,570,48199
2021,10384,厦门大学,209,15,15,630,8029
2021,10384,厦门大学,210,4,4,577,41816
2021,10384,厦门大学,211,17,17,630,8165
2021,10385,华侨大学,204,135,135,555,64149
2021,10385,华侨大学,205,15,15,553,66222
2021,10385,华侨大学,206,16,16,551,68350
2021,10386,福州大学,202,32,32,596,26022
2021,10386,福州大学,203,5,5,595,27152
2021,10388,福建工程学院,202,8,8,522,104268
2021,10389,福建农林大学,203,61,61,525,100697
2021,10389,福建农林大学,204,46,46,527,98147
2021,10390,集美大学,202,6,6,559,59517
2021,10390,集美大学,203,8,8,556,62871
2021,10390,集美大学,204,6,6,549,70857
2021,10390,集美大学,205,6,6,551,68792
2021,10392,教福建医科大学,201,5,5,585,34394
2021,10392,福建医科大学,202,4,4,558,60442
2021,10392,福建医科大学,203,4,4,533,90062
2021,10393,福建中医药大学,201,2,2,566,52801
2021,10393,省福建中医药大学,202,2,2,568,50670
2021,10393,福建中医药大学,203,1,1,545,75095
2021,10394,福建师范大学,203,23,23,551,68765
2021,10394,福建师范大学,204,21,21,550,69700
2021,10394,东福建师范大学,205,48,48,555,64185
2021,10394,福建师范大学,206,10,10,541,80601
2021,10394,福建师范大学,207,23,23,531,93019
2021,10395,闽江学院,202,2,2,513,115783
2021,10397,武夷学院,202,11,11,500,133425
2021,10397,武夷学院,203,1,1,499,134878
2021,10399,泉州师范学院,201,16,16,515,113139
2021,10399,泉州师范学院,202,2,2,527,97250
2021,10399,泉州师范学院,203,7,7,507,124045
2021,10399,泉州师范学院,204,2,2,522,104046
2021,10402,闽南师范大学,201,20,20,528,96142
2021,10403,南昌大学,202,46,46,595,26834
2021,10403,南昌大学,203,4,4,594,27268
2021,10403,南昌大学,204,10,10,590,30601
2021,10403,南昌大学,205,7,7,589,31788
2021,10403,南昌大学,206,7,7,595,26827
2021,10403,南昌大学,210,17,17,595,26780
2021,10404,华东交通大学,203,77,77,547,72606
2021,10404,华东交通大学,204,17,17,546,74111
2021,10404,华东交通大学,205,3,3,556,62951
2021,10404,华东交通大学,206,17,17,543,77689
2021,10404,华东交通大学,207,2,2,545,75831
2021,10404,华东交通大学,208,6,6,521,105082
2021,10404,华东交通大学,209,5,5,549,70268
2021,10405,东华理工大学,203,46,46,540,80790
2021,10406,南昌航空大学,202,61,61,547,73413
2021,10406,南昌航空大学,203,4,4,544,76965
2021,10406,南昌航空大学,204,4,4,527,97832
2021,10406,南昌航空大学,205,4,4,554,65176
2021,10406,南昌航空大学,206,34,34,533,89757
2021,10407,教江西理工大学,203,25,25,538,83748
2021,10407,江西理工大学,204,48,48,543,77527
2021,10407,江西理工大学,205,4,4,545,75278
2021,10407,江西理工大学,206,14,14,541,79936
2021,10407,省江西理工大学,207,3,3,529,95008
2021,10407,江西理工大学,208,5,5,542,78826
2021,10407,江西理工大学,209,10,10,546,73898
2021,10408,景德镇陶瓷大学,203,8,8,504,128173
2021,10408,东景德镇陶瓷大学,204,7,7,502,130617
2021,10408,景德镇陶瓷大学,205,1,1,539,81928
2021,10408,景德镇陶瓷大学,206,2,2,502,130923
2021,10410,江西农业大学,204,15,15,535,87801
2021,10410,江西农业大学,206,5,5,530,94001
2021,10410,江西农业大学,207,3,3,530,93340
2021,10410,江西农业大学,208,1,1,541,80545
2021,10410,江西农业大学,209,2,2,529,94715
2021,10410,江西农业大学,210,8,8,532,90597
2021,10412,江西中医药大学,203,7,7,560,59134
2021,10412,江西中医药大学,204,2,2,535,87642
2021,10412,江西中医药大学,205,2,2,542,79201
2021,10412,江西中医药大学,206,3,3,505,127186
2021,10412,江西中医药大学,207,5,5,538,84182
2021,10413,赣南医学院,201,19,19,544,76752
2021,10413,赣南医学院,202,8,8,516,111331
2021,10413,赣南医学院,203,3,3,513,115777
2021,10413,赣南医学院,204,5,5,489,148547
2021,10414,江西师范大学,206,100,100,553,66728
2021,10414,江西师范大学,207,4,4,568,50183
2021,10414,江西师范大学,208,7,7,572,46085
2021,10414,江西师范大学,209,6,6,569,49159
2021,10414,江西师范大学,210,15,15,552,67262
2021,10416,上饶师范学院,205,20,20,488,150707
2021,10416,上饶师范学院,206,8,8,483,156946
2021,10416,上饶师范学院,207,4,4,491,145984
2021,10417,宜春学院,203,3,3,501,131746
2021,10417,宜春学院,204,13,13,516,111300
2021,10417,宜春学院,205,1,1,490,148366
2021,10417,宜春学院,206,5,5,498,136814
2021,10417,教宜春学院,207,1,1,496,138913
2021,10417,宜春学院,208,1,1,494,142299
2021,10418,赣南师范大学,205,22,22,534,87974
2021,10418,赣南师范大学,206,2,2,537,84388
2021,10418,省赣南师范大学,207,2,2,521,105390
2021,10418,赣南师范大学,208,4,4,546,73963
2021,10418,赣南师范大学,213,1,1,538,84024
2021,10419,井冈山大学,204,23,23,512,116867
2021,10419,东井冈山大学,205,4,4,529,94926
2021,10419,井冈山大学,206,4,4,524,101422
2021,10419,井冈山大学,207,13,13,535,86661
2021,10419,井冈山大学,208,2,2,515,112997
2021,10421,江西财经大学,204,27,27,588,31964
2021,10422,山东大学,203,98,98,619,12871
2021,10422,山东大学,204,11,11,621,11853
2021,10422,山东大学,205,7,7,614,15245
2021,10422,山东大学,206,4,4,633,7164
2021,10422,山东大学,207,9,9,615,14803
2021,10423,中国海洋大学,205,2,2,602,22449
2021,10423,中国海洋大学,206,2,2,601,23079
2021,10423,中国海洋大学,207,3,3,597,25561
2021,10423,中国海洋大学,208,3,3,591,29719
2021,10423,中国海洋大学,209,3,3,592,29049
2021,10423,中国海洋大学,210,8,8,605,20131
2021,10423,中国海洋大学,211,22,22,608,18438
2021,10423,中国海洋大学,212,15,15,606,19544
2021,10423,中国海洋大学,213,40,40,613,15837
2021,10423,中国海洋大学,214,22,22,609,17645
2021,10423,中国海洋大学,215,17,17,607,18867
2021,10424,山东科技大学,202,8,8,558,60375
2021,10425,中国石油大学(华东),201,46,46,593,28076
2021,10425,中国石油大学(华东),202,2,2,592,29385
2021,10425,中国石油大学(华东),203,20,20,590,30755
2021,10425,中国石油大学(华东),204,3,3,591,29852
2021,10426,青岛科技大学,201,7,7,539,82853
2021,10426,青岛科技大学,202,3,3,545,75100
2021,10427,济南大学,205,32,32,549,70174
2021,10427,济南大学,206,1,1,554,65526
2021,10427,教济南大学,207,94,94,548,71468
2021,10427,济南大学,208,33,33,543,78182
2021,10427,济南大学,209,6,6,551,68814
2021,10427,济南大学,210,6,6,549,71001
2021,10427,省济南大学,211,6,6,550,69088
2021,10429,青岛理工大学,202,19,19,551,68965
2021,10429,青岛理工大学,203,4,4,546,73999
2021,10429,青岛理工大学,204,2,2,548,72103
2021,10429,东青岛理工大学,205,2,2,551,68417
2021,10429,青岛理工大学,206,1,1,560,58749
2021,10430,山东建筑大学,201,31,31,530,93872
2021,10430,山东建筑大学,202,2,2,525,100089
2021,10431,齐鲁工业大学,203,5,5,529,95470
2021,10433,山东理工大学,202,5,5,545,75627
2021,10433,山东理工大学,203,4,4,538,83978
2021,10433,山东理工大学,204,2,2,538,83760
2021,10433,山东理工大学,205,2,2,534,88943
2021,10433,山东理工大学,206,6,6,534,88185
2021,10434,山东农业大学,202,22,22,515,113176
2021,10434,山东农业大学,203,73,73,520,106074
2021,10435,青岛农业大学,203,3,3,514,114427
2021,10435,青岛农业大学,204,2,2,512,117834
2021,10435,青岛农业大学,205,4,4,516,112035
2021,10435,青岛农业大学,206,3,3,518,109171
2021,10435,青岛农业大学,207,2,2,512,117666
2021,10438,潍坊医学院,201,10,10,542,78967
2021,10438,潍坊医学院,202,4,4,492,144952
2021,10438,潍坊医学院,203,2,2,531,92833
2021,10439,山东第一医科大学,201,5,5,576,42093
2021,10440,滨州医学院,202,2,2,490,147674
2021,10440,滨州医学院,203,1,1,565,53205
2021,10440,滨州医学院,204,5,5,531,92958
2021,10441,山东中医药大学,203,9,9,548,71953
2021,10441,山东中医药大学,204,6,6,552,67131
2021,10441,山东中医药大学,205,2,2,539,82268
2021,10441,山东中医药大学,206,1,1,539,82772
2021,10443,济宁医学院,201,4,4,540,81047
2021,10443,济宁医学院,202,2,2,538,84148
2021,10445,教山东师范大学,205,47,47,550,69777
2021,10445,山东师范大学,206,3,3,577,41383
2021,10445,山东师范大学,207,5,5,559,59404
2021,10445,山东师范大学,208,9,9,553,65870
2021,10445,省山东师范大学,209,5,5,523,103072
2021,10447,聊城大学,201,5,5,518,109249
2021,10449,滨州学院,201,5,5,487,151321
2021,10451,鲁东大学,202,11,11,512,116859
2021,10452,东临沂大学,202,15,15,513,116137
2021,10453,泰山学院,202,5,5,486,152785
2021,10455,菏泽学院,203,2,2,484,155407
2021,10455,菏泽学院,204,1,1,507,124179
2021,10456,山东财经大学,203,8,8,551,68601
2021,10459,郑州大学,203,4,4,600,23232
2021,10459,郑州大学,204,1,1,601,22603
2021,10459,郑州大学,205,7,7,603,21403
2021,10459,郑州大学,206,14,14,595,26592
2021,10459,郑州大学,207,4,4,596,26032
2021,10460,河南理工大学,202,16,16,544,76460
2021,10460,河南理工大学,203,2,2,522,104483
2021,10460,河南理工大学,204,5,5,540,81592
2021,10462,郑州轻工业大学,202,85,85,518,109516
2021,10462,郑州轻工业大学,203,4,4,515,113499
2021,10462,郑州轻工业大学,204,16,16,491,146313
2021,10463,河南工业大学,203,7,7,543,77722
2021,10463,河南工业大学,204,20,20,532,91714
2021,10463,河南工业大学,205,4,4,535,87738
2021,10463,河南工业大学,206,10,10,540,81473
2021,10463,河南工业大学,207,4,4,494,142232
2021,10463,河南工业大学,208,2,2,531,93001
2021,10464,河南科技大学,202,4,4,537,84413
2021,10464,河南科技大学,203,31,31,545,75113
2021,10464,河南科技大学,204,6,6,540,81680
2021,10464,河南科技大学,205,8,8,545,75064
2021,10464,河南科技大学,206,6,6,520,105993
2021,10464,河南科技大学,207,6,6,533,89698
2021,10464,河南科技大学,209,3,3,542,78508
2021,10464,河南科技大学,210,7,7,554,65169
2021,10465,教中原工学院,202,3,3,498,136335
2021,10465,中原工学院,203,3,3,508,122453
2021,10466,河南农业大学,203,2,2,534,88483
2021,10466,河南农业大学,204,6,6,525,99800
2021,10466,省河南农业大学,205,2,2,517,110495
2021,10466,河南农业大学,206,2,2,523,102571
2021,10471,河南中医药大学,203,5,5,542,78873
2021,10471,河南中医药大学,204,3,3,530,93376
2021,10471,东河南中医药大学,205,3,3,514,114138
2021,10472,新乡医学院,201,24,24,538,84078
2021,10475,河南大学,206,59,59,559,60097
2021,10475,河南大学,207,5,5,568,50056
2021,10475,河南大学,209,3,3,558,60584
2021,10475,河南大学,210,19,19,567,51385
2021,10475,河南大学,211,26,26,543,77696
2021,10475,河南大学,212,5,5,532,90842
2021,10475,河南大学,213,3,3,530,93327
2021,10476,河南师范大学,202,5,5,563,55578
2021,10476,河南师范大学,203,5,5,540,80622
2021,10477,信阳师范学院,202,4,4,481,160173
2021,10477,信阳师范学院,203,5,5,484,155808
2021,10478,周口师范学院,202,8,8,487,151416
2021,10481,南阳师范学院,203,12,12,485,154850
2021,10481,南阳师范学院,204,2,2,495,140898
2021,10481,南阳师范学院,205,4,4,495,141050
2021,10481,南阳师范学院,206,14,14,488,150058
2021,10481,南阳师范学院,207,5,5,483,157388
2021,10482,洛阳师范学院,202,8,8,513,116390
2021,10482,洛阳师范学院,203,4,4,505,126344
2021,10483,商丘师范学院,202,7,7,487,151315
2021,10483,商丘师范学院,203,2,2,496,140068
2021,10483,商丘师范学院,204,4,4,485,154460
2021,10484,河南财经政法大学,204,8,8,546,74162
2021,10484,河南财经政法大学,205,2,2,516,112279
2021,10484,河南财经政法大学,206,3,3,509,121751
2021,10485,郑州航空工业管理学院,202,13,13,504,128381
2021,10485,郑州航空工业管理学院,203,4,4,507,123542
2021,10486,武汉大学,203,156,156,649,3229
2021,10486,教武汉大学,204,61,61,648,3442
2021,10486,武汉大学,205,4,4,642,4703
2021,10486,武汉大学,206,6,6,639,5450
2021,10487,华中科技大学,202,137,137,647,3464
2021,10487,省华中科技大学,203,17,17,641,4738
2021,10487,华中科技大学,204,18,18,653,2463
2021,10487,华中科技大学,205,10,10,620,11977
2021,10488,武汉科技大学,202,12,12,564,54093
2021,10488,东武汉科技大学,203,11,11,563,55377
2021,10488,武汉科技大学,204,34,34,577,41221
2021,10488,武汉科技大学,205,23,23,562,56362
2021,10489,长江大学,202,18,18,548,72282
2021,10489,长江大学,204,5,5,499,134548
2021,10490,武汉工程大学,201,14,14,565,53026
2021,10490,武汉工程大学,202,8,8,556,62430
2021,10490,武汉工程大学,203,2,2,538,84193
2021,10490,武汉工程大学,204,2,2,525,100295
2021,10491,中国地质大学(武汉),203,98,98,597,25442
2021,10491,中国地质大学(武汉),204,3,3,595,27168
2021,10491,中国地质大学(武汉),205,21,21,593,28487
2021,10495,武汉纺织大学,202,13,13,530,93409
2021,10495,武汉纺织大学,203,6,6,468,178109
2021,10495,武汉纺织大学,204,12,12,542,78846
2021,10496,武汉轻工大学,202,8,8,553,66031
2021,10496,武汉轻工大学,203,4,4,551,68930
2021,10497,武汉理工大学,204,25,25,602,22006
2021,10497,武汉理工大学,205,22,22,599,24365
2021,10497,武汉理工大学,206,191,191,603,21408
2021,10497,武汉理工大学,207,8,8,593,28222
2021,10497,武汉理工大学,208,4,4,591,29503
2021,10500,湖北工业大学,202,46,46,554,65537
2021,10500,湖北工业大学,203,49,49,550,69407
2021,10500,湖北工业大学,204,55,55,503,130312
2021,10504,华中农业大学,202,37,37,593,27982
2021,10504,华中农业大学,203,6,6,593,28631
2021,10504,华中农业大学,204,15,15,594,27253
2021,10507,湖北中医药大学,203,6,6,565,53305
2021,10507,湖北中医药大学,204,6,6,541,80440
2021,10507,教湖北中医药大学,205,13,13,546,74143
2021,10507,湖北中医药大学,206,6,6,539,81891
2021,10511,华中师范大学,204,27,27,616,14075
2021,10511,华中师范大学,205,7,7,616,14014
2021,10511,省华中师范大学,206,2,2,629,8569
2021,10511,华中师范大学,207,22,22,610,17319
2021,10512,湖北大学,202,60,60,557,62147
2021,10512,湖北大学,203,23,23,553,65705
2021,10512,东湖北大学,204,14,14,554,64665
2021,10512,湖北大学,205,6,6,501,132314
2021,10512,湖北大学,206,10,10,549,71177
2021,10513,湖北师范大学,202,6,6,548,72165
2021,10519,湖北文理学院,202,10,10,508,122967
2021,10520,中南财经政法大学,202,3,3,632,7492
2021,10520,中南财经政法大学,203,125,125,605,20085
2021,10522,武汉体育学院,202,2,2,505,127292
2021,10522,武汉体育学院,203,2,2,516,112502
2021,10524,中南民族大学,204,8,8,553,66293
2021,10524,中南民族大学,205,7,7,540,81758
2021,10524,中南民族大学,206,9,9,541,80444
2021,10524,中南民族大学,207,4,4,537,85306
2021,10525,湖北汽车工业学院,201,2,2,504,127957
2021,10525,湖北汽车工业学院,202,4,4,497,138741
2021,10528,湖北工程学院,202,7,7,517,111144
2021,10528,湖北工程学院,203,1,1,529,94576
2021,10530,湘潭大学,202,32,32,580,38638
2021,10531,吉首大学,203,6,6,530,93772
2021,10531,吉首大学,204,4,4,525,99956
2021,10531,吉首大学,205,4,4,533,90384
2021,10532,湖南大学,203,183,183,621,11810
2021,10532,湖南大学,204,26,26,614,15224
2021,10532,湖南大学,205,8,8,617,13487
2021,10533,中南大学,202,167,167,618,12936
2021,10533,中南大学,203,115,115,612,16300
2021,10533,中南大学,204,20,20,623,10969
2021,10533,中南大学,205,3,3,663,1234
2021,10534,湖南科技大学,204,170,170,548,71432
2021,10534,湖南科技大学,205,19,19,546,74349
2021,10534,教湖南科技大学,206,10,10,552,67294
2021,10534,湖南科技大学,207,2,2,554,65573
2021,10534,湖南科技大学,208,1,1,555,63919
2021,10536,长沙理工大学,202,204,204,557,61822
2021,10536,省长沙理工大学,203,10,10,555,64237
2021,10536,长沙理工大学,204,13,13,551,68370
2021,10536,长沙理工大学,205,5,5,560,59140
2021,10536,长沙理工大学,206,2,2,548,72017
2021,10536,东长沙理工大学,207,2,2,548,72073
2021,10537,湖南农业大学,207,16,16,546,74370
2021,10537,湖南农业大学,208,22,22,500,133277
2021,10537,湖南农业大学,209,3,3,520,107265
2021,10537,湖南农业大学,211,77,77,545,75433
2021,10537,湖南农业大学,212,15,15,542,78483
2021,10537,湖南农业大学,213,26,26,542,78226
2021,10537,湖南农业大学,214,17,17,548,72405
2021,10537,湖南农业大学,215,3,3,549,70510
2021,10537,湖南农业大学,216,4,4,545,75757
2021,10537,湖南农业大学,217,5,5,537,84497
2021,10537,湖南农业大学,218,2,2,553,66544
2021,10537,湖南农业大学,219,3,3,550,69637
2021,10538,中南林业科技大学,203,93,93,547,73526
2021,10538,中南林业科技大学,204,37,37,541,80247
2021,10538,中南林业科技大学,205,3,3,549,70461
2021,10541,湖南中医药大学,201,16,16,577,41519
2021,10541,湖南中医药大学,202,6,6,555,63794
2021,10541,湖南中医药大学,203,3,3,570,47910
2021,10541,湖南中医药大学,204,12,12,571,46936
2021,10541,湖南中医药大学,205,1,1,552,66817
2021,10541,湖南中医药大学,206,2,2,547,73149
2021,10542,湖南师范大学,202,41,41,596,25880
2021,10542,湖南师范大学,203,12,12,596,26397
2021,10542,湖南师范大学,204,10,10,593,28128
2021,10543,湖南理工学院,202,28,28,538,83077
2021,10543,湖南理工学院,203,3,3,485,155225
2021,10545,湘南学院,202,8,8,506,125815
2021,10545,湘南学院,203,14,14,511,118099
2021,10546,衡阳师范学院,202,19,19,520,107193
2021,10546,教衡阳师范学院,203,3,3,517,110287
2021,10546,衡阳师范学院,204,3,3,532,91446
2021,10547,邵阳学院,206,1,1,499,135658
2021,10547,邵阳学院,207,8,8,492,144821
2021,10547,省邵阳学院,208,3,3,491,146655
2021,10547,邵阳学院,209,2,2,495,140419
2021,10547,邵阳学院,210,3,3,534,88967
2021,10547,邵阳学院,211,27,27,492,145016
2021,10547,东邵阳学院,212,2,2,494,142067
2021,10548,怀化学院,204,2,2,505,126398
2021,10548,怀化学院,205,2,2,499,134571
2021,10548,怀化学院,206,5,5,492,144415
2021,10549,湖南文理学院,205,2,2,500,133158
2021,10549,湖南文理学院,206,6,6,504,127941
2021,10551,湖南科技学院,203,2,2,496,138973
2021,10551,湖南科技学院,204,22,22,505,127620
2021,10553,湖南人文科技学院,203,17,17,490,147322
2021,10554,湖南工商大学,202,7,7,550,69301
2021,10555,南华大学,202,364,364,537,84264
2021,10555,南华大学,203,34,34,564,54413
2021,10555,南华大学,204,14,14,534,88917
2021,10555,南华大学,205,31,31,535,86677
2021,10558,中山大学,202,1895,1895,632,7427
2021,10558,中山大学,203,605,605,632,7291
2021,10558,中山大学,204,433,433,629,8332
2021,10559,暨南大学,207,80,46,573,44951
2021,10559,暨南大学,208,213,213,612,16466
2021,10559,暨南大学,209,59,59,609,17976
2021,10559,暨南大学,210,173,173,607,18912
2021,10559,暨南大学,211,622,622,610,17232
2021,10559,暨南大学,212,69,69,601,22973
2021,10559,暨南大学,213,146,146,603,21377
2021,10559,暨南大学,214,127,127,607,18988
2021,10559,暨南大学,215,281,281,601,22946
2021,10560,汕头大学,202,1316,1316,562,56875
2021,10560,汕头大学,203,55,55,563,55876
2021,10560,汕头大学,204,138,138,559,59536
2021,10560,汕头大学,207,23,23,553,66495
2021,10560,教汕头大学,208,4,4,552,67092
2021,10560,汕头大学,209,4,4,548,71616
2021,10561,华南理工大学,202,2160,2163,622,11219
2021,10561,华南理工大学,203,508,509,615,14591
2021,10561,省华南理工大学,204,194,194,617,13401
2021,10564,华南农业大学,211,148,148,569,49477
2021,10564,华南农业大学,212,86,86,570,48602
2021,10564,华南农业大学,213,98,98,565,53221
2021,10564,东华南农业大学,214,2203,2203,571,47064
2021,10564,华南农业大学,215,110,110,550,69125
2021,10564,华南农业大学,216,92,92,533,90336
2021,10564,华南农业大学,217,44,44,542,78791
2021,10564,华南农业大学,234,332,332,541,80576
2021,10564,华南农业大学,252,27,27,584,35264
2021,10564,华南农业大学,253,131,131,570,48559
2021,10564,华南农业大学,271,106,106,535,87292
2021,10564,华南农业大学,291,167,167,563,55863
2021,10564,华南农业大学,294,271,271,563,55497
2021,10564,华南农业大学,298,122,122,577,41942
2021,10564,华南农业大学,299,27,27,588,32655
2021,10566,广东海洋大学,201,386,386,507,124067
2021,10566,广东海洋大学,202,40,40,519,108368
2021,10566,广东海洋大学,203,1857,1857,515,113888
2021,10566,广东海洋大学,204,30,30,531,92640
2021,10566,广东海洋大学,205,538,538,533,89973
2021,10566,广东海洋大学,206,10,10,515,113328
2021,10566,广东海洋大学,207,184,184,501,131947
2021,10566,广东海洋大学,209,366,366,498,136702
2021,10566,广东海洋大学,211,605,605,484,156382
2021,10566,广东海洋大学,213,199,199,505,127090
2021,10566,广东海洋大学,215,297,297,506,125816
2021,10566,广东海洋大学,217,1036,1036,512,117341
2021,10566,广东海洋大学,219,35,35,520,106100
2021,10566,广东海洋大学,221,14,14,515,113617
2021,10566,广东海洋大学,223,114,114,497,137732
2021,10566,广东海洋大学,291,211,211,509,120890
2021,10566,广东海洋大学,292,140,140,532,90712
2021,10566,广东海洋大学,293,70,70,507,123712
2021,10566,教广东海洋大学,294,189,189,503,129225
2021,10570,广州医科大学,201,1230,1230,569,49621
2021,10570,广州医科大学,202,174,174,555,64122
2021,10570,广州医科大学,203,129,129,551,68582
2021,10570,省广州医科大学,204,25,25,562,56573
2021,10570,广州医科大学,205,10,10,547,73242
2021,10570,广州医科大学,206,10,10,530,93417
2021,10571,广东医科大学,201,1347,1347,548,72178
2021,10571,东广东医科大学,202,572,572,528,95679
2021,10571,广东医科大学,203,358,358,525,99755
2021,10571,广东医科大学,204,1099,1099,508,123242
2021,10571,广东医科大学,208,67,67,546,73856
2021,10571,广东医科大学,210,19,19,522,104636
2021,10571,广东医科大学,211,70,70,505,126738
2021,10571,广东医科大学,212,35,35,500,134525
2021,10571,广东医科大学,213,35,35,506,125553
2021,10572,广州中医药大学,201,107,107,603,21820
2021,10572,广州中医药大学,202,485,485,571,47696
2021,10572,广州中医药大学,203,594,594,547,72719
2021,10572,广州中医药大学,204,102,102,550,69901
2021,10572,广州中医药大学,205,89,89,558,60184
2021,10572,广州中医药大学,206,15,15,556,63057
2021,10572,广州中医药大学,207,20,20,541,79577
2021,10572,广州中医药大学,208,5,5,528,96572
2021,10572,广州中医药大学,217,75,75,546,74170
2021,10573,广东药科大学,205,1600,1600,508,122620
2021,10573,广东药科大学,207,3050,3050,516,111868
2021,10573,广东药科大学,208,625,625,506,125920
2021,10574,华南师范大学,211,470,470,608,18252
2021,10574,华南师范大学,212,30,30,605,20023
2021,10574,华南师范大学,213,53,53,608,18606
2021,10574,华南师范大学,214,140,140,605,20226
2021,10574,华南师范大学,215,21,21,611,16968
2021,10574,华南师范大学,216,55,55,577,41153
2021,10574,华南师范大学,217,15,15,593,28467
2021,10574,华南师范大学,218,204,204,571,47107
2021,10574,华南师范大学,219,45,45,590,30746
2021,10574,华南师范大学,220,181,181,589,31039
2021,10574,教华南师范大学,221,1845,1845,598,24840
2021,10574,华南师范大学,222,28,28,597,25430
2021,10574,华南师范大学,223,113,113,595,26996
2021,10574,华南师范大学,224,80,80,596,25830
2021,10574,省华南师范大学,225,70,70,599,24366
2021,10576,韶关学院,201,197,197,492,145512
2021,10576,韶关学院,202,51,51,500,133201
2021,10576,韶关学院,203,62,62,491,146568
2021,10576,东韶关学院,204,431,431,497,138020
2021,10576,韶关学院,205,30,30,484,155929
2021,10576,韶关学院,206,18,18,489,149527
2021,10576,韶关学院,207,116,116,497,137937
2021,10576,韶关学院,209,731,731,494,142256
2021,10576,韶关学院,210,1232,1232,493,143155
2021,10576,韶关学院,211,40,40,485,154292
2021,10576,韶关学院,212,40,40,494,141843
2021,10576,韶关学院,213,40,40,492,144359
2021,10576,韶关学院,214,30,30,480,160950
2021,10576,韶关学院,215,30,30,489,149250
2021,10576,韶关学院,216,40,40,500,133706
2021,10576,韶关学院,217,182,182,498,136892
2021,10576,韶关学院,218,116,116,498,137127
2021,10576,韶关学院,219,365,365,486,152691
2021,10577,惠州学院,221,94,94,499,135275
2021,10577,惠州学院,222,14,14,516,112675
2021,10577,惠州学院,223,157,157,498,136681
2021,10577,惠州学院,224,62,62,503,129357
2021,10577,惠州学院,225,103,103,510,120035
2021,10577,惠州学院,226,76,76,519,108460
2021,10577,惠州学院,227,10,10,528,96827
2021,10577,惠州学院,228,92,92,505,126905
2021,10577,惠州学院,229,484,484,517,110372
2021,10577,惠州学院,230,196,196,509,121713
2021,10577,惠州学院,231,25,25,529,94459
2021,10577,惠州学院,232,97,97,523,102882
2021,10577,惠州学院,233,72,72,524,101542
2021,10577,惠州学院,234,32,32,514,114757
2021,10577,惠州学院,235,222,222,505,126551
2021,10577,教惠州学院,236,265,265,515,113178
2021,10577,惠州学院,237,435,435,512,117368
2021,10577,惠州学院,238,129,129,507,123810
2021,10578,韩山师范学院,201,156,156,491,146328
2021,10578,省韩山师范学院,202,44,44,508,123416
2021,10578,韩山师范学院,203,175,175,493,142884
2021,10578,韩山师范学院,204,55,55,501,132008
2021,10578,韩山师范学院,205,2067,2067,491,146398
2021,10578,东韩山师范学院,209,50,50,488,150659
2021,10578,韩山师范学院,210,20,20,493,143806
2021,10578,韩山师范学院,211,25,25,486,153038
2021,10578,韩山师范学院,212,50,50,486,152835
2021,10578,韩山师范学院,214,15,15,483,156939
2021,10578,韩山师范学院,215,100,100,485,154051
2021,10579,岭南师范学院,208,275,275,506,125377
2021,10579,岭南师范学院,209,620,620,488,149756
2021,10579,岭南师范学院,210,107,107,513,116258
2021,10579,岭南师范学院,211,808,808,497,137473
2021,10579,岭南师范学院,212,185,185,495,140430
2021,10579,岭南师范学院,213,94,94,493,143844
2021,10579,岭南师范学院,214,153,153,518,109089
2021,10579,岭南师范学院,215,1175,1175,501,132855
2021,10579,岭南师范学院,216,50,50,463,184447
2021,10579,岭南师范学院,217,40,40,486,152719
2021,10579,岭南师范学院,225,50,50,488,150786
2021,10580,肇庆学院,207,1794,1794,498,137387
2021,10580,肇庆学院,208,30,30,511,119294
2021,10580,肇庆学院,209,75,75,505,126704
2021,10580,肇庆学院,220,20,20,500,133271
2021,10580,肇庆学院,221,659,659,489,148730
2021,10580,肇庆学院,222,15,15,508,122504
2021,10580,肇庆学院,223,1246,1246,490,147644
2021,10580,肇庆学院,224,165,165,512,116754
2021,10580,肇庆学院,225,881,881,484,155555
2021,10582,嘉应学院,201,146,146,497,137602
2021,10582,嘉应学院,202,350,350,486,152782
2021,10582,嘉应学院,203,50,50,493,142955
2021,10582,嘉应学院,204,389,389,493,143872
2021,10582,教嘉应学院,205,1360,1360,490,147893
2021,10582,嘉应学院,206,360,360,486,152922
2021,10582,嘉应学院,207,105,105,496,138822
2021,10582,嘉应学院,208,8,8,500,133325
2021,10582,省嘉应学院,209,28,28,493,143534
2021,10582,嘉应学院,210,22,22,500,133216
2021,10582,嘉应学院,211,50,50,484,156550
2021,10582,嘉应学院,212,50,50,485,154224
2021,10585,东广州体育学院,202,25,25,503,130391
2021,10585,广州体育学院,207,21,21,501,131836
2021,10586,广州美术学院,200,62,62,552,67624
2021,10587,星海音乐学院,203,4,4,542,78909
2021,10588,广东技术师范大学,202,26,26,514,114551
2021,10588,广东技术师范大学,203,150,150,404,249972
2021,10588,广东技术师范大学,204,5,5,401,252814
2021,10588,广东技术师范大学,205,90,90,491,145839
2021,10588,广东技术师范大学,206,40,40,506,125905
2021,10588,广东技术师范大学,207,350,350,497,137525
2021,10589,海南大学,205,13,13,594,27303
2021,10589,海南大学,206,1,1,602,22168
2021,10589,海南大学,207,4,4,553,66430
2021,10589,海南大学,208,31,31,593,28195
2021,10589,海南大学,209,3,3,591,29499
2021,10589,海南大学,210,15,15,590,30803
2021,10589,海南大学,211,2,2,588,32118
2021,10589,海南大学,212,1,1,583,36555
2021,10590,深圳大学,226,5,5,600,23361
2021,10590,深圳大学,227,5,5,602,22240
2021,10590,深圳大学,228,5,5,601,23052
2021,10590,深圳大学,229,5,5,600,23381
2021,10590,深圳大学,230,120,120,597,25103
2021,10590,深圳大学,231,29,29,610,17351
2021,10590,深圳大学,232,413,413,608,18239
2021,10590,深圳大学,233,55,55,605,20552
2021,10590,深圳大学,234,158,158,600,23413
2021,10590,深圳大学,235,69,69,596,26018
2021,10590,深圳大学,236,98,98,597,25796
2021,10590,深圳大学,237,235,235,606,19969
2021,10590,教深圳大学,238,175,175,621,11608
2021,10590,深圳大学,239,22,22,607,19237
2021,10590,深圳大学,240,85,85,608,18648
2021,10590,深圳大学,241,24,24,619,12782
2021,10590,省深圳大学,242,107,107,609,18130
2021,10590,深圳大学,243,35,35,602,22345
2021,10590,深圳大学,244,20,20,597,25532
2021,10590,深圳大学,245,103,103,597,25581
2021,10590,东深圳大学,246,63,63,601,22921
2021,10590,深圳大学,247,71,71,594,27380
2021,10590,深圳大学,248,146,146,606,19897
2021,10590,深圳大学,249,27,27,599,24232
2021,10590,深圳大学,251,30,30,604,20874
2021,10590,深圳大学,252,301,301,602,22256
2021,10590,深圳大学,253,264,264,596,26405
2021,10590,深圳大学,254,90,90,599,23867
2021,10590,深圳大学,255,8,8,618,13019
2021,10590,深圳大学,256,8,8,616,14237
2021,10590,深圳大学,257,4,4,611,16874
2021,10590,深圳大学,258,4,4,612,16391
2021,10590,深圳大学,260,10,10,579,39359
2021,10590,深圳大学,261,15,15,598,24955
2021,10590,深圳大学,262,5,5,589,31189
2021,10590,深圳大学,263,15,15,576,42092
2021,10590,深圳大学,264,15,15,589,31295
2021,10590,深圳大学,265,10,10,608,18233
2021,10590,深圳大学,266,10,10,595,26545
2021,10590,深圳大学,267,10,10,576,42609
2021,10590,深圳大学,268,5,5,596,25851
2021,10590,深圳大学,269,20,20,568,49780
2021,10590,深圳大学,270,25,25,584,35636
2021,10590,深圳大学,271,15,15,586,34106
2021,10590,深圳大学,272,10,10,518,108747
2021,10592,广东财经大学,202,4190,4190,551,68053
2021,10592,广东财经大学,204,194,194,524,101736
2021,10592,广东财经大学,206,115,115,550,69006
2021,10592,广东财经大学,210,20,20,554,65582
2021,10592,广东财经大学,211,10,10,537,84248
2021,10593,教广西大学,201,70,70,587,33325
2021,10594,广西科技大学,201,10,10,515,113287
2021,10594,广西科技大学,202,37,37,522,104371
2021,10594,广西科技大学,203,2,2,533,89307
2021,10594,省广西科技大学,204,4,4,519,107618
2021,10595,桂林电子科技大学,202,52,52,549,71216
2021,10595,桂林电子科技大学,203,48,48,552,67299
2021,10595,桂林电子科技大学,204,9,9,535,87550
2021,10595,东桂林电子科技大学,206,7,7,387,264635
2021,10596,桂林理工大学,202,16,16,529,95274
2021,10596,桂林理工大学,203,20,20,537,84389
2021,10596,桂林理工大学,204,12,12,528,96526
2021,10596,桂林理工大学,206,5,5,533,90226
2021,10596,桂林理工大学,207,2,2,534,88962
2021,10598,广西医科大学,202,6,6,582,37318
2021,10598,广西医科大学,203,2,2,557,62226
2021,10598,广西医科大学,204,6,6,521,104803
2021,10598,广西医科大学,205,2,2,521,105316
2021,10599,右江民族医学院,203,11,11,539,82830
2021,10599,右江民族医学院,204,7,7,506,125092
2021,10599,右江民族医学院,205,1,1,538,83406
2021,10599,右江民族医学院,206,4,4,505,126884
2021,10599,右江民族医学院,207,1,1,524,101213
2021,10599,右江民族医学院,208,4,4,491,145748
2021,10600,广西中医药大学,205,5,5,561,57364
2021,10600,广西中医药大学,206,6,6,564,54148
2021,10600,广西中医药大学,207,3,3,551,68849
2021,10600,广西中医药大学,208,2,2,538,83168
2021,10600,广西中医药大学,209,4,4,523,102123
2021,10600,广西中医药大学,210,1,1,562,56912
2021,10600,广西中医药大学,211,1,1,563,55765
2021,10601,桂林医学院,201,15,15,541,80280
2021,10601,桂林医学院,202,2,2,517,110658
2021,10602,广西师范大学,204,24,24,554,64914
2021,10602,广西师范大学,205,5,5,553,65735
2021,10602,广西师范大学,206,4,4,562,56576
2021,10602,广西师范大学,207,2,2,567,51663
2021,10603,南宁师范大学,202,19,19,528,96088
2021,10603,教南宁师范大学,203,5,5,546,73972
2021,10603,南宁师范大学,204,2,2,509,121844
2021,10603,南宁师范大学,205,4,4,543,77606
2021,10603,南宁师范大学,206,4,4,507,123873
2021,10605,省河池学院,201,5,5,488,151101
2021,10605,河池学院,202,5,5,483,157968
2021,10606,玉林师范学院,202,30,30,488,150773
2021,10606,玉林师范学院,203,5,5,485,153924
2021,10606,东玉林师范学院,204,5,5,486,153271
2021,10606,玉林师范学院,205,10,10,485,154899
2021,10607,广西艺术学院,202,8,8,500,133749
2021,10608,广西民族大学,203,27,27,527,97879
2021,10608,广西民族大学,205,4,4,531,92787
2021,10608,广西民族大学,206,1,1,521,105898
2021,10608,广西民族大学,207,2,2,512,117236
2021,10608,广西民族大学,208,7,7,520,107138
2021,10610,四川大学,202,73,73,625,10145
2021,10610,四川大学,203,27,27,629,8448
2021,10610,四川大学,204,6,6,632,7507
2021,10610,四川大学,205,16,16,627,9426
2021,10610,四川大学,206,6,6,615,14869
2021,10611,重庆大学,202,104,104,617,13422
2021,10611,重庆大学,203,6,6,615,14339
2021,10611,重庆大学,204,5,5,613,15670
2021,10613,西南交通大学,203,8,8,602,22249
2021,10613,西南交通大学,204,2,2,592,29441
2021,10613,西南交通大学,205,92,92,606,19959
2021,10613,西南交通大学,206,9,9,606,19517
2021,10613,西南交通大学,207,3,3,609,17954
2021,10613,西南交通大学,208,5,5,605,20176
2021,10613,西南交通大学,209,1,1,606,19925
2021,10614,电子科技大学,201,127,127,635,6467
2021,10615,西南石油大学,204,48,48,560,59092
2021,10615,西南石油大学,205,19,19,564,53907
2021,10615,西南石油大学,206,4,4,565,53362
2021,10615,西南石油大学,207,8,8,557,61422
2021,10615,西南石油大学,208,13,13,556,63083
2021,10616,成都理工大学,204,21,21,578,40248
2021,10616,教成都理工大学,205,25,25,571,47511
2021,10616,成都理工大学,206,32,32,566,52568
2021,10616,成都理工大学,207,33,33,566,52268
2021,10616,成都理工大学,208,4,4,572,46747
2021,10616,省成都理工大学,209,3,3,566,52059
2021,10617,重庆邮电大学,201,114,114,585,34989
2021,10617,重庆邮电大学,202,10,10,568,50178
2021,10617,重庆邮电大学,205,2,2,584,35571
2021,10618,东重庆交通大学,204,104,104,550,69511
2021,10618,重庆交通大学,205,13,13,549,70509
2021,10618,重庆交通大学,206,6,6,550,69857
2021,10618,重庆交通大学,207,3,3,559,60089
2021,10619,西南科技大学,204,12,12,541,80393
2021,10619,西南科技大学,205,14,14,541,79967
2021,10621,成都信息工程大学,202,63,63,557,61457
2021,10622,四川轻化工大学,203,2,2,538,84066
2021,10622,四川轻化工大学,204,2,2,516,111844
2021,10622,四川轻化工大学,205,2,2,531,92892
2021,10622,四川轻化工大学,206,2,2,527,98016
2021,10622,四川轻化工大学,207,4,4,523,102696
2021,10622,四川轻化工大学,208,2,2,541,79475
2021,10623,西华大学,202,4,4,539,82283
2021,10623,西华大学,203,28,28,544,76389
2021,10623,西华大学,204,1,1,433,220760
2021,10624,中国民用航空飞行学院,203,27,27,521,105515
2021,10624,中国民用航空飞行学院,204,39,39,514,114988
2021,10624,中国民用航空飞行学院,205,38,38,512,117400
2021,10624,中国民用航空飞行学院,206,25,25,521,104846
2021,10624,中国民用航空飞行学院,207,11,11,482,158240
2021,10624,中国民用航空飞行学院,208,7,7,516,112305
2021,10624,中国民用航空飞行学院,209,1,1,506,125658
2021,10624,中国民用航空飞行学院,210,1,1,548,72403
2021,10626,四川农业大学,201,46,46,582,36860
2021,10626,四川农业大学,202,3,3,577,41735
2021,10626,四川农业大学,203,22,22,580,39342
2021,10626,四川农业大学,204,3,3,590,30279
2021,10631,重庆医科大学,202,23,23,590,30981
2021,10631,重庆医科大学,203,4,4,574,44758
2021,10631,教重庆医科大学,204,3,3,592,29316
2021,10631,重庆医科大学,205,1,1,633,7179
2021,10632,西南医科大学,201,5,5,563,55136
2021,10633,成都中医药大学,203,12,12,570,48187
2021,10633,省成都中医药大学,204,10,10,548,71934
2021,10633,成都中医药大学,205,4,4,546,74488
2021,10634,川北医学院,202,15,15,543,77474
2021,10635,西南大学,204,19,19,606,19970
2021,10635,东西南大学,205,4,4,603,21523
2021,10635,西南大学,206,4,4,602,22398
2021,10635,西南大学,207,26,26,590,30526
2021,10635,西南大学,208,13,13,573,45670
2021,10636,四川师范大学,207,42,42,557,62217
2021,10636,四川师范大学,208,2,2,559,59409
2021,10636,四川师范大学,209,6,6,564,53998
2021,10636,四川师范大学,210,5,5,564,54577
2021,10636,四川师范大学,211,10,10,557,62367
2021,10637,重庆师范大学,203,1,1,584,35483
2021,10637,重庆师范大学,204,18,18,554,64796
2021,10637,重庆师范大学,205,6,6,547,73545
2021,10638,西华师范大学,203,34,34,516,112316
2021,10638,西华师范大学,204,8,8,529,94573
2021,10638,西华师范大学,205,5,5,515,113396
2021,10638,西华师范大学,206,3,3,538,83362
2021,10644,四川文理学院,202,3,3,491,146924
2021,10647,长江师范学院,202,9,9,481,159705
2021,10647,长江师范学院,203,2,2,511,118159
2021,10649,乐山师范学院,203,10,10,490,147964
2021,10649,乐山师范学院,204,3,3,490,147539
2021,10649,乐山师范学院,205,3,3,492,145561
2021,10650,四川外国语大学,205,9,9,576,42671
2021,10650,四川外国语大学,206,4,4,568,50162
2021,10650,四川外国语大学,207,2,2,561,57596
2021,10650,四川外国语大学,208,3,3,536,86189
2021,10651,西南财经大学,206,45,45,612,16236
2021,10651,西南财经大学,207,3,3,599,23896
2021,10651,西南财经大学,208,2,2,609,17813
2021,10651,西南财经大学,209,4,4,607,18823
2021,10651,教西南财经大学,210,4,4,606,19655
2021,10651,西南财经大学,211,2,2,601,23048
2021,10652,西南政法大学,203,80,80,618,13320
2021,10652,西南政法大学,204,4,4,619,12551
2021,10654,省四川音乐学院,203,5,5,517,110827
2021,10654,四川音乐学院,204,2,2,540,80914
2021,10655,四川美术学院,202,1,1,573,45512
2021,10655,四川美术学院,203,3,3,552,67449
2021,10656,东西南民族大学,202,40,40,542,78991
2021,10656,西南民族大学,205,21,21,541,80369
2021,10656,西南民族大学,206,4,4,543,77342
2021,10657,贵州大学,202,12,12,588,32055
2021,10657,贵州大学,204,2,2,587,33062
2021,10657,贵州大学,205,5,5,584,35845
2021,10657,贵州大学,206,3,3,579,39590
2021,10660,贵州医科大学,201,5,5,570,48321
2021,10660,贵州医科大学,202,2,2,541,79645
2021,10661,遵义医科大学,204,253,253,539,82863
2021,10661,遵义医科大学,205,3,3,519,108520
2021,10661,遵义医科大学,206,5,5,526,98816
2021,10661,遵义医科大学,207,38,38,502,131490
2021,10662,贵州中医药大学,203,2,2,532,90908
2021,10662,贵州中医药大学,204,4,4,549,70419
2021,10662,贵州中医药大学,205,6,6,521,104671
2021,10662,贵州中医药大学,206,2,2,479,163197
2021,10667,安顺学院,203,1,1,506,125099
2021,10667,安顺学院,204,1,1,517,110414
2021,10667,安顺学院,205,1,1,488,150604
2021,10667,安顺学院,206,1,1,492,144497
2021,10669,凯里学院,202,7,7,487,152355
2021,10669,凯里学院,203,6,6,482,159389
2021,10670,黔南民族师范学院,201,2,2,482,158977
2021,10671,贵州财经大学,202,1,1,546,74419
2021,10671,贵州财经大学,203,2,2,524,101795
2021,10673,云南大学,202,34,34,595,26977
2021,10673,云南大学,203,10,10,592,29089
2021,10673,云南大学,204,1,1,594,27884
2021,10673,云南大学,205,5,5,599,23868
2021,10674,教昆明理工大学,202,36,36,556,62842
2021,10674,昆明理工大学,203,9,9,553,65605
2021,10674,昆明理工大学,204,3,3,554,64721
2021,10676,云南农业大学,201,10,10,529,95135
2021,10676,省云南农业大学,202,2,2,529,94528
2021,10676,云南农业大学,203,1,1,524,100875
2021,10676,云南农业大学,204,1,1,511,119169
2021,10676,云南农业大学,205,1,1,492,144702
2021,10677,东西南林业大学,201,6,6,522,103573
2021,10677,西南林业大学,202,9,9,522,103545
2021,10677,西南林业大学,203,3,3,520,107085
2021,10677,西南林业大学,204,1,1,534,88615
2021,10678,昆明医科大学,201,8,8,581,37723
2021,10678,昆明医科大学,202,3,3,545,75483
2021,10678,昆明医科大学,203,4,4,577,41483
2021,10678,昆明医科大学,204,2,2,501,132380
2021,10679,大理大学,203,6,6,533,90174
2021,10679,大理大学,204,2,2,526,99209
2021,10679,大理大学,205,4,4,509,121185
2021,10680,云南中医药大学,203,1,1,546,73914
2021,10680,云南中医药大学,204,2,2,533,89336
2021,10681,云南师范大学,203,7,7,552,67269
2021,10681,云南师范大学,204,2,2,559,59893
2021,10681,云南师范大学,205,3,3,565,52807
2021,10687,红河学院,202,6,6,484,156210
2021,10687,红河学院,203,8,8,487,151687
2021,10689,云南财经大学,203,31,31,524,101124
2021,10689,云南财经大学,204,25,25,503,130178
2021,10694,西藏大学,205,16,16,541,80556
2021,10694,西藏大学,206,2,2,515,113753
2021,10694,西藏大学,207,2,2,544,76743
2021,10697,西北大学,203,22,22,603,21355
2021,10697,西北大学,204,2,2,608,18629
2021,10697,西北大学,205,2,2,576,42168
2021,10698,西安交通大学,203,125,126,644,4288
2021,10698,西安交通大学,204,16,17,644,4294
2021,10699,西北工业大学,202,85,85,622,11314
2021,10699,西北工业大学,203,5,5,620,12193
2021,10700,教西安理工大学,201,44,44,563,55182
2021,10701,西安电子科技大学,201,116,119,625,9963
2021,10701,西安电子科技大学,202,10,10,611,16586
2021,10702,西安工业大学,202,11,11,546,74710
2021,10703,省西安建筑科技大学,201,23,23,580,39255
2021,10703,西安建筑科技大学,202,5,5,604,20714
2021,10703,西安建筑科技大学,203,14,14,567,50750
2021,10703,西安建筑科技大学,204,3,3,563,55531
2021,10703,东西安建筑科技大学,205,2,2,563,55007
2021,10704,西安科技大学,201,36,36,551,68595
2021,10704,西安科技大学,202,2,2,552,66950
2021,10704,西安科技大学,203,2,2,550,69066
2021,10705,西安石油大学,203,14,14,543,77542
2021,10705,西安石油大学,204,2,2,547,72897
2021,10708,陕西科技大学,202,13,13,550,70104
2021,10708,陕西科技大学,203,3,3,546,74675
2021,10708,陕西科技大学,204,4,4,523,102663
2021,10709,西安工程大学,201,12,12,542,78292
2021,10709,西安工程大学,202,9,9,528,96139
2021,10710,长安大学,202,113,113,590,30492
2021,10710,长安大学,203,80,80,588,32380
2021,10710,长安大学,204,5,5,589,31502
2021,10710,长安大学,205,20,20,570,47763
2021,10712,西北农林科技大学,205,18,18,600,23375
2021,10712,西北农林科技大学,206,1,1,610,17353
2021,10712,西北农林科技大学,207,3,3,598,24730
2021,10712,西北农林科技大学,208,6,6,593,28333
2021,10712,西北农林科技大学,209,2,2,597,25667
2021,10712,西北农林科技大学,210,8,8,595,27150
2021,10712,西北农林科技大学,211,7,7,595,27038
2021,10712,西北农林科技大学,212,2,2,595,26720
2021,10712,西北农林科技大学,213,2,2,597,25507
2021,10716,陕西中医药大学,202,4,4,541,79688
2021,10716,陕西中医药大学,203,6,6,534,87940
2021,10716,陕西中医药大学,204,2,2,533,89619
2021,10716,陕西中医药大学,205,6,6,541,80383
2021,10718,陕西师范大学,203,68,68,594,27475
2021,10718,陕西师范大学,204,6,6,601,22633
2021,10718,教陕西师范大学,205,9,9,600,23407
2021,10718,陕西师范大学,206,11,11,600,23371
2021,10718,陕西师范大学,207,7,7,598,24461
2021,10719,延安大学,205,4,4,507,124054
2021,10719,省延安大学,206,2,2,524,101141
2021,10720,陕西理工大学,203,6,6,525,99573
2021,10720,陕西理工大学,204,9,9,522,103400
2021,10720,陕西理工大学,205,1,1,529,95307
2021,10720,东陕西理工大学,206,2,2,523,103357
2021,10721,宝鸡文理学院,203,2,2,496,139877
2021,10722,咸阳师范学院,203,3,3,497,138500
2021,10722,咸阳师范学院,204,2,2,502,131106
2021,10730,兰州大学,205,37,37,607,19154
2021,10730,兰州大学,206,12,12,606,19691
2021,10730,兰州大学,207,10,10,604,21266
2021,10730,兰州大学,208,12,12,612,16252
2021,10730,兰州大学,209,24,24,614,15106
2021,10730,兰州大学,210,13,13,608,18195
2021,10731,兰州理工大学,202,45,45,531,92445
2021,10731,兰州理工大学,203,2,2,533,89572
2021,10731,兰州理工大学,204,8,8,523,102989
2021,10732,兰州交通大学,202,5,5,540,80703
2021,10732,兰州交通大学,203,9,9,549,70426
2021,10733,甘肃农业大学,202,6,6,490,147729
2021,10735,甘肃中医药大学,201,5,5,547,73056
2021,10735,甘肃中医药大学,202,3,3,514,115377
2021,10735,甘肃中医药大学,203,1,1,509,121495
2021,10735,甘肃中医药大学,204,2,2,507,124771
2021,10735,甘肃中医药大学,205,1,1,514,114164
2021,10735,甘肃中医药大学,206,1,1,532,90988
2021,10735,甘肃中医药大学,207,1,1,492,144410
2021,10736,西北师范大学,202,3,3,553,66119
2021,10736,西北师范大学,203,16,16,533,89605
2021,10738,陇东学院,203,8,8,480,161218
2021,10738,陇东学院,204,4,4,479,162921
2021,10738,陇东学院,206,2,2,479,163163
2021,10739,天水师范学院,204,3,3,484,155837
2021,10741,兰州财经大学,202,33,33,513,115949
2021,10742,教西北民族大学,203,12,12,503,129135
2021,10743,青海大学,201,5,5,531,91988
2021,10743,青海大学,202,3,3,556,63175
2021,10743,青海大学,203,7,7,550,70037
2021,10743,省青海大学,204,35,35,555,63494
2021,10743,青海大学,205,1,1,549,70420
2021,10743,青海大学,206,3,3,544,76512
2021,10743,青海大学,207,1,1,561,57498
2021,10743,东青海大学,208,2,2,573,45434
2021,10743,青海大学,209,2,2,558,61199
2021,10746,青海师范大学,203,21,21,490,147421
2021,10746,青海师范大学,204,3,3,497,137776
2021,10749,宁夏大学,202,14,14,556,62843
2021,10755,新疆大学,201,44,44,555,64538
2021,10757,塔里木大学,201,20,20,481,160693
2021,10757,塔里木大学,202,5,5,482,158878
2021,10758,新疆农业大学,203,60,60,480,161455
2021,10758,新疆农业大学,204,5,5,478,164759
2021,10758,新疆农业大学,205,5,5,472,172801
2021,10759,石河子大学,201,7,7,546,73977
2021,10759,石河子大学,202,10,10,549,70441
2021,10759,石河子大学,203,4,4,543,77708
2021,10759,石河子大学,204,8,8,547,73057
2021,10759,石河子大学,205,2,2,549,71221
2021,10760,新疆医科大学,201,31,31,540,81269
2021,10760,新疆医科大学,202,2,2,503,129888
2021,10760,新疆医科大学,203,6,6,535,86769
2021,10760,新疆医科大学,204,2,2,494,141591
2021,10760,新疆医科大学,205,14,14,517,110871
2021,10762,新疆师范大学,203,3,3,522,104297
2021,10762,新疆师范大学,204,3,3,516,111920
2021,10762,新疆师范大学,205,6,6,502,131509
2021,10766,新疆财经大学,202,7,7,495,141388
2021,10766,新疆财经大学,203,6,6,493,143158
2021,10792,天津城建大学,201,53,53,523,102180
2021,10792,天津城建大学,202,3,3,522,104502
2021,10792,天津城建大学,203,2,2,524,101290
2021,10792,天津城建大学,204,9,9,494,142527
2021,10809,教山西中医药大学,205,5,5,540,81069
2021,10809,山西中医药大学,206,1,1,490,148307
2021,10809,山西中医药大学,207,2,2,539,82907
2021,10809,山西中医药大学,208,2,2,529,94971
2021,10812,省吕梁学院,202,4,4,489,148496
2021,10822,广东白云学院,201,90,90,458,190735
2021,10822,广东白云学院,202,100,100,448,203259
2021,10822,广东白云学院,203,470,470,455,194237
2021,10822,东广东白云学院,204,20,20,454,195387
2021,10822,广东白云学院,205,33,33,459,189560
2021,10822,广东白云学院,206,1977,1977,453,197435
2021,10823,长沙医学院,203,18,18,491,146746
2021,10823,长沙医学院,205,10,10,482,158337
2021,10841,辽宁对外经贸学院,202,4,4,451,199042
2021,10846,江西科技学院,202,4,4,473,170760
2021,10856,上海工程技术大学,202,31,31,552,67281
2021,10856,上海工程技术大学,203,11,11,544,77016
2021,10876,浙江万里学院,202,10,10,495,141466
2021,10878,安徽建筑大学,201,4,4,529,94981
2021,10878,安徽建筑大学,202,12,12,540,80955
2021,10878,安徽建筑大学,203,2,2,528,96662
2021,10878,安徽建筑大学,204,2,2,529,94869
2021,10895,萍乡学院,202,5,5,490,147366
2021,10895,萍乡学院,203,2,2,484,156450
2021,10895,萍乡学院,204,2,2,484,155669
2021,10904,枣庄学院,201,5,5,486,152716
2021,10908,山东工艺美术学院,201,5,5,482,158305
2021,10908,山东工艺美术学院,202,4,4,494,142604
2021,10918,黄淮学院,202,10,10,483,157537
2021,10918,黄淮学院,203,9,9,479,163117
2021,10919,平顶山学院,201,4,4,489,149326
2021,10920,湖北理工学院,202,3,3,520,106359
2021,10920,湖北理工学院,203,6,6,524,101515
2021,10927,湖北科技学院,201,6,6,536,85737
2021,10927,湖北科技学院,202,3,3,507,124438
2021,10927,湖北科技学院,203,4,4,511,118554
2021,10929,湖北医药学院,201,9,9,534,88306
2021,10964,吉林外国语大学,203,26,26,477,165176
2021,10964,教吉林外国语大学,204,3,3,471,174199
2021,10994,新疆工程学院,201,22,22,482,158842
2021,10994,新疆工程学院,202,3,3,478,163699
2021,11035,沈阳大学,202,12,12,521,105531
2021,11035,省沈阳大学,203,6,6,508,123408
2021,11035,沈阳大学,204,8,8,500,133939
2021,11047,上海立信会计金融学院,202,7,7,571,47567
2021,11047,上海立信会计金融学院,203,7,7,559,60000
2021,11047,东上海立信会计金融学院,204,5,5,551,68478
2021,11048,金陵科技学院,202,14,14,526,99183
2021,11049,淮阴工学院,201,2,2,525,100732
2021,11049,淮阴工学院,202,2,2,490,147814
2021,11049,淮阴工学院,204,2,2,483,157028
2021,11049,淮阴工学院,205,2,2,495,141217
2021,11053,徐州工程学院,202,2,2,500,133523
2021,11053,徐州工程学院,204,1,1,513,115743
2021,11055,常州工学院,201,15,15,494,142721
2021,11057,浙江科技学院,201,34,34,543,77120
2021,11058,宁波工程学院,201,4,4,522,103404
2021,11058,宁波工程学院,202,31,31,526,98897
2021,11059,合肥学院,201,4,4,520,106168
2021,11059,合肥学院,202,10,10,518,109738
2021,11059,合肥学院,203,2,2,498,136596
2021,11062,厦门理工学院,202,28,28,548,71654
2021,11065,青岛大学,203,36,36,554,64935
2021,11065,青岛大学,204,6,6,543,77912
2021,11065,青岛大学,205,5,5,555,64075
2021,11065,青岛大学,207,2,2,567,51328
2021,11065,青岛大学,208,7,7,546,74336
2021,11066,烟台大学,202,10,10,541,79738
2021,11066,烟台大学,203,2,2,540,80684
2021,11066,烟台大学,206,2,2,367,279051
2021,11067,潍坊学院,203,6,6,486,153612
2021,11067,潍坊学院,204,2,2,485,155224
2021,11068,郑州工程技术学院,203,4,4,488,150059
2021,11068,郑州工程技术学院,204,8,8,489,148790
2021,11068,郑州工程技术学院,205,2,2,485,154796
2021,11068,郑州工程技术学院,206,2,2,486,153050
2021,11068,教郑州工程技术学院,207,2,2,487,151648
2021,11070,洛阳理工学院,202,58,58,492,144459
2021,11070,洛阳理工学院,203,10,10,480,161812
2021,11075,三峡大学,202,4,4,571,47054
2021,11075,省三峡大学,203,3,3,559,59754
2021,11077,长沙学院,202,20,20,531,92749
2021,11077,长沙学院,203,15,15,523,103317
2021,11077,长沙学院,204,4,4,525,99578
2021,11078,东广州大学,201,569,569,576,42187
2021,11078,广州大学,202,334,334,571,47448
2021,11078,广州大学,203,1766,1766,557,61701
2021,11078,广州大学,204,628,628,566,51913
2021,11078,广州大学,206,90,90,570,47752
2021,11078,广州大学,207,226,226,558,61094
2021,11078,广州大学,221,90,90,539,82497
2021,11078,广州大学,222,20,20,536,86450
2021,11078,广州大学,241,20,20,539,82093
2021,11079,成都大学,204,11,11,545,75180
2021,11079,成都大学,205,4,4,548,71387
2021,11079,成都大学,206,6,6,526,98393
2021,11079,成都大学,207,8,8,523,102312
2021,11079,成都大学,208,4,4,541,80494
2021,11079,成都大学,209,2,2,537,84853
2021,11080,西安文理学院,203,3,3,496,139359
2021,11080,西安文理学院,204,2,2,513,116308
2021,11100,海南热带海洋学院,205,2,2,497,138528
2021,11100,海南热带海洋学院,206,9,9,501,131893
2021,11100,海南热带海洋学院,207,2,2,500,134423
2021,11100,海南热带海洋学院,208,18,18,495,141427
2021,11100,海南热带海洋学院,209,2,2,490,148263
2021,11100,海南热带海洋学院,210,2,2,484,155836
2021,11100,海南热带海洋学院,211,4,4,481,160728
2021,11104,华北科技学院,202,75,75,500,134296
2021,11104,华北科技学院,203,18,18,477,165275
2021,11105,中国人民警察大学,201,5,5,521,105930
2021,11105,中国人民警察大学,202,25,25,528,95945
2021,11106,广州航海学院,202,770,770,489,149708
2021,11106,广州航海学院,203,1451,1451,503,129512
2021,11106,教广州航海学院,204,340,340,486,153867
2021,11106,广州航海学院,205,72,72,476,167520
2021,11106,广州航海学院,206,12,12,499,134584
2021,11106,广州航海学院,207,10,10,461,186563
2021,11106,省广州航海学院,208,10,10,486,153456
2021,11106,广州航海学院,209,30,30,500,133161
2021,11106,广州航海学院,210,80,80,483,157580
2021,11110,广东警官学院,201,121,121,527,97484
2021,11110,东广东警官学院,203,100,100,533,89234
2021,11117,扬州大学,202,12,12,569,49665
2021,11122,三江学院,202,119,119,474,170228
2021,11230,齐齐哈尔医学院,202,22,22,522,103972
2021,11230,齐齐哈尔医学院,204,1,1,518,108765
2021,11232,北京信息科技大学,201,19,19,566,52012
2021,11242,太原学院,202,5,5,487,151952
2021,11258,大连大学,201,15,15,542,79292
2021,11261,吉林工商学院,202,6,6,485,154903
2021,11261,吉林工商学院,203,4,4,484,155347
2021,11276,南京工程学院,202,16,16,549,70929
2021,11287,南京审计大学,203,24,24,584,35756
2021,11287,南京审计大学,204,12,12,565,52963
2021,11311,三明学院,202,7,7,500,134322
2021,11318,江西科技师范大学,204,28,28,517,110332
2021,11318,江西科技师范大学,205,5,5,509,121238
2021,11318,江西科技师范大学,206,3,3,513,115621
2021,11318,江西科技师范大学,210,1,1,548,71873
2021,11318,江西科技师范大学,211,2,2,517,110672
2021,11319,南昌工程学院,202,20,20,514,115144
2021,11319,南昌工程学院,203,2,2,504,128688
2021,11319,南昌工程学院,204,4,4,491,145853
2021,11326,信阳农林学院,202,2,2,489,148580
2021,11326,信阳农林学院,203,2,2,488,151051
2021,11326,信阳农林学院,204,2,2,485,154657
2021,11330,安阳工学院,202,2,2,485,154916
2021,11336,荆楚理工学院,202,4,4,492,145565
2021,11342,湖南工程学院,202,10,10,521,105046
2021,11342,湖南工程学院,203,3,3,512,117078
2021,11347,仲恺农业工程学院,201,5032,5032,501,132963
2021,11347,教仲恺农业工程学院,202,152,152,497,138116
2021,11347,仲恺农业工程学院,203,407,407,497,138317
2021,11347,仲恺农业工程学院,207,50,50,476,166729
2021,11349,五邑大学,201,40,40,513,115504
2021,11349,省五邑大学,202,29,29,499,135582
2021,11349,五邑大学,203,449,449,494,141705
2021,11349,五邑大学,204,222,222,475,168258
2021,11349,五邑大学,205,174,174,514,114506
2021,11349,东五邑大学,206,107,107,495,140310
2021,11349,五邑大学,207,977,977,521,105698
2021,11349,五邑大学,208,413,413,504,128740
2021,11349,五邑大学,209,392,392,518,108753
2021,11354,梧州学院,202,6,6,489,148845
2021,11354,梧州学院,203,12,12,491,146632
2021,11360,攀枝花学院,202,3,3,492,145097
2021,11360,攀枝花学院,203,3,3,492,145293
2021,11390,玉溪师范学院,202,2,2,495,140244
2021,11390,玉溪师范学院,203,2,2,489,148465
2021,11393,昆明学院,202,16,16,501,132032
2021,11393,昆明学院,203,2,2,509,121671
2021,11393,昆明学院,204,2,2,488,150372
2021,11396,商洛学院,202,1,1,491,146512
2021,11396,商洛学院,203,1,1,497,138551
2021,11396,商洛学院,204,1,1,486,153288
2021,11406,甘肃政法大学,203,1,1,566,52138
2021,11406,甘肃政法大学,204,1,1,537,85160
2021,11406,甘肃政法大学,205,1,1,551,68790
2021,11407,北方民族大学,203,19,19,497,138059
2021,11407,北方民族大学,204,1,1,502,130880
2021,11413,中国矿业大学(北京),201,31,31,596,26403
2021,11414,中国石油大学(北京),203,14,14,596,25994
2021,11414,中国石油大学(北京),204,2,2,598,24740
2021,11414,中国石油大学(北京),205,6,6,595,27091
2021,11414,中国石油大学(北京),206,2,2,594,27682
2021,11415,中国地质大学(北京),202,16,16,593,28233
2021,11415,中国地质大学(北京),203,15,15,599,23985
2021,11415,中国地质大学(北京),204,1,1,605,20249
2021,11417,北京联合大学,202,13,13,550,69377
2021,11417,教北京联合大学,203,4,4,548,71803
2021,11418,北京城市学院,202,20,20,480,162003
2021,11420,河北金融学院,203,13,13,491,146095
2021,11420,河北金融学院,204,3,3,491,146543
2021,11420,省河北金融学院,205,1,1,500,133198
2021,11437,长春工程学院,201,30,30,489,149638
2021,11437,长春工程学院,202,5,0,,
2021,11439,吉林农业科技学院,203,4,4,484,156390
2021,11439,东吉林农业科技学院,204,4,4,488,149836
2021,11439,吉林农业科技学院,205,4,4,483,157657
2021,11439,吉林农业科技学院,206,4,4,483,156787
2021,11446,黑龙江东方学院,201,30,30,452,197992
2021,11463,江苏理工学院,202,4,4,542,78262
2021,11463,江苏理工学院,203,3,3,531,92170
2021,11482,浙江财经大学,202,13,13,573,45861
2021,11482,浙江财经大学,203,12,12,559,59740
2021,11504,江西警察学院,202,5,5,513,116476
2021,11504,江西警察学院,203,4,4,514,114969
2021,11508,新余学院,202,3,3,504,128124
2021,11508,新余学院,203,1,1,482,158594
2021,11510,山东交通学院,202,4,4,488,150557
2021,11510,山东交通学院,203,4,4,491,146647
2021,11517,河南工程学院,203,2,2,486,153108
2021,11517,河南工程学院,204,2,2,483,157795
2021,11517,河南工程学院,205,6,6,484,156111
2021,11517,河南工程学院,206,18,18,489,149246
2021,11527,湖南城市学院,203,15,15,511,118669
2021,11527,湖南城市学院,204,4,4,507,124652
2021,11528,湖南工学院,201,10,10,508,122320
2021,11528,湖南工学院,202,11,11,502,131501
2021,11528,湖南工学院,203,2,2,502,131689
2021,11528,湖南工学院,204,2,2,497,138360
2021,11532,湖南财政经济学院,203,7,7,535,87062
2021,11532,湖南财政经济学院,204,4,4,540,80846
2021,11532,湖南财政经济学院,205,10,10,536,86563
2021,11534,湖南警察学院,202,7,7,527,97174
2021,11535,湖南工业大学,202,23,23,550,69156
2021,11535,湖南工业大学,203,30,30,545,74739
2021,11535,教湖南工业大学,204,98,98,546,73872
2021,11535,湖南工业大学,205,14,14,541,79731
2021,11535,湖南工业大学,206,12,12,539,82352
2021,11535,湖南工业大学,207,6,6,542,79049
2021,11540,省广东金融学院,211,4826,4826,525,100614
2021,11540,广东金融学院,212,206,206,505,126673
2021,11540,广东金融学院,213,15,15,536,86405
2021,11545,电子科技大学中山学院,201,274,274,471,173036
2021,11545,东电子科技大学中山学院,202,739,739,473,171310
2021,11545,电子科技大学中山学院,203,77,77,469,175737
2021,11545,电子科技大学中山学院,204,79,79,469,176021
2021,11546,广西科技师范学院,204,2,2,498,136792
2021,11546,广西科技师范学院,206,2,2,499,135192
2021,11548,广西财经学院,202,4,4,526,99033
2021,11548,广西财经学院,203,6,6,489,149605
2021,11549,南宁学院,202,2,2,487,152310
2021,11549,南宁学院,203,13,13,480,161144
2021,11549,南宁学院,204,8,8,481,159566
2021,11549,南宁学院,205,3,3,481,160143
2021,11551,重庆科技学院,202,27,27,533,89416
2021,11560,西安财经大学,202,4,4,543,77675
2021,11560,西安财经大学,203,2,2,549,70617
2021,11560,西安财经大学,204,4,4,529,94387
2021,11600,湖北经济学院,202,12,12,536,85759
2021,11607,北部湾大学,204,10,10,503,129734
2021,11607,北部湾大学,205,3,3,502,130861
2021,11607,北部湾大学,206,2,2,505,127053
2021,11607,北部湾大学,207,18,18,464,183461
2021,11607,北部湾大学,208,9,9,499,135328
2021,11629,北华航天工业学院,202,12,12,503,129764
2021,11632,沈阳工程学院,201,6,6,529,94684
2021,11646,宁波大学,203,24,24,587,33095
2021,11646,宁波大学,204,8,8,582,37544
2021,11646,宁波大学,205,5,5,584,35136
2021,11646,宁波大学,206,2,2,586,33648
2021,11646,宁波大学,208,2,2,591,29758
2021,11647,浙江传媒学院,203,54,54,555,64374
2021,11647,浙江传媒学院,204,1,1,579,40031
2021,11647,教浙江传媒学院,211,1,1,561,58004
2021,11652,河南财政金融学院,202,8,8,488,150085
2021,11653,南阳理工学院,204,31,31,491,146609
2021,11653,南阳理工学院,205,6,6,483,156871
2021,11653,省南阳理工学院,206,6,6,483,156905
2021,11653,南阳理工学院,207,2,2,486,153367
2021,11653,南阳理工学院,208,4,4,489,148680
2021,11653,南阳理工学院,209,1,1,494,142281
2021,11656,东广东石油化工学院,201,518,518,484,155956
2021,11656,广东石油化工学院,202,517,517,495,141035
2021,11656,广东石油化工学院,203,1644,1644,487,152397
2021,11656,广东石油化工学院,204,618,618,482,158026
2021,11656,广东石油化工学院,206,59,59,487,152083
2021,11656,广东石油化工学院,207,28,28,497,138576
2021,11656,广东石油化工学院,208,10,10,497,138511
2021,11656,广东石油化工学院,216,40,40,485,154537
2021,11658,海南师范大学,206,2,2,552,67147
2021,11658,海南师范大学,207,3,3,556,62492
2021,11658,海南师范大学,208,5,5,558,61146
2021,11658,海南师范大学,209,2,2,566,52599
2021,11658,海南师范大学,210,9,9,557,61942
2021,11658,海南师范大学,211,7,7,546,73986
2021,11658,海南师范大学,212,2,2,503,129432
2021,11658,海南师范大学,213,5,5,553,66206
2021,11658,海南师范大学,220,3,3,568,50440
2021,11660,重庆理工大学,203,4,4,546,74574
2021,11660,重庆理工大学,204,33,33,553,66595
2021,11664,西安邮电大学,202,27,27,567,50752
2021,11664,西安邮电大学,203,6,6,557,61339
2021,11664,西安邮电大学,204,1,1,562,56433
2021,11664,西安邮电大学,207,4,4,444,208620
2021,11688,山东工商学院,203,18,18,497,137823
2021,11726,长春大学,203,24,24,506,126171
2021,11726,长春大学,204,11,11,489,148470
2021,11726,长春大学,205,2,2,503,130088
2021,11731,贵州商学院,203,2,2,490,147122
2021,11731,贵州商学院,204,4,4,490,148040
2021,11731,贵州商学院,205,3,3,473,170718
2021,11736,教西安航空学院,202,3,3,513,115922
2021,11736,西安航空学院,203,8,8,508,122661
2021,11765,河南城建学院,202,12,12,487,152041
2021,11765,河南城建学院,203,4,4,484,156665
2021,11775,省防灾科技学院,202,50,50,499,135134
2021,11775,防灾科技学院,203,2,2,501,131950
2021,11799,重庆工商大学,204,21,21,549,70403
2021,11799,重庆工商大学,205,3,3,539,82656
2021,11799,东重庆工商大学,206,2,2,550,69147
2021,11799,重庆工商大学,207,2,2,548,71693
2021,11799,重庆工商大学,211,3,3,550,69265
2021,11799,重庆工商大学,212,2,2,548,71301
2021,11800,汉口学院,202,5,5,456,193388
2021,11802,黑龙江工程学院,203,51,51,484,155696
2021,11802,黑龙江工程学院,204,5,5,481,159897
2021,11802,黑龙江工程学院,205,4,4,481,160543
2021,11810,海南医学院,203,25,25,526,99418
2021,11810,海南医学院,204,2,2,547,73194
2021,11819,东莞理工学院,201,181,181,554,65090
2021,11819,东莞理工学院,202,1961,1961,543,77429
2021,11819,东莞理工学院,203,27,27,545,75333
2021,11819,东莞理工学院,204,587,587,524,101659
2021,11819,东莞理工学院,205,27,27,523,102303
2021,11819,东莞理工学院,215,64,64,538,83884
2021,11819,东莞理工学院,216,16,16,526,99382
2021,11819,东莞理工学院,217,201,201,534,88105
2021,11819,东莞理工学院,219,82,82,510,119631
2021,11819,东莞理工学院,220,30,30,516,111500
2021,11825,桂林航天工业学院,202,34,34,501,133018
2021,11833,上海杉达学院,203,12,12,485,155156
2021,11833,上海杉达学院,204,1,1,481,160186
2021,11833,上海杉达学院,205,2,2,493,143199
2021,11833,上海杉达学院,206,2,2,500,134518
2021,11834,黄河科技学院,202,6,6,474,168995
2021,11835,上海政法学院,202,41,41,580,38816
2021,11837,桂林旅游学院,204,12,12,489,149579
2021,11837,桂林旅游学院,205,1,1,485,155313
2021,11837,桂林旅游学院,206,16,16,485,154662
2021,11837,教桂林旅游学院,207,3,3,470,174655
2021,11838,贺州学院,202,25,25,487,152432
2021,11838,贺州学院,203,5,5,483,156825
2021,11843,九江学院,202,7,7,498,136484
2021,11843,省九江学院,203,3,3,539,82535
2021,11845,广东工业大学,205,6604,6604,558,60886
2021,11845,广东工业大学,206,158,158,557,61971
2021,11845,广东工业大学,207,220,220,538,83161
2021,11845,东广东工业大学,208,311,311,535,87707
2021,11846,广东外语外贸大学,205,669,669,577,41461
2021,11846,广东外语外贸大学,206,1524,1524,578,40762
2021,11846,广东外语外贸大学,207,11,11,583,36383
2021,11847,佛山科学技术学院,201,576,576,543,77857
2021,11847,佛山科学技术学院,202,955,955,531,92840
2021,11847,佛山科学技术学院,203,517,517,518,109925
2021,11847,佛山科学技术学院,204,95,95,538,83849
2021,11847,佛山科学技术学院,205,35,35,540,80844
2021,11847,佛山科学技术学院,206,100,100,548,71941
2021,11847,佛山科学技术学院,207,113,113,521,105711
2021,11847,佛山科学技术学院,208,44,44,532,91502
2021,11847,佛山科学技术学院,209,35,35,527,97525
2021,11847,佛山科学技术学院,210,10,10,537,85187
2021,11847,佛山科学技术学院,211,19,19,532,91559
2021,11847,佛山科学技术学院,212,130,130,521,105748
2021,11847,佛山科学技术学院,213,60,60,475,168368
2021,11847,佛山科学技术学院,222,70,70,528,95804
2021,12026,大连民族大学,202,18,18,504,128475
2021,12044,上海第二工业大学,202,13,13,550,69798
2021,12048,南京特殊教育师范学院,202,2,2,537,84786
2021,12048,南京特殊教育师范学院,203,2,2,493,143659
2021,12050,上海商学院,202,2,2,550,69622
2021,12050,上海商学院,203,2,2,549,70613
2021,12056,南通理工学院,202,81,81,467,178935
2021,12059,广东培正学院,201,1118,1118,458,190385
2021,12059,广东培正学院,202,611,611,463,184774
2021,12059,广东培正学院,206,9,9,458,190862
2021,12107,贵州警察学院,202,4,4,506,125295
2021,12121,南方医科大学,206,45,45,643,4311
2021,12121,教南方医科大学,207,1338,1338,586,33780
2021,12121,南方医科大学,208,134,134,585,35082
2021,12121,南方医科大学,209,90,90,580,38475
2021,12121,南方医科大学,210,16,16,569,49026
2021,12121,省南方医科大学,211,25,25,518,109094
2021,12214,湖南医药学院,202,2,2,543,77491
2021,12214,湖南医药学院,203,2,2,531,92167
2021,12214,湖南医药学院,204,3,3,522,103975
2021,12216,东安徽新华学院,202,7,7,468,177593
2021,12216,安徽新华学院,203,5,5,468,177016
2021,12303,湖南涉外经济学院,202,34,34,464,182340
2021,12308,海口经济学院,202,11,11,452,198280
2021,12310,武昌理工学院,202,17,17,468,178043
2021,12332,烟台南山学院,203,7,7,470,174763
2021,12362,武汉生物工程学院,202,30,30,480,161684
2021,12362,武汉生物工程学院,203,15,15,476,166474
2021,12362,武汉生物工程学院,204,30,30,477,164975
2021,12453,中国劳动关系学院,203,20,20,531,92334
2021,12544,宁夏理工学院,202,8,8,475,168223
2021,12560,云南经济管理学院,204,13,13,465,181660
2021,12560,云南经济管理学院,205,3,3,472,172811
2021,12560,云南经济管理学院,206,2,2,472,171879
2021,12574,广东东软学院,201,290,290,467,178554
2021,12574,广东东软学院,202,275,275,462,185373
2021,12574,广东东软学院,203,125,125,467,179192
2021,12574,广东东软学院,204,220,220,455,194397
2021,12574,广东东软学院,205,171,171,459,189673
2021,12574,广东东软学院,206,160,160,459,189277
2021,12574,广东东软学院,207,95,95,454,195949
2021,12574,广东东软学院,208,94,81,432,222134
2021,12599,湘潭大学兴湘学院,202,2,2,483,156754
2021,12599,湘潭大学兴湘学院,203,2,2,483,157797
2021,12604,湖南工业大学科技学院,202,10,10,485,155002
2021,12617,广州城市理工学院（原华南理工大学广州学院）,201,50,50,479,163114
2021,12617,广州城市理工学院（原华南理工大学广州学院）,202,20,20,480,161505
2021,12617,广州城市理工学院（原华南理工大学广州学院）,203,1700,1700,478,164807
2021,12618,教广州软件学院（原广州大学华软软件学院）,201,2271,2271,465,180928
2021,12619,广州南方学院（原中山大学南方学院）,203,1721,1721,472,172881
2021,12619,广州南方学院（原中山大学南方学院）,204,97,97,471,173710
2021,12620,广东外语外贸大学南国商学院,203,389,389,475,168539
2021,12620,省广东外语外贸大学南国商学院,204,173,173,473,170805
2021,12620,广东外语外贸大学南国商学院,205,16,16,464,182402
2021,12621,广州华商学院（原广东财经大学华商学院）,203,1675,1675,455,195150
2021,12621,广州华商学院（原广东财经大学华商学院）,204,30,30,462,184891
2021,12622,东湛江科技学院（原广东海洋大学寸金学院）,201,1516,1516,449,202657
2021,12622,湛江科技学院（原广东海洋大学寸金学院）,202,20,20,445,206304
2021,12623,华南农业大学珠江学院,202,314,314,451,199031
2021,12631,厦门医学院,201,15,15,555,63978
2021,12649,湖南科技大学潇湘学院,202,4,4,488,150486
2021,12650,南华大学船山学院,202,7,7,480,160846
2021,12650,南华大学船山学院,203,2,2,483,157790
2021,12651,湘潭理工学院,202,5,5,478,163847
2021,12652,湖南师范大学树达学院,202,12,12,486,152917
2021,12652,湖南师范大学树达学院,203,15,15,494,141628
2021,12657,湖南文理学院芙蓉学院,202,4,4,482,158122
2021,12658,湖南理工学院南湖学院,202,2,2,482,158832
2021,12659,衡阳师范学院南岳学院,202,3,3,489,149745
2021,12659,衡阳师范学院南岳学院,203,2,2,490,148278
2021,12660,湖南工程学院应用技术学院,201,5,5,482,158295
2021,12661,湖南中医药大学湘杏学院,203,4,4,514,114874
2021,12661,湖南中医药大学湘杏学院,204,2,2,504,128272
2021,12662,吉首大学张家界学院,202,4,4,471,173086
2021,12668,广州理工学院,201,2156,2156,448,203744
2021,12689,东南大学成贤学院,203,79,79,478,163691
2021,12689,东南大学成贤学院,204,2,2,477,166060
2021,12709,厦门华厦学院,202,10,10,478,163900
2021,12709,厦门华厦学院,203,6,6,480,161630
2021,12709,厦门华厦学院,204,3,3,478,164066
2021,12710,闽南理工学院,202,2,2,482,159309
2021,12712,西安欧亚学院,202,4,4,473,170488
2021,12712,西安欧亚学院,203,6,6,469,176185
2021,12713,西安外事学院,202,3,3,469,176475
2021,12713,西安外事学院,203,5,5,470,175512
2021,12715,西京学院,202,4,4,469,176195
2021,12715,教西京学院,203,4,4,473,171584
2021,12747,郑州工业应用技术学院,203,3,3,470,174998
2021,12747,郑州工业应用技术学院,204,2,2,475,168451
2021,12766,江西工程学院,202,12,12,474,169960
2021,12779,省山西应用科技学院,202,8,8,470,174748
2021,12792,浙江越秀外国语学院,203,7,7,468,177851
2021,12792,浙江越秀外国语学院,204,12,12,459,189035
2021,12792,浙江越秀外国语学院,206,2,2,496,139539
2021,12795,东南昌理工学院,202,41,41,470,175508
2021,12799,上海建桥学院,202,28,28,473,170712
2021,12799,上海建桥学院,203,2,2,468,176967
2021,12915,上海中侨职业技术大学,202,5,5,459,188937
2021,12992,闽南科技学院,202,3,3,476,166277
2021,12992,闽南科技学院,203,3,3,480,161829
2021,13006,山东英才学院,201,5,5,454,196069
2021,13021,浙大城市学院,203,30,30,544,76063
2021,13021,浙大城市学院,204,5,5,498,136220
2021,13022,浙大宁波理工学院,201,40,40,534,88689
2021,13023,杭州医学院,201,6,6,555,64322
2021,13023,杭州医学院,202,4,4,508,123017
2021,13065,安徽外国语学院,202,5,5,478,164407
2021,13115,厦门工学院,202,16,16,477,166113
2021,13121,西安思源学院,202,5,5,477,166034
2021,13188,武汉晴川学院,202,5,5,470,175243
2021,13198,大连理工大学城市学院,202,10,10,468,177936
2021,13198,大连理工大学城市学院,203,3,3,465,181762
2021,13208,沈阳城市建设学院,202,8,8,454,196337
2021,13212,大连医科大学中山学院,202,2,2,494,142185
2021,13212,大连医科大学中山学院,203,2,2,483,156854
2021,13213,锦州医科大学医疗学院,201,7,7,500,133284
2021,13215,辽宁师范大学海华学院,202,8,8,459,189647
2021,13218,大连财经学院,202,18,18,463,183888
2021,13220,沈阳城市学院,202,10,10,459,189949
2021,13220,沈阳城市学院,203,7,7,461,187114
2021,13234,湖北大学知行学院,202,6,6,480,162041
2021,13234,湖北大学知行学院,203,1,1,480,160944
2021,13235,武汉城市学院,202,13,13,472,172457
2021,13235,武汉城市学院,203,3,3,473,171148
2021,13236,教三峡大学科技学院,202,6,6,480,161943
2021,13236,三峡大学科技学院,203,6,6,495,140719
2021,13238,湖北工业大学工程技术学院,202,17,17,473,171138
2021,13239,武汉工程大学邮电与信息工程学院,202,2,2,474,169373
2021,13239,省武汉工程大学邮电与信息工程学院,203,2,2,482,159370
2021,13240,武汉纺织大学外经贸学院,202,2,2,473,170423
2021,13242,武汉工商学院,202,8,8,476,167384
2021,13246,长江大学文理学院,202,8,8,470,175193
2021,13248,东湖北汽车工业学院科技学院,201,5,5,477,166040
2021,13249,湖北医药学院药护学院,201,8,8,493,143180
2021,13250,湖北恩施学院,203,4,4,501,132442
2021,13250,湖北恩施学院,204,2,2,483,158003
2021,13251,湖北经济学院法商学院,202,4,4,477,165493
2021,13256,湖北师范大学文理学院,202,10,10,481,160078
2021,13262,文华学院,202,14,14,478,164322
2021,13279,杭州电子科技大学信息工程学院,201,12,12,486,152994
2021,13290,浙江工商大学杭州商学院,202,26,26,476,166334
2021,13292,中国计量大学现代科技学院,201,10,10,475,168316
2021,13300,黑龙江工商学院,202,30,30,441,211485
2021,13301,哈尔滨远东理工学院,201,40,40,457,191988
2021,13307,哈尔滨华德学院,202,72,72,445,207165
2021,13324,山东协和学院,203,15,15,469,176429
2021,13324,山东协和学院,204,8,8,468,177881
2021,13324,山东协和学院,205,2,2,497,138717
2021,13324,山东协和学院,206,5,5,472,171862
2021,13326,云南大学滇池学院,202,8,8,470,175538
2021,13328,丽江文化旅游学院,202,3,3,467,179196
2021,13328,丽江文化旅游学院,203,8,8,464,182665
2021,13330,昆明城市学院,202,6,6,473,171655
2021,13332,昆明医科大学海源学院,202,18,18,502,131593
2021,13332,昆明医科大学海源学院,203,5,5,477,165571
2021,13378,青岛城市学院,202,1,1,475,168488
2021,13378,青岛城市学院,203,7,7,467,179201
2021,13386,山东石油化工学院,202,11,11,486,152886
2021,13386,山东石油化工学院,203,2,2,486,153493
2021,13402,河北外国语学院,202,8,8,450,200487
2021,13402,河北外国语学院,203,4,4,458,190682
2021,13408,华北理工大学轻工学院,202,5,5,466,180381
2021,13415,教河北医科大学临床学院,201,5,5,518,109576
2021,13415,河北医科大学临床学院,202,7,7,484,156139
2021,13415,河北医科大学临床学院,203,5,5,502,130507
2021,13418,江西服装学院,203,6,6,449,201708
2021,13420,省南昌职业大学,202,4,4,466,179823
2021,13421,南昌工学院,203,9,9,467,178609
2021,13429,南昌大学科学技术学院,202,22,22,480,161925
2021,13431,南昌交通学院,202,4,4,472,171762
2021,13432,东赣东学院,202,10,10,488,149875
2021,13433,南昌航空大学科技学院,202,37,37,478,163814
2021,13434,赣南科技学院,202,2,2,487,151717
2021,13434,赣南科技学院,203,12,12,492,145570
2021,13436,江西农业大学南昌商学院,202,15,15,476,166724
2021,13437,南昌医学院,205,5,5,533,89693
2021,13437,南昌医学院,206,5,5,527,98088
2021,13437,南昌医学院,207,6,6,526,99149
2021,13437,南昌医学院,208,4,4,509,121077
2021,13437,南昌医学院,209,4,4,506,125201
2021,13437,南昌医学院,210,6,6,510,120110
2021,13437,南昌医学院,211,6,6,502,131061
2021,13437,南昌医学院,212,2,2,508,123284
2021,13437,南昌医学院,213,4,4,502,131690
2021,13437,南昌医学院,214,2,2,485,154733
2021,13438,江西师范大学科学技术学院,202,10,10,482,158498
2021,13438,江西师范大学科学技术学院,203,2,2,479,162331
2021,13439,赣南师范大学科技学院,202,19,19,482,158475
2021,13440,南昌应用技术师范学院,208,2,2,478,163684
2021,13440,南昌应用技术师范学院,209,1,1,481,160427
2021,13440,南昌应用技术师范学院,210,1,1,486,153115
2021,13440,南昌应用技术师范学院,211,2,2,450,200317
2021,13440,南昌应用技术师范学院,212,1,1,483,156797
2021,13440,南昌应用技术师范学院,213,2,2,458,190798
2021,13440,南昌应用技术师范学院,214,1,0,,
2021,13440,南昌应用技术师范学院,215,1,0,,
2021,13441,江西财经大学现代经济管理学院,202,23,23,477,165621
2021,13441,江西财经大学现代经济管理学院,203,14,14,476,166644
2021,13468,阳光学院,203,17,17,465,181129
2021,13468,阳光学院,204,3,3,433,221016
2021,13469,教厦门大学嘉庚学院,202,81,81,490,147838
2021,13470,福州大学至诚学院,202,41,41,477,166188
2021,13470,福州大学至诚学院,203,6,6,475,167671
2021,13471,集美大学诚毅学院,202,27,27,484,156514
2021,13472,省福建师范大学协和学院,202,4,4,476,166961
2021,13497,郑州财经学院,202,10,10,470,175340
2021,13503,信阳学院,202,6,6,479,162638
2021,13505,新乡医学院三全学院,201,5,5,501,132484
2021,13524,东北海艺术设计学院,202,6,6,471,173476
2021,13534,山西工学院,201,5,5,487,151964
2021,13538,山西晋中理工学院,202,2,2,476,166413
2021,13560,新疆第二医学院,201,6,6,505,127235
2021,13560,新疆第二医学院,203,2,2,532,91021
2021,13560,新疆第二医学院,204,2,2,499,134544
2021,13560,新疆第二医学院,205,1,1,494,142639
2021,13560,新疆第二医学院,206,2,2,489,149314
2021,13560,新疆第二医学院,207,2,2,494,141629
2021,13560,新疆第二医学院,208,1,1,491,146666
2021,13560,新疆第二医学院,209,2,2,487,151763
2021,13571,无锡太湖学院,202,67,67,470,174316
2021,13578,河北工程大学科信学院,202,24,24,474,169305
2021,13579,中国矿业大学徐海学院,202,21,21,475,168682
2021,13588,重庆外语外事学院,202,14,14,480,161930
2021,13589,重庆对外经贸学院,202,7,7,480,161084
2021,13590,重庆财经学院,202,8,8,483,157046
2021,13592,燕山大学里仁学院,201,23,23,474,169003
2021,13593,石家庄铁道大学四方学院,202,13,13,477,165163
2021,13594,河北地质大学华信学院,202,2,2,468,177003
2021,13594,河北地质大学华信学院,203,10,10,468,177214
2021,13602,长春电子科技学院,202,8,8,464,183371
2021,13603,长春财经学院,202,4,4,467,179343
2021,13603,长春财经学院,203,3,3,467,179530
2021,13604,吉林建筑科技学院,201,6,6,464,183187
2021,13604,吉林建筑科技学院,202,4,4,453,197121
2021,13605,长春建筑学院,201,2,2,465,181326
2021,13606,长春科技学院,201,4,4,468,177669
2021,13606,长春科技学院,202,8,8,450,201253
2021,13606,长春科技学院,203,6,6,465,181999
2021,13609,教辽宁中医药大学杏林学院,203,8,8,482,158692
2021,13609,辽宁中医药大学杏林学院,204,4,4,486,152960
2021,13610,辽宁何氏医学院,201,14,14,487,151935
2021,13610,辽宁何氏医学院,202,6,6,470,174516
2021,13611,省蚌埠工商学院,202,4,4,470,174357
2021,13614,马鞍山学院,202,8,8,470,175385
2021,13614,马鞍山学院,203,5,5,469,176115
2021,13615,合肥城市学院,204,2,2,459,189001
2021,13615,东合肥城市学院,205,1,1,476,166348
2021,13618,安徽医科大学临床医学院,201,20,20,505,127296
2021,13618,安徽医科大学临床医学院,202,5,5,487,151629
2021,13618,安徽医科大学临床医学院,203,5,5,454,195929
2021,13625,昆明文理学院,202,18,18,463,183753
2021,13626,昆明理工大学津桥学院,203,29,29,469,176911
2021,13626,昆明理工大学津桥学院,204,1,1,466,180315
2021,13626,昆明理工大学津桥学院,205,10,10,468,177203
2021,13627,重庆移通学院,201,4,4,442,210096
2021,13631,大连东软信息学院,202,18,18,460,187447
2021,13632,上海视觉艺术学院,202,4,4,508,122459
2021,13634,武汉学院,202,18,18,478,164816
2021,13635,长沙理工大学城南学院,202,29,29,480,160917
2021,13635,长沙理工大学城南学院,203,6,6,475,167619
2021,13639,柳州工学院,202,50,50,468,177902
2021,13640,广西民族大学相思湖学院,202,36,36,469,176233
2021,13641,桂林学院,202,18,18,479,162864
2021,13642,南宁师范大学师园学院,202,21,21,482,158672
2021,13642,南宁师范大学师园学院,203,15,15,480,160899
2021,13642,南宁师范大学师园学院,204,4,4,483,157325
2021,13643,广西中医药大学赛恩斯新医药学院,204,114,114,476,167086
2021,13643,广西中医药大学赛恩斯新医药学院,205,42,42,476,167537
2021,13643,广西中医药大学赛恩斯新医药学院,206,10,10,473,170395
2021,13643,广西中医药大学赛恩斯新医药学院,207,4,4,473,171154
2021,13644,桂林信息科技学院,202,10,10,475,168807
2021,13644,桂林信息科技学院,203,56,56,471,173090
2021,13645,南宁理工学院,202,17,17,450,200498
2021,13645,南宁理工学院,203,2,2,473,170964
2021,13649,贵州黔南科技学院,202,2,2,482,158732
2021,13651,贵阳人文科技学院,202,2,2,452,197785
2021,13653,教遵义医科大学医学与科技学院,201,10,10,498,136796
2021,13654,南京理工大学紫金学院,202,146,146,474,169139
2021,13655,南京航空航天大学金城学院,202,4,4,483,157086
2021,13656,广州华立学院（原广东工业大学华立学院）,201,1185,1185,451,199844
2021,13656,省广州华立学院（原广东工业大学华立学院）,202,370,370,449,202477
2021,13657,广州应用科技学院（原广州大学松田学院）,201,1215,1215,461,187107
2021,13660,天津商业大学宝德学院,202,7,7,470,175261
2021,13661,天津医科大学临床医学院,203,3,3,514,114583
2021,13661,东天津医科大学临床医学院,204,5,5,490,147103
2021,13661,天津医科大学临床医学院,205,5,5,482,159322
2021,13661,天津医科大学临床医学院,206,3,3,530,93462
2021,13662,长春人文学院,202,5,5,454,195645
2021,13665,电子科技大学成都学院,202,34,34,481,160054
2021,13666,武汉华夏理工学院,202,9,9,472,172534
2021,13667,广州商学院,205,1498,1498,453,196979
2021,13667,广州商学院,206,90,90,432,221557
2021,13667,广州商学院,207,75,75,437,215899
2021,13667,广州商学院,208,102,102,438,215022
2021,13667,广州商学院,209,400,400,447,204163
2021,13668,成都理工大学工程技术学院,202,23,23,476,167527
2021,13669,四川传媒学院,203,6,6,516,112107
2021,13669,四川传媒学院,204,1,1,527,97344
2021,13670,成都银杏酒店管理学院,202,4,4,472,172407
2021,13672,四川工商学院,202,3,3,481,159637
2021,13673,四川外国语大学成都学院,202,28,28,479,163165
2021,13675,北京理工大学珠海学院,201,1562,1562,482,158328
2021,13675,北京理工大学珠海学院,202,60,60,467,179525
2021,13675,北京理工大学珠海学院,203,251,251,462,186073
2021,13677,西安交通大学城市学院,201,4,4,479,162320
2021,13678,西北大学现代学院,201,1,1,459,188717
2021,13679,西安建筑科技大学华清学院,201,10,10,469,176157
2021,13684,珠海科技学院（原吉林大学珠海学院）,209,2655,2655,481,159948
2021,13684,珠海科技学院（原吉林大学珠海学院）,210,120,120,480,161645
2021,13684,珠海科技学院（原吉林大学珠海学院）,211,88,88,479,162270
2021,13684,珠海科技学院（原吉林大学珠海学院）,212,60,60,479,162649
2021,13705,成都医学院,201,10,10,560,58875
2021,13714,广州工商学院,201,2825,2825,441,211378
2021,13714,广州工商学院,202,364,364,434,219102
2021,13717,教广州科技职业技术大学,201,1190,1190,436,217106
2021,13717,广州科技职业技术大学,204,58,58,442,210050
2021,13719,广东科技学院,205,2706,2706,446,206033
2021,13719,广东科技学院,206,90,90,442,210129
2021,13720,省广东理工学院,201,3332,3332,438,215415
2021,13720,广东理工学院,202,210,210,433,220099
2021,13721,广东工商职业技术大学,201,904,904,436,217302
2021,13721,广东工商职业技术大学,204,80,80,435,217881
2021,13744,东黑河学院,202,5,5,481,160310
2021,13744,黑河学院,203,2,2,489,148495
2021,13762,福州外语外贸学院,202,10,10,470,174958
2021,13762,福州外语外贸学院,203,11,11,467,178351
2021,13766,泉州信息工程学院,202,30,30,469,176391
2021,13766,泉州信息工程学院,203,5,5,437,216571
2021,13774,豫章师范学院,202,4,4,487,151392
2021,13774,豫章师范学院,203,2,2,485,154756
2021,13776,江西软件职业技术大学,202,9,9,442,210073
2021,13776,江西软件职业技术大学,203,8,8,452,198312
2021,13809,湖南应用技术学院,202,3,3,473,170421
2021,13811,琼台师范学院,202,10,10,488,150303
2021,13811,琼台师范学院,203,2,2,496,138831
2021,13816,四川工业科技学院,202,5,5,473,171622
2021,13830,广西外国语学院,202,25,25,470,174580
2021,13842,南京理工大学泰州科技学院,202,46,46,474,169432
2021,13844,东莞城市学院（原东莞理工学院城市学院）,223,50,50,468,177018
2021,13844,东莞城市学院（原东莞理工学院城市学院）,224,20,20,472,172659
2021,13844,东莞城市学院（原东莞理工学院城市学院）,226,694,694,470,175223
2021,13892,三亚学院,205,8,8,476,167265
2021,13892,三亚学院,206,3,3,469,175925
2021,13892,三亚学院,207,2,2,474,169692
2021,13892,三亚学院,208,13,13,476,167327
2021,13892,三亚学院,209,2,2,478,163946
2021,13893,上海师范大学天华学院,204,7,7,470,175248
2021,13894,西安明德理工学院,202,6,6,465,182116
2021,13895,燕京理工学院,202,1,1,470,174385
2021,13897,天津理工大学中环信息学院,202,17,17,470,174967
2021,13898,北京科技大学天津学院,203,2,2,471,174074
2021,13898,北京科技大学天津学院,204,13,13,472,171895
2021,13899,教北京中医药大学东方学院,204,10,10,485,154911
2021,13899,北京中医药大学东方学院,205,5,5,460,188139
2021,13899,北京中医药大学东方学院,206,2,2,500,134096
2021,13899,北京中医药大学东方学院,207,2,2,481,160312
2021,13902,省广州新华学院（原中山大学新华学院）,201,150,150,479,162470
2021,13902,广州新华学院（原中山大学新华学院）,202,30,30,477,164865
2021,13902,广州新华学院（原中山大学新华学院）,203,296,296,469,176113
2021,13902,广州新华学院（原中山大学新华学院）,204,896,896,475,167987
2021,13902,东广州新华学院（原中山大学新华学院）,205,75,75,476,166378
2021,13902,广州新华学院（原中山大学新华学院）,206,45,45,475,167621
2021,13902,广州新华学院（原中山大学新华学院）,207,280,280,470,174449
2021,13903,成都锦城学院,202,33,33,483,157308
2021,13905,南京工业大学浦江学院,203,2,2,474,168942
2021,13905,南京工业大学浦江学院,204,14,14,467,178233
2021,13906,南京师范大学中北学院,203,5,5,477,166127
2021,13906,南京师范大学中北学院,204,2,2,473,170807
2021,13920,广西城市职业大学,203,68,68,468,178005
2021,13920,广西城市职业大学,204,28,28,461,186365
2021,13924,湖南交通工程学院,202,4,4,473,170893
2021,13980,南京医科大学康达学院,204,20,20,490,147373
2021,13980,南京医科大学康达学院,205,12,12,481,159783
2021,13980,南京医科大学康达学院,206,6,6,471,173976
2021,13980,南京医科大学康达学院,207,2,2,491,145960
2021,13980,南京医科大学康达学院,208,8,8,461,186221
2021,13982,无锡学院,202,75,75,499,135396
2021,13983,苏州城市学院,202,34,34,498,136167
2021,13984,苏州大学应用技术学院,202,23,23,479,162657
2021,13985,苏州科技大学天平学院,202,8,8,479,162436
2021,13986,江苏大学京江学院,202,67,67,474,170140
2021,13986,江苏大学京江学院,203,4,4,480,161783
2021,13987,扬州大学广陵学院,202,44,44,475,167654
2021,13988,江苏师范大学科文学院,202,21,21,476,166778
2021,13989,南京邮电大学通达学院,202,74,74,471,173347
2021,13989,南京邮电大学通达学院,203,5,5,471,173470
2021,13990,南京财经大学红山学院,202,16,16,471,174239
2021,13991,江苏科技大学苏州理工学院,202,21,21,478,163853
2021,13992,常州大学怀德学院,202,34,34,470,175390
2021,13993,南通大学杏林学院,201,25,25,467,179168
2021,13993,教南通大学杏林学院,202,5,5,469,176419
2021,13993,南通大学杏林学院,203,14,14,472,171765
2021,13994,南京审计大学金审学院,202,67,67,471,173575
2021,13995,青岛工学院,202,20,20,464,183008
2021,13998,省齐鲁理工学院,204,7,7,462,185201
2021,13998,齐鲁理工学院,205,6,6,461,186200
2021,13998,齐鲁理工学院,206,9,9,463,183736
2021,14030,西安信息职业大学,201,5,5,465,181818
2021,14037,东西南财经大学天府学院,202,2,2,486,152545
2021,14038,天津仁爱学院,202,58,58,468,178073
2021,14038,天津仁爱学院,205,1,1,482,159299
2021,14038,天津仁爱学院,206,2,2,473,170478
2021,14039,四川大学锦江学院,203,6,6,483,157150
2021,14042,西安科技大学高新学院,202,2,2,471,173092
2021,14046,福建农林大学金山学院,202,2,2,464,183248
2021,14087,天津财经大学珠江学院,202,13,13,470,175133
2021,14098,合肥师范学院,201,10,10,487,151247
2021,14099,湖北第二师范学院,203,2,2,505,126267
2021,14099,湖北第二师范学院,204,1,1,519,107844
2021,14099,湖北第二师范学院,205,2,2,491,146026
2021,14101,太原工业学院,201,14,14,491,145940
2021,14101,太原工业学院,202,16,16,482,158312
2021,14172,海南科技职业大学,202,8,8,468,178019
2021,14201,北京第二外国语学院中瑞酒店管理学院,202,7,7,440,212269
2021,14202,沧州交通学院,202,25,25,469,176805
2021,14203,皖江工学院,201,2,2,472,171857
2021,14203,皖江工学院,202,3,3,466,179838
2021,14207,上海财经大学浙江学院,202,8,8,477,166198
2021,14207,上海财经大学浙江学院,203,4,4,482,158801
2021,14223,贵州师范学院,202,2,2,489,149373
2021,14225,河北东方学院,203,3,3,474,170261
2021,14225,河北东方学院,204,3,3,470,175322
2021,14225,河北东方学院,205,4,4,471,173736
2021,14278,广东第二师范学院,201,661,661,517,110073
2021,14278,广东第二师范学院,202,148,148,544,76767
2021,14278,广东第二师范学院,203,321,321,513,115631
2021,14278,广东第二师范学院,204,69,69,546,74164
2021,14278,广东第二师范学院,205,598,598,521,105088
2021,14278,教广东第二师范学院,206,210,210,525,100031
2021,14278,广东第二师范学院,207,56,56,545,75592
2021,14278,广东第二师范学院,217,50,50,507,123647
2021,14278,广东第二师范学院,219,18,18,493,144047
2021,14389,省成都师范学院,202,14,14,522,104466
2021,14410,四川电影电视学院,202,1,1,491,146944
2021,14432,河北中医学院,202,4,4,545,75443
2021,14432,河北中医学院,203,3,3,538,84042
2021,14432,东河北中医学院,204,4,4,511,119110
2021,14432,河北中医学院,205,2,2,525,100334
2021,14434,山西传媒学院,202,2,2,531,91800
2021,14434,山西传媒学院,203,3,3,499,135154
2021,14437,南昌师范学院,206,3,3,496,138881
2021,14437,南昌师范学院,207,1,1,499,134776
2021,14440,贵州理工学院,201,4,4,499,134543
2021,14440,贵州理工学院,202,4,4,499,134774
2021,14527,山西工程技术学院,202,4,4,484,156042
2021,14527,山西工程技术学院,203,24,24,485,155036
2021,14596,中国社会科学院大学,203,4,4,635,6639
2021,14623,滇西应用技术大学,202,21,21,488,150672
2021,14625,茅台学院,201,6,6,480,161627
2021,14625,茅台学院,202,2,2,469,176665
2021,14655,深圳技术大学,201,189,189,560,58784
2021,14655,深圳技术大学,202,105,105,560,58488
2021,14655,深圳技术大学,203,312,312,561,57834
2021,14655,深圳技术大学,204,167,167,562,56510
2021,14655,深圳技术大学,205,1332,1332,568,49772
2021,16301,宁波诺丁汉大学,203,19,19,573,44882
2021,16301,宁波诺丁汉大学,204,11,11,578,40775
2021,16401,北京师范大学-香港浸会大学联合国际学院,202,63,63,556,63141
2021,16405,温州肯恩大学,202,20,20,524,101197
2021,16405,温州肯恩大学,203,4,4,498,137312
2021,16410,广东以色列理工学院,201,205,80,433,221146
2021,16410,广东以色列理工学院,202,54,54,500,133494
2021,18213,哈尔滨工业大学(深圳),202,337,337,650,2960
2021,19001,北京大学医学部,203,25,25,675,447
2021,19001,北京大学医学部,204,4,4,663,1247
2021,19001,北京大学医学部,205,3,3,674,499
2021,19002,教中国人民大学(苏州校区),202,5,5,629,8343
2021,19002,中国人民大学(苏州校区),203,3,3,629,8544
2021,19004,北京交通大学(威海校区),201,19,19,589,31057
2021,19013,北京邮电大学(宏福校区),201,30,30,611,16878
2021,19027,省北京师范大学(珠海校区),202,114,114,620,12153
2021,19027,北京师范大学(珠海校区),203,71,71,617,13567
2021,19141,大连理工大学(盘锦校区),201,6,6,595,26558
2021,19141,大连理工大学(盘锦校区),202,4,4,592,28948
2021,19141,东大连理工大学(盘锦校区),203,2,2,605,20307
2021,19141,大连理工大学(盘锦校区),204,3,3,603,21299
2021,19145,东北大学秦皇岛分校,202,63,63,598,24465
2021,19145,东北大学秦皇岛分校,203,10,10,598,24830
2021,19213,哈尔滨工业大学(威海),202,6,6,627,9261
2021,19213,哈尔滨工业大学(威海),203,5,5,606,19468
2021,19246,复旦大学医学院,201,5,5,680,263
2021,19246,复旦大学医学院,202,20,20,663,1228
2021,19248,上海交通大学医学院,201,3,3,681,239
2021,19248,上海交通大学医学院,202,2,2,674,496
2021,19335,浙江大学医学院,201,21,21,661,1418
2021,19335,浙江大学医学院,202,2,2,663,1265
2021,19359,合肥工业大学(宣城校区),202,41,41,593,28582
2021,19359,合肥工业大学(宣城校区),203,2,2,590,30459
2021,19359,合肥工业大学(宣城校区),204,6,6,588,32193
2021,19414,中国石油大学(北京)克拉玛依校区,201,14,14,549,70482
2021,19414,中国石油大学(北京)克拉玛依校区,202,6,6,548,72217
2021,19422,山东大学威海分校,204,52,52,609,17927
2021,19422,山东大学威海分校,205,4,4,607,19147
2021,19422,山东大学威海分校,206,11,11,609,17973
2021,19422,山东大学威海分校,207,2,2,603,21561
2021,19422,山东大学威海分校,208,2,2,608,18489
2021,19614,电子科技大学(沙河校区),201,47,47,634,6698
2021,19614,电子科技大学(沙河校区),202,38,38,623,10657
2021,19635,西南大学(荣昌校区),202,11,11,579,40113
2021,19635,西南大学(荣昌校区),203,25,25,562,56388
2021,51721,河北环境工程学院,203,6,6,482,158777
2021,51721,河北环境工程学院,204,9,9,483,156936
2021,80001,汕头大学医学院,211,159,159,594,27634
2021,80001,汕头大学医学院,212,133,133,586,34089
2021,80001,教汕头大学医学院,213,100,100,511,119072
2021,80001,汕头大学医学院,214,40,40,565,53472
2021,80002,华南师范大学(汕尾校区),226,90,90,586,33593
2021,80003,广东工业大学(揭阳校区),209,566,566,549,70693
2021,91004,省陆军工程大学,201,5,5,561,57929
2021,91012,陆军军医大学,201,17,17,591,29914
2022,10001,北京大学,203,24,24,683以上,88以内
2022,10002,中国人民大学,203,47,47,665,644
2022,10002,中国人民大学,204,3,3,665,673
2022,10003,清华大学,-,59,63,683以上,88以内
2022,10004,试北京交通大学,203,7,7,621,9948
2022,10004,北京交通大学,204,53,53,614,13274
2022,10004,考北京交通大学,205,38,38,612,14464
2022,10004,北京交通大学,211,2,2,605,18483
2022,10004,育北京交通大学,212,2,2,606,17771
2022,10005,北京工业大学,201,10,10,603,19925
2022,10006,教北京航空航天大学,203,111,111,654,1623
2022,10007,北京理工大学,202,69,71,646,2757
2022,10007,省北京理工大学,203,5,5,615,12818
2022,10007,北京理工大学,205,4,4,629,7099
2022,10008,北京科技大学,202,42,42,610,15136
2022,10010,北京化工大学,202,43,43,604,19357
2022,10010,北京化工大学,203,52,52,596,24517
2022,10010,北京化工大学,207,3,3,588,31175
2022,10010,省北京化工大学,208,14,14,582,36227
2022,10011,北京工商大学,201,7,7,555,64202
2022,10011,北京工商大学,202,10,10,573,44270
2022,10011,东北京工商大学,203,6,6,567,50428
2022,10011,北京工商大学,204,5,5,552,68054
2022,10012,广北京服装学院,202,5,5,543,79627
2022,10012,北京服装学院,203,13,13,515,119504
2022,10013,北京邮电大学,201,5,5,647,2535
2022,10013,北京邮电大学,202,111,111,625,8321
2022,10015,北京印刷学院,202,6,6,532,94006
2022,10015,北京印刷学院,203,3,3,538,85849
2022,10016,北京建筑大学,202,7,7,582,35644
2022,10017,北京石油化工学院,202,7,7,542,81411
2022,10017,北京石油化工学院,203,2,2,539,84689
2022,10017,北京石油化工学院,204,2,2,542,80578
2022,10019,中国农业大学,202,42,42,610,15264
2022,10019,中国农业大学,203,27,27,613,13836
2022,10019,中国农业大学,204,10,10,612,14345
2022,10019,试中国农业大学,208,5,5,601,21235
2022,10022,北京林业大学,205,68,68,591,28131
2022,10022,北京林业大学,206,5,5,592,27746
2022,10022,考北京林业大学,207,14,14,589,30340
2022,10022,北京林业大学,210,3,3,586,32707
2022,10022,育北京林业大学,212,2,2,572,45956
2022,10026,北京中医药大学,203,2,2,596,24868
2022,10026,教北京中医药大学,204,27,27,597,23598
2022,10027,北京师范大学,202,12,12,653,1676
2022,10027,省北京师范大学,203,12,12,656,1407
2022,10028,首都师范大学,203,4,4,591,28114
2022,10030,北京外国语大学,207,18,18,614,13368
2022,10031,北京第二外国语学院,204,13,13,572,45530
2022,10031,北京第二外国语学院,205,3,3,588,31111
2022,10032,北京语言大学,204,5,5,594,25954
2022,10032,省北京语言大学,205,12,12,583,34921
2022,10033,中国传媒大学,203,49,49,607,16828
2022,10033,中国传媒大学,207,9,9,604,18879
2022,10033,东中国传媒大学,208,6,6,584,34053
2022,10034,中央财经大学,203,61,61,629,7117
2022,10034,广中央财经大学,205,15,15,618,11418
2022,10036,对外经济贸易大学,202,26,26,628,7231
2022,10036,对外经济贸易大学,203,21,21,627,7685
2022,10037,北京物资学院,203,6,6,548,72603
2022,10037,北京物资学院,204,1,1,548,72994
2022,10038,首都经济贸易大学,202,6,6,586,32415
2022,10043,北京体育大学,203,4,4,590,29351
2022,10043,北京体育大学,205,4,4,584,34470
2022,10043,北京体育大学,206,5,5,585,33072
2022,10043,北京体育大学,207,3,3,588,31115
2022,10050,北京电影学院,202,2,2,607,17461
2022,10050,北京电影学院,203,3,3,604,19180
2022,10052,试中央民族大学,203,2,2,607,16862
2022,10052,中央民族大学,204,53,53,605,18373
2022,10052,中央民族大学,205,6,6,606,17636
2022,10053,考中国政法大学,205,1,1,616,12302
2022,10053,中国政法大学,206,4,4,621,9921
2022,10053,育中国政法大学,207,46,46,615,12478
2022,10054,华北电力大学(北京),203,92,92,602,20370
2022,10054,教华北电力大学(北京),204,6,6,598,22897
2022,10055,南开大学,202,46,48,641,3777
2022,10055,省南开大学,203,23,24,637,4674
2022,10056,天津大学,201,35,44,627,7713
2022,10056,天津大学,203,4,5,627,7728
2022,10057,天津科技大学,203,10,10,544,77711
2022,10057,天津科技大学,204,8,8,540,82866
2022,10057,天津科技大学,210,6,6,540,83814
2022,10057,省天津科技大学,211,3,3,533,92879
2022,10058,天津工业大学,201,47,47,580,38279
2022,10058,天津工业大学,202,16,16,563,55188
2022,10058,东天津工业大学,206,5,5,567,50846
2022,10059,中国民航大学,205,2,2,560,59032
2022,10059,广中国民航大学,206,11,11,561,57902
2022,10059,中国民航大学,207,9,9,567,50635
2022,10059,中国民航大学,208,115,115,546,76079
2022,10059,中国民航大学,209,34,34,544,78542
2022,10059,中国民航大学,210,5,5,544,78172
2022,10060,天津理工大学,201,77,77,545,77458
2022,10060,天津理工大学,204,18,18,540,83994
2022,10061,天津农学院,202,11,11,508,129608
2022,10061,天津农学院,203,9,9,503,137074
2022,10061,天津农学院,204,1,1,501,141196
2022,10063,天津中医药大学,204,4,4,551,69332
2022,10063,天津中医药大学,205,6,6,543,79111
2022,10063,试天津中医药大学,206,16,16,560,58927
2022,10063,天津中医药大学,207,6,6,551,68750
2022,10065,天津师范大学,202,45,45,559,59863
2022,10065,考天津师范大学,203,5,5,581,36605
2022,10065,天津师范大学,204,4,4,584,34071
2022,10065,育天津师范大学,205,3,3,589,30237
2022,10066,天津职业技术师范大学,201,31,31,518,115505
2022,10068,教天津外国语大学,207,2,2,556,62879
2022,10068,天津外国语大学,208,14,14,556,63327
2022,10069,省天津商业大学,203,52,52,527,101702
2022,10069,天津商业大学,207,6,6,526,102744
2022,10070,天津财经大学,207,5,5,566,51986
2022,10076,河北工程大学,201,22,22,529,99105
2022,10077,河北地质大学,202,26,26,517,116883
2022,10078,华北水利水电大学,201,13,13,546,75828
2022,10078,省华北水利水电大学,202,7,7,546,75726
2022,10078,华北水利水电大学,204,5,5,516,117267
2022,10079,华北电力大学(保定),203,78,78,600,21573
2022,10079,东华北电力大学(保定),204,9,9,587,31567
2022,10079,华北电力大学(保定),205,14,14,587,31451
2022,10080,广河北工业大学,202,22,22,589,30411
2022,10080,河北工业大学,204,1,1,594,26439
2022,10081,华北理工大学,204,6,6,529,98431
2022,10081,华北理工大学,205,3,3,542,81425
2022,10081,华北理工大学,206,3,3,539,85426
2022,10081,华北理工大学,209,3,3,536,88445
2022,10081,华北理工大学,211,4,4,536,88464
2022,10089,河北医科大学,203,3,3,546,76053
2022,10089,河北医科大学,204,3,3,547,74707
2022,10089,河北医科大学,205,5,5,544,77957
2022,10089,河北医科大学,206,6,6,584,34252
2022,10092,河北北方学院,201,7,7,540,82969
2022,10092,试河北北方学院,202,3,3,508,130391
2022,10093,承德医学院,201,3,3,550,70907
2022,10094,河北师范大学,203,2,2,557,62472
2022,10094,考河北师范大学,204,6,6,555,63915
2022,10094,河北师范大学,205,2,2,559,59868
2022,10101,育衡水学院,202,6,6,500,141895
2022,10101,衡水学院,203,2,2,500,142744
2022,10101,教衡水学院,211,2,2,491,156608
2022,10103,邯郸学院,202,5,5,497,146477
2022,10104,省邢台学院,202,2,2,503,137562
2022,10105,沧州师范学院,203,8,8,498,146033
2022,10107,石家庄铁道大学,202,1,1,543,79320
2022,10107,石家庄铁道大学,204,2,2,555,64849
2022,10107,石家庄铁道大学,205,4,4,539,84788
2022,10108,山西大学,206,8,8,577,41013
2022,10108,省山西大学,207,5,5,557,61765
2022,10108,山西大学,208,6,6,556,63322
2022,10109,太原科技大学,201,10,10,527,101112
2022,10109,东太原科技大学,202,2,2,519,113297
2022,10110,中北大学,203,111,111,540,83640
2022,10110,广中北大学,204,25,25,533,92731
2022,10110,中北大学,205,13,13,537,88126
2022,10110,中北大学,206,5,5,482,171644
2022,10110,中北大学,207,20,20,528,100608
2022,10112,太原理工大学,201,27,27,584,34174
2022,10112,太原理工大学,202,30,30,584,34504
2022,10113,山西农业大学,203,2,2,508,130108
2022,10113,山西农业大学,205,2,2,508,129685
2022,10114,山西医科大学,201,2,2,540,83258
2022,10114,山西医科大学,202,6,6,487,164159
2022,10114,山西医科大学,203,2,2,580,37851
2022,10114,山西医科大学,204,10,10,555,64185
2022,10117,试长治医学院,201,2,2,518,115125
2022,10117,长治医学院,202,4,4,539,84730
2022,10117,长治医学院,203,4,4,544,78068
2022,10118,考山西师范大学,202,14,14,523,107383
2022,10118,山西师范大学,203,4,4,510,126492
2022,10120,育山西大同大学,202,10,10,530,97691
2022,10124,忻州师范学院,201,8,8,499,144729
2022,10124,教忻州师范学院,202,1,1,496,148547
2022,10124,忻州师范学院,203,1,1,497,146997
2022,10125,省山西财经大学,202,11,11,537,87240
2022,10126,内蒙古大学,207,6,6,571,46400
2022,10126,内蒙古大学,209,3,3,576,41254
2022,10126,内蒙古大学,211,2,2,577,40179
2022,10126,内蒙古大学,212,1,1,565,53431
2022,10126,内蒙古大学,213,3,3,568,49810
2022,10126,省内蒙古大学,214,12,12,551,69620
2022,10126,内蒙古大学,215,6,6,558,60735
2022,10126,内蒙古大学,216,2,2,558,61236
2022,10126,东内蒙古大学,217,2,2,566,52051
2022,10126,内蒙古大学,218,2,2,551,68868
2022,10127,广内蒙古科技大学,202,43,43,496,148246
2022,10127,内蒙古科技大学,203,10,10,495,151044
2022,10128,内蒙古工业大学,201,21,21,514,120475
2022,10128,内蒙古工业大学,202,26,26,494,152209
2022,10128,内蒙古工业大学,203,3,3,505,134821
2022,10129,内蒙古农业大学,202,4,4,498,145026
2022,10129,内蒙古农业大学,204,2,2,505,134034
2022,10132,内蒙古医科大学,202,13,13,532,94782
2022,10135,内蒙古师范大学,202,5,5,496,149077
2022,10135,内蒙古师范大学,203,6,6,518,115291
2022,10136,内蒙古民族大学,203,3,3,502,138740
2022,10136,内蒙古民族大学,204,5,5,495,150111
2022,10136,试内蒙古民族大学,205,5,5,529,98246
2022,10136,内蒙古民族大学,206,2,2,496,148516
2022,10136,内蒙古民族大学,207,8,8,497,146989
2022,10140,考辽宁大学,204,5,5,553,66560
2022,10140,辽宁大学,206,4,4,564,54605
2022,10140,育辽宁大学,212,5,5,567,50560
2022,10141,大连理工大学,203,8,8,608,16277
2022,10141,教大连理工大学,204,62,62,613,13656
2022,10141,大连理工大学,207,10,10,607,17441
2022,10142,省沈阳工业大学,202,60,60,527,101570
2022,10143,沈阳航空航天大学,201,4,4,543,79003
2022,10144,沈阳理工大学,201,18,18,533,93663
2022,10145,东北大学,202,2,2,607,16970
2022,10145,东北大学,203,2,2,612,14041
2022,10145,东北大学,204,100,100,604,18894
2022,10145,省东北大学,205,2,2,607,17055
2022,10145,东北大学,208,20,20,584,34359
2022,10145,东北大学,209,17,17,587,32006
2022,10146,东辽宁科技大学,201,11,11,523,108008
2022,10146,辽宁科技大学,204,4,4,493,153133
2022,10147,广辽宁工程技术大学,202,10,10,532,94753
2022,10148,辽宁石油化工大学,202,2,2,510,126630
2022,10148,辽宁石油化工大学,203,2,2,522,108690
2022,10148,辽宁石油化工大学,204,1,1,526,102819
2022,10148,辽宁石油化工大学,208,5,5,503,137902
2022,10148,辽宁石油化工大学,209,5,5,495,150721
2022,10149,沈阳化工大学,202,8,8,516,118539
2022,10149,沈阳化工大学,204,5,5,515,118632
2022,10150,大连交通大学,202,2,2,542,81242
2022,10150,大连交通大学,203,2,2,528,100793
2022,10150,大连交通大学,204,8,8,539,85332
2022,10150,大连交通大学,208,6,6,538,85901
2022,10150,试大连交通大学,209,2,2,541,82200
2022,10150,大连交通大学,211,7,7,519,113214
2022,10151,大连海事大学,203,3,3,588,30797
2022,10151,考大连海事大学,204,85,85,584,34451
2022,10151,大连海事大学,206,14,14,571,46627
2022,10152,育大连工业大学,201,3,3,538,86470
2022,10152,大连工业大学,202,1,1,527,102363
2022,10152,教大连工业大学,203,2,2,517,115690
2022,10152,大连工业大学,204,5,5,520,111726
2022,10152,省大连工业大学,205,4,4,518,114132
2022,10152,大连工业大学,209,2,2,533,92806
2022,10152,大连工业大学,211,4,4,512,124336
2022,10153,沈阳建筑大学,201,21,21,523,108037
2022,10153,沈阳建筑大学,202,2,2,562,56758
2022,10158,大连海洋大学,202,18,18,506,133139
2022,10158,省大连海洋大学,203,7,7,507,131472
2022,10158,大连海洋大学,204,2,2,510,127037
2022,10159,中国医科大学,201,21,21,591,28490
2022,10159,东中国医科大学,205,4,4,559,59417
2022,10160,锦州医科大学,201,13,13,547,74829
2022,10160,广锦州医科大学,202,6,6,516,117234
2022,10160,锦州医科大学,205,5,5,494,152531
2022,10161,大连医科大学,201,12,12,585,33451
2022,10162,辽宁中医药大学,202,6,6,544,77735
2022,10163,沈阳药科大学,205,2,2,543,79780
2022,10163,沈阳药科大学,206,2,2,540,83434
2022,10163,沈阳药科大学,209,6,6,505,134820
2022,10165,辽宁师范大学,206,3,3,513,121726
2022,10167,渤海大学,202,2,2,531,95307
2022,10169,鞍山师范学院,202,1,1,501,140732
2022,10172,大连外国语大学,204,1,1,554,65757
2022,10172,大连外国语大学,205,7,7,556,63664
2022,10172,试大连外国语大学,206,2,2,550,71071
2022,10172,大连外国语大学,207,2,2,547,74136
2022,10173,东北财经大学,205,1,1,575,42216
2022,10173,考东北财经大学,206,13,13,584,34466
2022,10173,东北财经大学,210,3,3,570,47877
2022,10173,育东北财经大学,211,1,1,577,40547
2022,10173,东北财经大学,212,5,5,577,40908
2022,10173,教东北财经大学,213,6,6,575,42587
2022,10173,东北财经大学,214,4,4,568,49562
2022,10183,省吉林大学,208,3,3,608,16536
2022,10183,吉林大学,209,1,1,617,11559
2022,10183,吉林大学,211,57,57,612,14018
2022,10183,吉林大学,213,20,20,609,15926
2022,10183,吉林大学,214,4,4,608,16416
2022,10183,吉林大学,215,95,95,609,15985
2022,10183,省吉林大学,216,14,14,609,16122
2022,10183,吉林大学,217,4,4,609,16196
2022,10183,吉林大学,218,10,10,621,9955
2022,10183,东吉林大学,219,7,7,607,17033
2022,10183,吉林大学,220,2,2,623,9359
2022,10183,广吉林大学,221,4,4,610,15186
2022,10183,吉林大学,222,5,5,612,14479
2022,10183,吉林大学,223,2,2,611,14796
2022,10183,吉林大学,225,18,18,618,11079
2022,10184,延边大学,202,12,12,570,47600
2022,10184,延边大学,203,4,4,577,41104
2022,10186,长春理工大学,204,187,187,535,90246
2022,10186,长春理工大学,206,3,3,533,93121
2022,10186,长春理工大学,207,6,6,543,79699
2022,10186,长春理工大学,208,5,5,538,86415
2022,10186,长春理工大学,209,27,27,521,110047
2022,10188,东北电力大学,202,2,2,544,77695
2022,10188,试东北电力大学,203,33,33,544,78535
2022,10188,东北电力大学,205,3,3,566,51746
2022,10190,长春工业大学,201,30,30,522,108646
2022,10190,考长春工业大学,202,5,5,515,119351
2022,10190,长春工业大学,203,1,1,513,122352
2022,10190,育长春工业大学,204,9,9,511,125590
2022,10191,吉林建筑大学,201,10,10,512,123879
2022,10191,教吉林建筑大学,202,2,2,512,124505
2022,10191,吉林建筑大学,203,14,14,506,133124
2022,10191,省吉林建筑大学,205,4,4,508,129578
2022,10193,吉林农业大学,201,4,4,508,130177
2022,10193,吉林农业大学,203,2,2,505,135075
2022,10199,长春中医药大学,202,1,1,516,117147
2022,10200,东北师范大学,204,2,2,593,26632
2022,10200,东北师范大学,205,1,1,598,23223
2022,10200,省东北师范大学,206,1,1,599,22564
2022,10200,东北师范大学,207,2,2,591,28682
2022,10200,东北师范大学,208,2,2,598,22928
2022,10200,东东北师范大学,209,10,10,600,22056
2022,10200,东北师范大学,210,2,2,607,17141
2022,10201,广北华大学,203,27,27,511,126000
2022,10201,北华大学,204,4,4,511,125335
2022,10201,北华大学,205,5,5,505,135461
2022,10203,吉林师范大学,204,8,8,522,109546
2022,10205,长春师范大学,203,10,10,514,120712
2022,10205,长春师范大学,204,2,2,528,100945
2022,10205,长春师范大学,206,2,2,525,104727
2022,10207,吉林财经大学,202,17,17,529,98349
2022,10207,吉林财经大学,206,7,7,510,127026
2022,10212,黑龙江大学,202,121,121,525,104885
2022,10212,黑龙江大学,203,62,62,510,126984
2022,10212,黑龙江大学,204,2,2,534,92332
2022,10213,试哈尔滨工业大学,201,46,46,642,3455
2022,10213,哈尔滨工业大学,202,9,9,609,15821
2022,10213,哈尔滨工业大学,204,7,7,599,22311
2022,10213,考哈尔滨工业大学,205,5,5,613,13500
2022,10214,哈尔滨理工大学,203,242,242,527,101736
2022,10214,育哈尔滨理工大学,204,14,14,523,107409
2022,10214,哈尔滨理工大学,205,55,55,526,102814
2022,10216,教燕山大学,203,3,3,536,89595
2022,10216,燕山大学,204,3,3,556,63736
2022,10216,省燕山大学,205,30,30,567,51175
2022,10216,燕山大学,206,6,6,560,58329
2022,10217,哈尔滨工程大学,208,2,2,581,37300
2022,10217,哈尔滨工程大学,210,2,2,594,26161
2022,10217,哈尔滨工程大学,211,2,2,590,29499
2022,10219,黑龙江科技大学,204,68,68,509,128995
2022,10219,省黑龙江科技大学,205,2,2,508,130066
2022,10220,东北石油大学,203,12,12,523,106737
2022,10220,东北石油大学,204,1,1,523,107044
2022,10220,东东北石油大学,205,6,6,525,104362
2022,10222,佳木斯大学,203,5,5,496,148231
2022,10222,广佳木斯大学,204,58,58,494,151347
2022,10222,佳木斯大学,205,10,10,541,81612
2022,10224,东北农业大学,203,20,20,571,46248
2022,10224,东北农业大学,204,2,2,571,46402
2022,10224,东北农业大学,205,2,2,570,47140
2022,10224,东北农业大学,206,6,6,564,54242
2022,10224,东北农业大学,208,9,9,571,46631
2022,10225,东北林业大学,203,7,7,574,43904
2022,10225,东北林业大学,206,4,4,567,50841
2022,10226,哈尔滨医科大学,202,6,6,534,91147
2022,10226,哈尔滨医科大学,203,15,15,586,32360
2022,10226,哈尔滨医科大学,204,7,7,566,52384
2022,10226,试哈尔滨医科大学,205,2,2,566,52047
2022,10228,黑龙江中医药大学,201,6,6,569,48752
2022,10228,黑龙江中医药大学,202,10,10,515,119643
2022,10228,考黑龙江中医药大学,203,29,29,513,122809
2022,10229,牡丹江医学院,201,3,3,512,123257
2022,10229,育牡丹江医学院,202,10,10,533,93743
2022,10231,哈尔滨师范大学,204,3,3,550,71068
2022,10231,教哈尔滨师范大学,205,15,15,528,100381
2022,10231,哈尔滨师范大学,206,5,5,553,67077
2022,10231,省哈尔滨师范大学,207,16,16,508,129630
2022,10232,齐齐哈尔大学,203,64,64,501,140473
2022,10232,齐齐哈尔大学,205,25,25,493,152902
2022,10233,牡丹江师范学院,207,4,4,496,149464
2022,10234,哈尔滨学院,202,13,13,497,146837
2022,10234,哈尔滨学院,203,1,1,498,145342
2022,10240,省哈尔滨商业大学,202,4,4,516,118146
2022,10240,哈尔滨商业大学,203,85,85,498,145210
2022,10240,哈尔滨商业大学,204,16,16,504,136629
2022,10240,东哈尔滨商业大学,205,10,10,495,150193
2022,10242,哈尔滨体育学院,202,20,20,491,157483
2022,10246,广复旦大学,202,38,38,671,376
2022,10246,复旦大学,205,24,24,669,452
2022,10246,复旦大学,206,3,3,681,116
2022,10247,同济大学,204,8,8,646,2785
2022,10247,同济大学,205,66,66,647,2626
2022,10247,同济大学,206,18,18,644,3004
2022,10248,上海交通大学,202,8,8,681,111
2022,10248,上海交通大学,204,88,88,660,961
2022,10251,华东理工大学,202,25,25,609,15950
2022,10251,华东理工大学,204,4,4,610,15555
2022,10251,华东理工大学,205,2,2,610,15512
2022,10251,华东理工大学,210,11,11,593,26858
2022,10252,试上海理工大学,201,23,23,589,30387
2022,10252,上海理工大学,203,15,15,576,41835
2022,10254,上海海事大学,202,85,85,557,61798
2022,10254,考上海海事大学,203,7,7,566,52071
2022,10255,东华大学,205,22,22,604,18914
2022,10255,育东华大学,206,4,4,596,24814
2022,10256,上海电力大学,201,8,8,597,24115
2022,10256,教上海电力大学,203,2,2,599,22458
2022,10259,上海应用技术大学,201,5,5,553,66941
2022,10259,省上海应用技术大学,202,19,19,556,62674
2022,10262,上海健康医学院,201,15,15,522,108773
2022,10264,上海海洋大学,202,29,29,571,46644
2022,10269,华东师范大学,203,23,23,639,4127
2022,10269,华东师范大学,204,4,4,643,3232
2022,10269,华东师范大学,205,3,3,640,3903
2022,10269,省华东师范大学,206,2,2,642,3392
2022,10270,上海师范大学,208,3,3,551,69224
2022,10271,上海外国语大学,207,12,12,613,13628
2022,10272,东上海财经大学,202,40,40,634,5295
2022,10276,华东政法大学,202,18,18,620,10356
2022,10277,广上海体育学院,203,9,9,551,68810
2022,10278,上海音乐学院,202,1,1,590,28964
2022,10280,上海大学,203,5,5,603,19571
2022,10284,南京大学,202,40,40,662,845
2022,10284,南京大学,203,56,56,665,643
2022,10285,苏州大学,207,2,2,615,12489
2022,10285,苏州大学,209,9,9,603,19756
2022,10285,苏州大学,211,2,2,592,27297
2022,10285,苏州大学,212,19,19,608,16438
2022,10285,苏州大学,213,4,4,600,21971
2022,10286,东南大学,204,81,81,636,4814
2022,10287,南京航空航天大学,201,3,3,612,14160
2022,10287,试南京航空航天大学,202,5,5,612,14124
2022,10287,南京航空航天大学,203,62,62,614,13443
2022,10288,南京理工大学,201,63,63,611,14703
2022,10288,考南京理工大学,202,10,10,606,17839
2022,10289,江苏科技大学,203,42,42,550,70371
2022,10289,育江苏科技大学,204,2,2,551,69878
2022,10289,江苏科技大学,205,5,5,546,75902
2022,10290,教中国矿业大学,202,99,99,595,25199
2022,10290,中国矿业大学,203,10,10,590,28949
2022,10290,省中国矿业大学,207,3,3,580,37858
2022,10291,南京工业大学,202,21,21,578,39990
2022,10291,南京工业大学,204,6,6,579,38859
2022,10292,常州大学,202,5,5,536,88619
2022,10292,常州大学,203,3,3,546,75696
2022,10292,常州大学,204,7,7,533,92502
2022,10292,省常州大学,205,4,4,537,87853
2022,10292,常州大学,208,2,2,536,89001
2022,10293,南京邮电大学,201,144,144,596,24604
2022,10294,东河海大学,204,126,126,596,24708
2022,10294,河海大学,205,5,5,598,23512
2022,10294,广河海大学,206,8,8,594,26015
2022,10294,河海大学,212,6,6,582,36280
2022,10294,河海大学,213,5,5,582,36022
2022,10295,江南大学,202,11,11,604,19366
2022,10295,江南大学,203,28,29,587,31907
2022,10295,江南大学,206,6,6,581,36883
2022,10298,南京林业大学,203,21,21,566,52447
2022,10298,南京林业大学,205,6,6,561,57931
2022,10299,江苏大学,202,10,10,579,38774
2022,10299,江苏大学,203,34,34,566,51985
2022,10300,南京信息工程大学,203,73,73,585,33524
2022,10300,南京信息工程大学,208,14,14,574,43724
2022,10304,试南通大学,204,5,5,552,67771
2022,10304,南通大学,205,5,5,544,78802
2022,10304,南通大学,206,1,1,553,67083
2022,10304,考南通大学,207,9,9,545,77019
2022,10304,南通大学,208,10,10,559,59590
2022,10304,育南通大学,209,11,11,522,108454
2022,10305,盐城工学院,201,5,5,514,120413
2022,10307,教南京农业大学,202,46,46,587,31964
2022,10307,南京农业大学,203,39,39,584,34155
2022,10312,省南京医科大学,202,2,2,636,4740
2022,10312,南京医科大学,203,2,2,582,35816
2022,10312,南京医科大学,205,2,2,585,32997
2022,10316,中国药科大学,203,10,10,599,22139
2022,10316,中国药科大学,204,14,14,611,14953
2022,10316,中国药科大学,207,4,4,593,26662
2022,10319,省南京师范大学,202,5,5,597,24060
2022,10319,南京师范大学,203,3,3,607,17211
2022,10320,江苏师范大学,205,1,1,562,56156
2022,10324,东盐城师范学院,202,26,26,500,142161
2022,10324,盐城师范学院,203,2,2,510,126793
2022,10327,广南京财经大学,204,28,28,568,49833
2022,10327,南京财经大学,207,2,2,570,47680
2022,10329,江苏警官学院,202,3,3,538,86439
2022,10330,南京体育学院,203,5,5,504,136921
2022,10332,苏州科技大学,205,10,10,554,66098
2022,10332,苏州科技大学,206,4,4,550,70473
2022,10333,常熟理工学院,201,10,10,519,113749
2022,10335,浙江大学,203,2,2,671,366
2022,10335,浙江大学(农学),204,43,43,643,3207
2022,10336,杭州电子科技大学,202,84,84,586,32322
2022,10336,杭州电子科技大学,204,11,11,584,33923
2022,10337,浙江工业大学,201,13,13,573,44889
2022,10337,试浙江工业大学,202,3,3,578,39847
2022,10337,浙江工业大学,203,71,71,583,34995
2022,10337,浙江工业大学,204,20,20,575,42324
2022,10337,考浙江工业大学,206,10,10,570,47153
2022,10338,浙江理工大学,203,9,9,559,59476
2022,10338,育浙江理工大学,204,85,85,567,51344
2022,10338,浙江理工大学,205,5,5,564,54051
2022,10338,教浙江理工大学,206,27,27,528,99703
2022,10340,浙江海洋大学,204,2,2,546,75414
2022,10340,省浙江海洋大学,205,2,2,542,80813
2022,10340,浙江海洋大学,206,3,3,531,95457
2022,10340,浙江海洋大学,208,2,2,543,79480
2022,10341,浙江农林大学,203,14,14,545,76637
2022,10341,浙江农林大学,204,6,6,550,70424
2022,10341,浙江农林大学,205,6,6,546,75817
2022,10341,省浙江农林大学,210,4,4,531,95662
2022,10343,温州医科大学,202,15,15,591,28546
2022,10343,温州医科大学,205,2,2,589,30205
2022,10344,东浙江中医药大学,203,2,2,548,73309
2022,10344,浙江中医药大学,204,5,5,558,60419
2022,10344,广浙江中医药大学,205,7,7,550,70957
2022,10345,浙江师范大学,204,3,3,589,30394
2022,10345,浙江师范大学,205,6,6,565,52747
2022,10345,浙江师范大学,207,32,32,575,42440
2022,10345,浙江师范大学,209,3,3,553,66469
2022,10345,浙江师范大学,210,8,8,568,49780
2022,10346,杭州师范大学,202,15,15,569,48501
2022,10346,杭州师范大学,204,2,2,585,33686
2022,10346,杭州师范大学,205,3,3,574,43537
2022,10347,湖州师范学院,202,8,8,516,117288
2022,10352,丽水学院,201,14,14,508,129328
2022,10352,丽水学院,202,3,3,520,112284
2022,10352,试丽水学院,203,2,2,543,79221
2022,10352,丽水学院,204,7,7,508,130094
2022,10352,丽水学院,205,4,4,501,140353
2022,10353,考浙江工商大学,205,2,2,574,43805
2022,10353,浙江工商大学,206,5,5,555,64266
2022,10354,育嘉兴学院,201,26,26,534,91135
2022,10354,嘉兴学院,202,9,9,521,110377
2022,10355,教中国美术学院,202,8,8,594,26008
2022,10356,中国计量大学,202,1,1,574,43572
2022,10356,省中国计量大学,203,53,53,564,54661
2022,10356,中国计量大学,204,2,2,563,55253
2022,10357,安徽大学,203,48,48,594,25918
2022,10358,中国科学技术大学,201,70,70,665,660
2022,10358,中国科学技术大学,202,20,23,663,788
2022,10359,合肥工业大学,204,10,10,589,30146
2022,10359,省合肥工业大学,205,84,84,592,27518
2022,10359,合肥工业大学,206,6,6,588,30894
2022,10359,合肥工业大学,211,7,7,574,43421
2022,10360,东安徽工业大学,202,14,14,542,81225
2022,10360,安徽工业大学,203,2,2,535,91011
2022,10361,广安徽理工大学,201,60,60,540,83937
2022,10361,安徽理工大学,202,12,12,535,89642
2022,10361,安徽理工大学,203,34,34,528,100847
2022,10361,安徽理工大学,205,4,4,529,99115
2022,10363,安徽工程大学,201,2,2,540,82860
2022,10363,安徽工程大学,202,3,3,530,98039
2022,10363,安徽工程大学,205,2,2,526,102554
2022,10364,安徽农业大学,204,16,16,539,85211
2022,10364,安徽农业大学,205,3,3,542,81179
2022,10366,安徽医科大学,202,11,11,558,60407
2022,10369,安徽中医药大学,202,1,1,550,70759
2022,10369,安徽中医药大学,203,2,2,511,124794
2022,10369,试安徽中医药大学,204,4,4,533,92966
2022,10370,安徽师范大学,202,15,15,545,77111
2022,10370,安徽师范大学,203,4,4,564,54463
2022,10370,考安徽师范大学,204,6,6,551,69517
2022,10372,安庆师范大学,202,10,10,516,118531
2022,10373,育淮北师范大学,205,1,1,527,101730
2022,10373,淮北师范大学,206,1,1,515,118645
2022,10373,教淮北师范大学,207,5,5,518,115286
2022,10378,安徽财经大学,203,15,15,540,83884
2022,10378,省安徽财经大学,204,13,13,541,81652
2022,10378,安徽财经大学,206,2,2,541,81598
2022,10384,厦门大学(马来西亚分校),206,25,25,590,28943
2022,10384,厦门大学(马来西亚分校),208,4,4,584,34115
2022,10384,厦门大学,210,31,31,631,6380
2022,10384,厦门大学,211,17,17,626,7916
2022,10384,省厦门大学,212,15,15,624,8621
2022,10384,厦门大学,218,54,54,625,8523
2022,10385,华侨大学,209,134,134,553,67168
2022,10385,东华侨大学,210,19,19,551,69436
2022,10385,华侨大学,211,15,15,553,67064
2022,10386,广福州大学,202,3,3,588,30670
2022,10386,福州大学,203,5,5,590,29048
2022,10386,福州大学,204,19,19,598,23089
2022,10386,福州大学,206,15,15,582,36374
2022,10389,福建农林大学,203,29,29,539,85104
2022,10389,福建农林大学,204,34,34,534,91650
2022,10389,福建农林大学,206,21,21,524,106523
2022,10390,集美大学,203,10,10,558,60659
2022,10390,集美大学,204,6,6,549,71597
2022,10390,集美大学,205,8,8,548,72564
2022,10390,集美大学,208,6,6,561,57621
2022,10392,福建医科大学,201,4,4,532,94710
2022,10392,试福建医科大学,202,7,7,573,44602
2022,10392,福建医科大学,203,2,2,563,55281
2022,10393,福建中医药大学,201,2,2,570,47244
2022,10393,考福建中医药大学,202,2,2,570,47490
2022,10393,福建中医药大学,203,1,1,546,75735
2022,10394,育福建师范大学,205,3,3,581,37095
2022,10394,福建师范大学,206,50,50,557,61874
2022,10394,教福建师范大学,207,19,19,553,67108
2022,10394,福建师范大学,208,24,24,549,71969
2022,10394,省福建师范大学,217,27,27,538,85585
2022,10395,闽江学院,202,5,5,526,102946
2022,10397,武夷学院,203,11,11,508,130710
2022,10399,泉州师范学院,201,2,2,549,71816
2022,10399,泉州师范学院,202,2,2,540,83336
2022,10399,泉州师范学院,203,2,2,539,85092
2022,10399,省泉州师范学院,204,10,10,522,108191
2022,10399,泉州师范学院,205,4,4,521,110886
2022,10399,泉州师范学院,206,4,4,506,132417
2022,10402,东闽南师范大学,201,20,20,532,93935
2022,10403,南昌大学,205,44,44,594,26170
2022,10403,广南昌大学,206,5,5,587,32027
2022,10403,南昌大学,207,16,16,591,28427
2022,10403,南昌大学,208,4,4,590,29335
2022,10403,南昌大学,209,13,13,593,26924
2022,10403,南昌大学,214,5,5,559,59564
2022,10403,南昌大学,215,7,7,588,31058
2022,10404,华东交通大学,203,5,5,545,76479
2022,10404,华东交通大学,205,17,17,538,85559
2022,10404,华东交通大学,207,3,3,530,97867
2022,10405,东华理工大学,202,50,50,536,88910
2022,10406,南昌航空大学,204,60,60,546,75881
2022,10406,南昌航空大学,205,33,33,532,94041
2022,10406,试南昌航空大学,210,4,4,562,55821
2022,10406,南昌航空大学,211,4,4,535,89755
2022,10406,南昌航空大学,212,4,4,547,74781
2022,10407,考江西理工大学,203,3,3,549,71244
2022,10407,江西理工大学,204,64,64,546,76187
2022,10407,育江西理工大学,205,4,4,545,77064
2022,10407,江西理工大学,206,28,28,533,92972
2022,10407,教江西理工大学,209,10,10,550,70675
2022,10407,江西理工大学,210,3,3,536,88501
2022,10408,省景德镇陶瓷大学,205,4,4,518,115052
2022,10408,景德镇陶瓷大学,206,1,1,514,120823
2022,10410,江西农业大学,204,3,3,521,109940
2022,10410,江西农业大学,206,2,2,541,82761
2022,10410,江西农业大学,207,10,10,531,96098
2022,10410,江西农业大学,208,12,12,520,111848
2022,10412,省江西中医药大学,205,1,1,556,63596
2022,10412,江西中医药大学,206,12,12,563,55280
2022,10412,江西中医药大学,207,7,7,537,87614
2022,10412,东江西中医药大学,208,2,2,521,110935
2022,10412,江西中医药大学,209,3,3,538,86783
2022,10413,广赣南医学院,201,10,10,498,144904
2022,10413,赣南医学院,202,5,5,512,123674
2022,10413,赣南医学院,203,6,6,520,112488
2022,10413,赣南医学院,204,14,14,552,68203
2022,10414,江西师范大学,210,1,1,550,71080
2022,10414,江西师范大学,211,2,2,559,59289
2022,10414,江西师范大学,213,107,107,539,84303
2022,10414,江西师范大学,215,12,12,549,71696
2022,10414,江西师范大学,216,9,9,553,67148
2022,10414,江西师范大学,217,5,5,569,48801
2022,10416,上饶师范学院,205,23,23,501,140608
2022,10416,上饶师范学院,206,3,3,506,132664
2022,10416,试上饶师范学院,207,8,8,500,143132
2022,10417,宜春学院,205,10,10,504,136165
2022,10417,宜春学院,206,16,16,532,94715
2022,10417,考宜春学院,207,2,2,505,134616
2022,10417,宜春学院,208,1,1,522,109724
2022,10418,育赣南师范大学,208,15,15,533,92591
2022,10418,赣南师范大学,209,2,2,549,71477
2022,10418,教赣南师范大学,210,4,4,540,83016
2022,10418,赣南师范大学,211,2,2,549,71620
2022,10418,省赣南师范大学,212,1,1,554,65466
2022,10418,赣南师范大学,213,2,2,542,80864
2022,10419,井冈山大学,204,27,27,518,114836
2022,10419,井冈山大学,206,2,2,521,110814
2022,10421,江西财经大学,204,119,119,546,75439
2022,10422,山东大学,203,109,109,616,12070
2022,10422,省山东大学,204,12,12,614,13409
2022,10422,山东大学,205,4,4,635,5070
2022,10422,山东大学,206,8,8,613,13816
2022,10423,东中国海洋大学,207,60,60,603,19603
2022,10423,中国海洋大学,208,32,32,603,19888
2022,10423,广中国海洋大学,209,15,15,607,17257
2022,10423,中国海洋大学,211,17,17,603,19408
2022,10423,中国海洋大学,212,9,9,602,20331
2022,10423,中国海洋大学,220,2,2,604,19274
2022,10423,中国海洋大学,221,2,2,602,20316
2022,10423,中国海洋大学,222,3,3,597,23772
2022,10423,中国海洋大学,224,3,3,594,26461
2022,10425,中国石油大学(华东),201,2,2,590,29093
2022,10425,中国石油大学(华东),202,4,4,589,30000
2022,10425,中国石油大学(华东),203,5,5,591,28187
2022,10425,中国石油大学(华东),204,9,9,588,31231
2022,10425,中国石油大学(华东),205,49,49,588,31068
2022,10425,试中国石油大学(华东),206,2,2,587,31810
2022,10426,青岛科技大学,201,5,5,543,79147
2022,10426,青岛科技大学,202,3,3,546,75944
2022,10426,考青岛科技大学,203,2,2,545,77193
2022,10427,济南大学,205,23,23,544,78829
2022,10427,育济南大学,206,4,4,554,65249
2022,10427,济南大学,207,4,4,549,71823
2022,10427,教济南大学,208,37,37,539,84805
2022,10427,济南大学,209,2,2,562,56211
2022,10427,省济南大学,214,12,12,543,79112
2022,10427,济南大学,215,15,15,550,70569
2022,10427,济南大学,217,8,8,541,81479
2022,10429,青岛理工大学,203,3,3,540,82999
2022,10429,青岛理工大学,204,3,3,540,83366
2022,10430,山东建筑大学,202,1,1,566,51434
2022,10430,省山东建筑大学,203,29,29,529,99217
2022,10431,齐鲁工业大学,203,16,16,532,94357
2022,10431,齐鲁工业大学,204,17,17,511,124846
2022,10431,东齐鲁工业大学,205,25,25,455,217146
2022,10433,山东理工大学,202,5,5,544,78027
2022,10433,广山东理工大学,203,6,6,533,93029
2022,10433,山东理工大学,204,2,2,537,88118
2022,10433,山东理工大学,205,4,4,537,87722
2022,10433,山东理工大学,206,2,2,533,92962
2022,10434,山东农业大学,202,56,56,526,102979
2022,10434,山东农业大学,203,24,24,524,105335
2022,10435,青岛农业大学,203,23,23,514,121207
2022,10438,潍坊医学院,201,5,5,507,132283
2022,10438,潍坊医学院,202,11,11,541,82068
2022,10439,山东第一医科大学,202,5,5,577,40318
2022,10439,山东第一医科大学,203,5,5,532,94120
2022,10440,滨州医学院,202,2,2,504,135915
2022,10440,试滨州医学院,203,1,1,578,39345
2022,10440,滨州医学院,204,5,5,540,82853
2022,10441,山东中医药大学,204,12,12,530,98121
2022,10441,考山东中医药大学,205,3,3,552,68679
2022,10441,山东中医药大学,206,2,2,529,99394
2022,10441,育山东中医药大学,208,1,1,536,88774
2022,10443,济宁医学院,201,6,6,546,75171
2022,10445,教山东师范大学,204,46,46,546,75308
2022,10445,山东师范大学,205,6,6,560,58943
2022,10445,省山东师范大学,206,9,9,552,67812
2022,10445,山东师范大学,207,7,7,568,49926
2022,10447,聊城大学,201,5,5,526,102940
2022,10451,鲁东大学,202,12,12,517,116361
2022,10452,临沂大学,202,17,17,517,115834
2022,10452,临沂大学,206,4,4,504,136994
2022,10453,省泰山学院,202,5,5,497,146766
2022,10455,菏泽学院,203,2,2,500,142786
2022,10455,菏泽学院,204,1,1,512,123990
2022,10456,东山东财经大学,202,20,20,547,74973
2022,10459,郑州大学,208,1,1,594,26127
2022,10459,广郑州大学,209,8,8,594,26408
2022,10459,郑州大学,210,4,4,603,19601
2022,10459,郑州大学,211,13,13,598,23149
2022,10459,郑州大学,212,5,5,592,27371
2022,10459,郑州大学,213,1,1,597,24182
2022,10460,河南理工大学,206,1,1,547,74609
2022,10460,河南理工大学,208,2,2,532,95159
2022,10462,郑州轻工业大学,204,8,8,520,112229
2022,10462,郑州轻工业大学,206,8,8,522,109198
2022,10462,郑州轻工业大学,207,8,8,505,134873
2022,10463,河南工业大学,204,17,17,538,86201
2022,10463,河南工业大学,205,20,20,525,104469
2022,10463,试河南工业大学,206,4,4,524,106319
2022,10463,河南工业大学,213,2,2,539,85438
2022,10463,河南工业大学,214,2,2,512,123695
2022,10463,考河南工业大学,215,2,2,506,133598
2022,10464,河南科技大学,204,29,29,543,79194
2022,10464,育河南科技大学,205,3,3,539,84389
2022,10464,河南科技大学,206,3,3,539,84582
2022,10464,教河南科技大学,207,13,13,538,86774
2022,10464,河南科技大学,208,6,6,534,91476
2022,10464,省河南科技大学,209,5,5,555,64651
2022,10465,中原工学院,202,6,6,512,124283
2022,10466,河南农业大学,205,6,6,533,93475
2022,10471,河南中医药大学,203,3,3,524,105738
2022,10471,河南中医药大学,204,5,5,549,71809
2022,10471,河南中医药大学,205,3,3,529,98660
2022,10472,省新乡医学院,201,23,23,550,70274
2022,10475,河南大学,228,50,50,563,55706
2022,10475,河南大学,230,5,5,569,49240
2022,10475,东河南大学,231,16,16,566,51882
2022,10475,河南大学,232,4,4,569,48335
2022,10475,广河南大学,233,13,13,568,49475
2022,10475,河南大学,234,5,5,568,49594
2022,10475,河南大学,235,8,8,562,56446
2022,10475,河南大学,236,9,9,560,58255
2022,10475,河南大学,244,5,5,545,76765
2022,10475,河南大学,245,5,5,554,66059
2022,10476,河南师范大学,204,5,5,485,167044
2022,10477,信阳师范学院,206,9,9,487,162860
2022,10478,,202,13,13,498,145394
2022,10481,南阳师范学院,202,32,32,498,145796
2022,10481,南阳师范学院,203,6,6,496,148076
2022,10482,洛阳师范学院,202,8,8,525,104177
2022,10482,试洛阳师范学院,203,4,4,519,113842
2022,10483,商丘师范学院,202,10,10,498,145589
2022,10483,商丘师范学院,203,2,2,497,147416
2022,10484,考河南财经政法大学,204,5,5,557,62570
2022,10484,河南财经政法大学,213,2,2,535,90439
2022,10484,育河南财经政法大学,214,4,4,513,122998
2022,10485,郑州航空工业管理学院,202,12,12,511,125394
2022,10485,教郑州航空工业管理学院,203,4,4,511,125970
2022,10486,武汉大学,202,160,160,643,3215
2022,10486,省武汉大学,203,55,55,645,2941
2022,10486,武汉大学,207,4,4,634,5536
2022,10487,华中科技大学,203,9,9,652,1812
2022,10487,华中科技大学,208,20,20,609,16045
2022,10488,武汉科技大学,203,33,33,575,42495
2022,10488,武汉科技大学,204,22,22,554,65276
2022,10488,省武汉科技大学,205,9,9,563,55243
2022,10488,武汉科技大学,206,14,14,562,56618
2022,10489,长江大学,205,26,26,544,77694
2022,10489,东长江大学,206,6,6,534,92083
2022,10489,长江大学,207,2,2,541,82671
2022,10489,广长江大学,211,5,5,517,116406
2022,10490,武汉工程大学,201,5,5,558,61476
2022,10490,武汉工程大学,202,14,14,564,54393
2022,10490,武汉工程大学,203,4,4,553,67432
2022,10490,武汉工程大学,207,2,2,535,90395
2022,10491,中国地质大学(武汉),205,101,101,595,25703
2022,10495,武汉纺织大学,203,22,22,545,77531
2022,10496,武汉轻工大学,203,8,8,551,69242
2022,10496,武汉轻工大学,204,4,4,547,74825
2022,10497,武汉理工大学,203,11,11,614,13450
2022,10497,武汉理工大学,204,178,178,603,20014
2022,10497,武汉理工大学,205,22,22,597,23940
2022,10497,试武汉理工大学,208,31,31,600,21616
2022,10497,武汉理工大学,212,8,8,592,27522
2022,10497,武汉理工大学,213,4,4,586,32419
2022,10500,考湖北工业大学,203,46,46,552,67666
2022,10500,湖北工业大学,204,44,44,549,71484
2022,10500,育湖北工业大学,208,60,60,528,100641
2022,10504,华中农业大学,203,14,14,594,25929
2022,10504,教华中农业大学,204,38,38,588,30685
2022,10504,华中农业大学,205,6,6,586,32583
2022,10507,省湖北中医药大学,203,6,6,541,81484
2022,10507,湖北中医药大学,204,19,19,559,60078
2022,10511,华中师范大学,209,51,51,603,19593
2022,10511,华中师范大学,211,7,7,614,13130
2022,10512,湖北大学,206,3,3,564,54056
2022,10512,湖北大学,207,63,63,560,58700
2022,10512,省湖北大学,208,22,22,550,70343
2022,10512,湖北大学,209,16,16,552,68404
2022,10512,湖北大学,216,11,11,549,71724
2022,10512,东湖北大学,217,5,5,533,93722
2022,10513,湖北师范大学,202,1,1,555,64647
2022,10513,广湖北师范大学,203,6,6,547,73864
2022,10519,湖北文理学院,203,5,5,519,112677
2022,10520,中南财经政法大学,206,7,7,600,21821
2022,10520,中南财经政法大学,207,1,1,599,22556
2022,10520,中南财经政法大学,208,1,1,599,22388
2022,10520,中南财经政法大学,209,1,1,606,17632
2022,10520,中南财经政法大学,213,4,4,626,7984
2022,10524,中南民族大学,203,21,21,541,81987
2022,10524,中南民族大学,204,7,7,545,77638
2022,10524,中南民族大学,205,9,9,546,76290
2022,10525,湖北汽车工业学院,201,2,2,518,115325
2022,10525,湖北汽车工业学院,204,4,4,504,137005
2022,10528,试湖北工程学院,202,7,7,522,108701
2022,10528,湖北工程学院,203,2,2,516,118407
2022,10530,湘潭大学,203,37,37,584,34496
2022,10531,考吉首大学,203,6,6,538,86434
2022,10531,吉首大学,204,4,4,534,91204
2022,10531,育吉首大学,205,4,4,531,96056
2022,10532,湖南大学,203,189,189,613,13570
2022,10532,教湖南大学,204,8,8,613,13793
2022,10532,湖南大学,205,29,29,610,15124
2022,10532,省湖南大学(本科预科班),208,2,1,544,78748
2022,10533,中南大学,202,160,160,620,10234
2022,10533,中南大学,207,3,3,660,1022
2022,10533,中南大学,209,16,16,605,18414
2022,10534,湖南科技大学,206,3,3,553,66374
2022,10534,湖南科技大学,207,1,1,545,77200
2022,10534,省湖南科技大学,208,173,173,543,80045
2022,10534,湖南科技大学,209,2,2,554,65199
2022,10534,湖南科技大学,210,20,20,543,79404
2022,10534,东湖南科技大学,211,13,13,546,76139
2022,10534,湖南科技大学,212,1,1,558,61055
2022,10536,广长沙理工大学,203,6,6,556,62821
2022,10536,长沙理工大学,204,19,19,554,65729
2022,10536,长沙理工大学,205,17,17,583,34740
2022,10536,长沙理工大学,206,64,64,569,49090
2022,10536,长沙理工大学,207,135,135,553,67349
2022,10536,长沙理工大学,208,15,15,552,67714
2022,10536,长沙理工大学,215,2,2,549,71972
2022,10536,长沙理工大学,217,4,4,554,65874
2022,10537,湖南农业大学,206,3,3,555,64223
2022,10537,湖南农业大学,207,87,87,540,83568
2022,10537,湖南农业大学,208,7,7,544,77667
2022,10537,湖南农业大学,209,3,3,547,74273
2022,10537,试湖南农业大学,210,36,36,543,79444
2022,10537,湖南农业大学,211,16,16,548,73358
2022,10537,湖南农业大学,212,9,9,538,85943
2022,10537,考湖南农业大学,213,2,2,547,74278
2022,10537,湖南农业大学,221,16,16,547,74361
2022,10537,育湖南农业大学,224,15,15,514,120404
2022,10537,湖南农业大学,225,15,15,513,121943
2022,10537,教湖南农业大学,226,20,20,513,122208
2022,10538,中南林业科技大学,205,10,10,543,79591
2022,10538,省中南林业科技大学,206,80,80,534,91517
2022,10538,中南林业科技大学,207,4,4,550,70606
2022,10541,湖南中医药大学,201,35,35,531,96030
2022,10541,湖南中医药大学,203,1,1,550,70022
2022,10542,湖南师范大学,202,47,47,592,27543
2022,10542,湖南师范大学,203,10,10,587,31296
2022,10542,省湖南师范大学,204,18,18,591,28289
2022,10543,湖南理工学院,203,28,28,537,87433
2022,10543,湖南理工学院,210,3,3,497,146464
2022,10545,东湘南学院,203,2,2,531,96636
2022,10545,湘南学院,204,4,4,518,115519
2022,10545,广湘南学院,205,12,12,524,105787
2022,10546,衡阳师范学院,204,2,2,526,103302
2022,10546,衡阳师范学院,205,14,14,520,111198
2022,10546,衡阳师范学院,206,3,3,532,93904
2022,10546,衡阳师范学院,207,3,3,544,78152
2022,10546,衡阳师范学院,208,3,3,522,109684
2022,10547,邵阳学院,207,2,2,516,117944
2022,10547,邵阳学院,209,3,3,541,81810
2022,10547,邵阳学院,210,27,27,503,137350
2022,10547,邵阳学院,211,2,2,507,131062
2022,10548,怀化学院,202,9,9,507,132038
2022,10548,怀化学院,203,1,1,509,129044
2022,10549,试湖南文理学院,204,5,5,514,121474
2022,10549,湖南文理学院,205,6,6,508,130624
2022,10549,湖南文理学院,206,4,4,507,131369
2022,10551,考湖南科技学院,203,15,15,514,120982
2022,10553,湖南人文科技学院,203,17,17,503,138114
2022,10554,育湖南工商大学,203,1,1,545,76640
2022,10554,湖南工商大学,204,8,8,549,71800
2022,10555,教南华大学,203,354,354,536,89433
2022,10555,南华大学,204,10,10,525,105243
2022,10555,省南华大学,205,67,67,548,72580
2022,10555,南华大学,206,13,13,536,88970
2022,10558,中山大学,204,412,412,629,7044
2022,10558,中山大学,208,12,12,659,1033
2022,10558,中山大学,209,391,391,636,4778
2022,10558,中山大学,210,242,242,614,13023
2022,10558,省中山大学,211,95,95,627,7469
2022,10558,中山大学,212,162,162,627,7682
2022,10558,中山大学,220,477,477,633,5664
2022,10558,东中山大学,221,460,460,631,6189
2022,10559,暨南大学(中外合作办学),205,100,100,594,26234
2022,10559,广暨南大学,206,194,194,606,17808
2022,10559,暨南大学,207,14,14,602,20150
2022,10559,暨南大学,208,220,220,598,23003
2022,10559,暨南大学,209,601,601,608,16465
2022,10559,暨南大学,210,78,78,598,22967
2022,10559,暨南大学,211,142,142,600,21422
2022,10559,暨南大学,213,296,296,596,24746
2022,10560,汕头大学,203,73,73,556,63541
2022,10560,汕头大学,204,173,173,554,65052
2022,10560,汕头大学(地方专项),207,29,29,542,81450
2022,10560,汕头大学(地方专项),208,4,4,537,88055
2022,10561,华南理工大学,202,2114,2117,619,10671
2022,10561,试华南理工大学,204,188,189,616,12435
2022,10561,华南理工大学,205,523,523,613,13717
2022,10564,华南农业大学,210,147,147,579,38728
2022,10564,考华南农业大学,212,90,90,577,40869
2022,10564,华南农业大学,213,33,33,574,43849
2022,10564,育华南农业大学,214,1774,1774,574,43170
2022,10564,华南农业大学,218,594,594,587,31391
2022,10564,教华南农业大学,219,393,393,582,35798
2022,10564,华南农业大学,220,15,15,591,28695
2022,10564,省华南农业大学,221,192,192,572,45655
2022,10564,华南农业大学,230,61,61,584,34201
2022,10564,华南农业大学,232,82,82,572,45116
2022,10564,华南农业大学(中外合作办学),252,44,44,552,67671
2022,10564,华南农业大学(中外合作办学),253,90,90,546,76305
2022,10564,华南农业大学(地方专项),271,286,286,544,77763
2022,10564,省华南农业大学(地方专项),272,145,145,531,95415
2022,10566,广东海洋大学,201,477,477,541,82737
2022,10566,广东海洋大学,202,152,152,523,107355
2022,10566,东广东海洋大学,203,356,356,513,121879
2022,10566,广东海洋大学,204,1577,1577,525,104012
2022,10566,广广东海洋大学,205,420,420,508,130045
2022,10566,广东海洋大学,206,113,113,507,132226
2022,10566,广东海洋大学,207,85,85,506,132361
2022,10566,广东海洋大学,208,558,558,499,143630
2022,10566,广东海洋大学,209,442,442,513,121804
2022,10566,广东海洋大学,210,907,907,515,119669
2022,10566,广东海洋大学,212,9,9,524,106114
2022,10566,广东海洋大学(地方专项),214,30,30,534,91320
2022,10566,广东海洋大学(地方专项),215,10,10,514,120163
2022,10566,广东海洋大学,216,70,70,510,127339
2022,10566,广东海洋大学,217,278,278,512,124385
2022,10566,广东海洋大学,218,342,342,536,89392
2022,10566,试广东海洋大学,219,349,349,520,111613
2022,10566,广东海洋大学,220,327,327,509,128346
2022,10570,广州医科大学,201,1249,1249,582,35689
2022,10570,考广州医科大学,202,174,174,565,52541
2022,10570,广州医科大学,203,129,129,561,58027
2022,10570,育广州医科大学(地方专项),204,25,25,536,89344
2022,10570,广州医科大学(地方专项),205,10,10,535,90759
2022,10570,教广州医科大学(地方专项),206,10,10,530,97312
2022,10571,广东医科大学,201,1185,1185,561,57843
2022,10571,省广东医科大学,202,748,748,531,95769
2022,10571,广东医科大学,203,376,376,532,94712
2022,10571,广东医科大学(地方专项),208,61,61,532,94004
2022,10571,广东医科大学(地方专项),210,19,19,518,115168
2022,10571,广东医科大学(协同培养),211,70,70,510,127057
2022,10571,广东医科大学(协同培养),212,35,35,505,134612
2022,10571,省广东医科大学(协同培养),213,35,35,508,130237
2022,10572,广州中医药大学,201,119,119,601,20892
2022,10572,广州中医药大学,202,588,588,571,46623
2022,10572,东广州中医药大学,203,570,570,552,68412
2022,10572,广州中医药大学,204,151,151,550,70843
2022,10572,广广州中医药大学,205,137,137,551,68976
2022,10572,广州中医药大学(地方专项),206,15,15,568,49652
2022,10572,广州中医药大学(地方专项),207,20,20,534,91640
2022,10572,广州中医药大学(地方专项),208,5,5,522,108612
2022,10573,广东药科大学,201,2680,2680,517,116108
2022,10573,广东药科大学,202,469,469,518,114286
2022,10574,华南师范大学,211,466,466,606,17881
2022,10574,华南师范大学,213,46,46,607,17032
2022,10574,华南师范大学,214,136,136,604,18801
2022,10574,华南师范大学,215,30,30,607,17218
2022,10574,华南师范大学(地方专项),216,53,53,576,41382
2022,10574,华南师范大学(地方专项),217,15,15,589,30267
2022,10574,试华南师范大学(中外合作办学),218,274,274,575,42580
2022,10574,华南师范大学(中外合作办学),219,35,35,587,31944
2022,10574,华南师范大学(联合培养),220,195,195,583,35450
2022,10574,考华南师范大学,221,1614,1614,591,28095
2022,10574,华南师范大学,222,28,28,597,24014
2022,10574,育华南师范大学,223,95,95,592,27760
2022,10574,华南师范大学,224,83,83,594,25910
2022,10574,教华南师范大学,225,78,78,596,24558
2022,10574,华南师范大学(地方专项),226,5,5,593,26788
2022,10576,省韶关学院,214,75,75,509,127819
2022,10576,韶关学院,215,25,25,517,115833
2022,10576,韶关学院,217,73,73,511,125958
2022,10576,韶关学院,219,25,25,514,120112
2022,10576,韶关学院(协同培养),220,15,15,496,148640
2022,10576,韶关学院,221,28,28,513,123021
2022,10576,省韶关学院,222,10,10,524,105683
2022,10576,韶关学院,223,71,71,518,114796
2022,10576,韶关学院,224,146,146,507,131098
2022,10576,东韶关学院,225,28,28,527,101776
2022,10576,韶关学院,226,332,332,510,126997
2022,10576,广韶关学院(协同培养),227,30,30,497,146660
2022,10576,韶关学院(协同培养),228,40,40,505,134695
2022,10576,韶关学院(学分互认),229,15,15,504,136103
2022,10576,韶关学院(学分互认),230,12,12,500,142635
2022,10576,韶关学院(学分互认),231,15,15,502,138717
2022,10576,韶关学院,232,26,26,518,114506
2022,10576,韶关学院,234,164,164,504,136986
2022,10577,惠州学院,221,87,87,528,100731
2022,10577,惠州学院,222,127,127,526,102636
2022,10577,惠州学院,223,151,151,520,112512
2022,10577,惠州学院,224,26,26,520,112210
2022,10577,惠州学院,225,25,25,533,92790
2022,10577,试惠州学院,226,40,40,540,83855
2022,10577,惠州学院,227,35,35,540,84043
2022,10577,惠州学院,228,168,168,533,93053
2022,10577,考惠州学院,229,80,80,531,95803
2022,10577,惠州学院,230,73,73,504,135807
2022,10577,育惠州学院,231,177,177,506,133477
2022,10577,惠州学院,232,39,39,529,99074
2022,10577,教惠州学院,233,15,15,519,113661
2022,10577,惠州学院,234,106,106,507,131726
2022,10577,省惠州学院,235,366,366,522,109092
2022,10577,惠州学院,236,92,92,520,111721
2022,10577,惠州学院,238,120,120,509,128905
2022,10577,惠州学院,240,168,168,510,126139
2022,10577,惠州学院,241,63,63,507,131285
2022,10577,惠州学院(中外合作办学),242,30,30,469,193073
2022,10578,省韩山师范学院,201,50,50,517,116672
2022,10578,韩山师范学院,202,38,38,521,110864
2022,10578,韩山师范学院,203,149,149,512,123321
2022,10578,东韩山师范学院,204,127,127,508,129724
2022,10578,韩山师范学院,205,1863,1863,505,134466
2022,10578,广韩山师范学院(协同培养),206,30,30,497,146765
2022,10578,韩山师范学院(协同培养),207,25,25,497,148007
2022,10578,韩山师范学院(协同培养),208,50,50,499,144801
2022,10578,韩山师范学院(协同培养),209,25,25,497,147887
2022,10578,韩山师范学院(协同培养),210,25,25,503,138319
2022,10578,韩山师范学院(协同培养),211,50,50,498,144938
2022,10578,韩山师范学院(协同培养),213,50,50,501,140865
2022,10578,韩山师范学院(协同培养),215,20,20,495,150254
2022,10578,韩山师范学院(中外合作办学),216,30,30,484,168289
2022,10579,岭南师范学院,208,127,127,524,105843
2022,10579,岭南师范学院,209,258,258,514,121006
2022,10579,岭南师范学院,210,50,50,532,95091
2022,10579,试岭南师范学院,211,460,460,511,125865
2022,10579,岭南师范学院,212,86,86,512,124228
2022,10579,岭南师范学院,213,66,66,507,131529
2022,10579,考岭南师范学院,214,179,179,515,119171
2022,10579,岭南师范学院,215,376,376,524,106392
2022,10579,育岭南师范学院(中外合作办学),216,30,30,487,163223
2022,10579,岭南师范学院(协同培养),217,40,40,499,143351
2022,10579,教岭南师范学院(协同培养),218,40,40,500,142094
2022,10580,肇庆学院,207,1035,1035,511,125670
2022,10580,省肇庆学院,208,562,562,506,133523
2022,10580,肇庆学院,209,495,495,500,142666
2022,10580,肇庆学院,211,93,93,510,127314
2022,10580,肇庆学院,213,51,51,504,137062
2022,10580,肇庆学院,214,111,111,520,112382
2022,10580,肇庆学院,215,15,15,528,100693
2022,10582,省嘉应学院,201,101,101,513,121832
2022,10582,嘉应学院,202,418,418,501,141183
2022,10582,嘉应学院,203,87,87,505,134052
2022,10582,东嘉应学院,204,541,541,501,141545
2022,10582,嘉应学院,205,1283,1283,504,136778
2022,10582,广嘉应学院,206,497,497,500,143029
2022,10582,嘉应学院,207,49,49,513,122127
2022,10582,嘉应学院,208,2,2,523,106774
2022,10582,嘉应学院,209,24,24,506,133245
2022,10582,嘉应学院,210,45,45,513,123040
2022,10582,嘉应学院(协同培养),211,50,50,496,148498
2022,10582,嘉应学院,213,30,30,541,82165
2022,10585,广州体育学院,203,20,20,510,126264
2022,10586,广州美术学院,201,132,132,543,79997
2022,10586,广州美术学院,202,11,11,542,80404
2022,10587,星海音乐学院,203,6,6,549,71601
2022,10588,广东技术师范大学,205,5389,5389,521,110887
2022,10588,试广东技术师范大学,206,36,36,518,114607
2022,10588,广东技术师范大学(少数民族班),207,150,150,427,259497
2022,10588,广东技术师范大学(少数民族班),208,5,5,419,271242
2022,10588,考广东技术师范大学(协同培养),209,50,50,506,132500
2022,10588,广东技术师范大学(协同培养),210,90,90,510,126490
2022,10588,育广东技术师范大学(学分互认),211,68,68,502,138952
2022,10589,海南大学,206,4,4,593,26789
2022,10589,教海南大学,209,29,29,588,30542
2022,10589,海南大学,210,7,7,585,33461
2022,10589,省海南大学,211,11,11,582,35874
2022,10589,海南大学,212,3,3,581,37328
2022,10589,海南大学,222,2,2,572,45664
2022,10590,深圳大学,221,149,149,590,29458
2022,10590,深圳大学,222,26,26,605,18112
2022,10590,深圳大学,223,1004,1004,597,23634
2022,10590,省深圳大学,224,20,20,612,14310
2022,10590,深圳大学,225,10,10,605,18505
2022,10590,深圳大学,226,10,10,606,17573
2022,10590,东深圳大学,227,216,216,594,25735
2022,10590,深圳大学,228,84,84,590,29287
2022,10590,广深圳大学,229,191,191,614,13215
2022,10590,深圳大学,230,90,90,599,22278
2022,10590,深圳大学,231,45,45,596,24713
2022,10590,深圳大学,232,38,38,593,26759
2022,10590,深圳大学,233,202,202,584,33985
2022,10590,深圳大学,234,44,44,598,22793
2022,10590,深圳大学,236,30,30,600,21701
2022,10590,深圳大学,238,105,105,593,26997
2022,10590,深圳大学,239,266,266,588,30613
2022,10590,深圳大学,240,144,144,599,22194
2022,10590,深圳大学(中外合作办学),241,190,190,581,37185
2022,10590,深圳大学,242,59,59,594,26186
2022,10590,试深圳大学,243,43,43,591,28460
2022,10590,深圳大学,244,90,90,597,24198
2022,10590,深圳大学(地方专项),251,100,100,576,41138
2022,10590,考深圳大学(地方专项),252,25,25,554,66233
2022,10590,深圳大学(地方专项),253,15,15,568,50303
2022,10590,育深圳大学(地方专项),254,30,30,566,51647
2022,10592,广东财经大学,202,3188,3188,542,80764
2022,10592,教广东财经大学(联合培养),204,198,198,532,94159
2022,10592,广东财经大学,206,52,52,549,72056
2022,10592,省广东财经大学(地方专项),210,64,64,523,107112
2022,10592,广东财经大学(地方专项),211,16,16,520,111485
2022,10592,广东财经大学(协同培养),225,60,60,494,152016
2022,10592,广东财经大学(协同培养),228,70,70,527,101615
2022,10592,广东财经大学(协同培养),230,130,130,474,185613
2022,10592,广东财经大学(协同培养),232,70,70,468,195205
2022,10593,省广西大学,201,70,70,581,36473
2022,10594,广西科技大学,201,3,3,524,105940
2022,10594,广西科技大学,202,40,40,521,110496
2022,10594,东广西科技大学,203,8,8,510,127261
2022,10594,广西科技大学,204,2,2,528,99868
2022,10595,广桂林电子科技大学,202,65,65,557,61751
2022,10595,桂林电子科技大学,203,7,7,542,81101
2022,10595,桂林电子科技大学,204,45,45,552,68560
2022,10595,桂林电子科技大学,207,3,3,555,64194
2022,10595,桂林电子科技大学(本科预科班),209,3,3,502,139955
2022,10596,桂林理工大学,203,37,37,532,95117
2022,10596,桂林理工大学,205,2,2,535,90268
2022,10596,桂林理工大学,209,8,8,518,114264
2022,10598,广西医科大学,201,8,8,523,107080
2022,10598,广西医科大学,202,5,5,545,76974
2022,10598,广西医科大学,203,12,12,587,31602
2022,10599,右江民族医学院,205,1,1,503,138063
2022,10599,试右江民族医学院,206,1,1,510,126904
2022,10599,右江民族医学院,207,1,1,497,146975
2022,10599,右江民族医学院,208,5,5,512,124316
2022,10599,考右江民族医学院,209,10,10,510,126444
2022,10599,右江民族医学院,210,11,11,548,73287
2022,10599,育右江民族医学院,211,1,1,509,128576
2022,10600,广西中医药大学,205,4,4,519,113259
2022,10600,教广西中医药大学,206,6,6,565,53429
2022,10600,广西中医药大学,207,1,1,565,53309
2022,10600,省广西中医药大学,208,1,1,567,50524
2022,10600,广西中医药大学,209,5,5,565,52658
2022,10600,广西中医药大学,211,3,3,543,79306
2022,10601,桂林医学院,202,2,2,519,113449
2022,10602,广西师范大学,206,3,3,565,52685
2022,10602,广西师范大学,207,1,1,514,121288
2022,10602,省广西师范大学,208,19,19,554,65033
2022,10602,广西师范大学,209,2,2,566,51846
2022,10602,广西师范大学,210,4,4,563,55273
2022,10602,东广西师范大学,211,4,4,560,58792
2022,10603,南宁师范大学,202,16,16,533,93595
2022,10603,广南宁师范大学,203,3,3,551,69962
2022,10603,南宁师范大学,204,2,2,517,116155
2022,10603,南宁师范大学,205,4,4,550,70478
2022,10605,河池学院,201,5,5,500,142670
2022,10605,河池学院,202,5,5,497,147681
2022,10606,玉林师范学院,204,20,20,501,141444
2022,10606,玉林师范学院,206,10,10,497,146919
2022,10607,广西艺术学院,203,9,9,510,127156
2022,10608,广西民族大学,203,2,2,543,79254
2022,10608,广西民族大学,204,32,32,524,106195
2022,10608,广西民族大学,205,6,6,528,99921
2022,10608,广西民族大学,206,2,2,531,96713
2022,10608,试广西民族大学,207,5,5,505,133963
2022,10608,广西民族大学,208,9,9,512,124152
2022,10608,广西民族大学,214,3,3,521,110617
2022,10610,考四川大学,203,89,89,621,10083
2022,10610,四川大学,204,2,2,627,7636
2022,10610,育四川大学,205,23,23,618,11401
2022,10610,四川大学,211,6,6,651,1952
2022,10610,教四川大学,212,2,2,657,1264
2022,10610,四川大学,213,6,6,614,13437
2022,10610,省四川大学,214,3,3,612,14246
2022,10611,重庆大学,202,88,88,617,11870
2022,10611,重庆大学,210,8,8,608,16311
2022,10613,西南交通大学,204,3,3,606,17478
2022,10613,西南交通大学,205,12,12,603,19639
2022,10613,西南交通大学,206,1,1,598,23310
2022,10613,省西南交通大学,211,3,3,579,38526
2022,10613,西南交通大学,212,3,3,572,45426
2022,10613,西南交通大学,213,2,2,576,41594
2022,10613,东西南交通大学,214,3,3,603,19383
2022,10613,西南交通大学,215,3,3,603,19866
2022,10613,广西南交通大学,216,3,3,600,21590
2022,10613,西南交通大学,217,3,3,591,28229
2022,10614,电子科技大学,201,127,127,632,5895
2022,10615,西南石油大学,206,19,19,563,55096
2022,10615,西南石油大学,207,16,16,560,59109
2022,10615,西南石油大学,208,4,4,564,54644
2022,10615,西南石油大学,210,6,6,562,56415
2022,10616,成都理工大学,205,39,39,563,54996
2022,10616,成都理工大学,206,6,6,573,44580
2022,10616,成都理工大学,207,4,4,565,53023
2022,10616,成都理工大学,208,2,2,567,50551
2022,10616,成都理工大学,209,24,24,567,50706
2022,10616,试成都理工大学,210,23,23,570,47213
2022,10616,成都理工大学,213,7,7,565,52916
2022,10616,成都理工大学,214,4,4,549,71691
2022,10617,考重庆邮电大学,202,2,2,576,41174
2022,10617,重庆邮电大学,203,97,97,580,37753
2022,10617,育重庆邮电大学,208,15,15,587,31594
2022,10617,重庆邮电大学,209,10,10,573,44795
2022,10618,教重庆交通大学,203,3,3,553,67052
2022,10618,重庆交通大学,204,102,102,547,74066
2022,10618,省重庆交通大学,205,11,11,550,70797
2022,10619,西南科技大学,203,43,43,545,77296
2022,10619,西南科技大学,205,10,10,536,88686
2022,10622,四川轻化工大学,202,8,8,538,86398
2022,10622,四川轻化工大学,203,2,2,531,96699
2022,10622,四川轻化工大学,204,4,4,527,101806
2022,10623,省西华大学,202,32,32,547,74822
2022,10623,西华大学(本科预科班),204,3,3,474,184347
2022,10624,中国民用航空飞行学院,204,3,3,539,85182
2022,10624,东中国民用航空飞行学院,205,36,36,526,103429
2022,10624,中国民用航空飞行学院,206,111,111,513,122483
2022,10624,广中国民用航空飞行学院,207,5,5,519,113904
2022,10624,中国民用航空飞行学院,208,1,1,518,114505
2022,10626,四川农业大学,201,46,46,576,41698
2022,10626,四川农业大学,202,23,23,575,42399
2022,10626,四川农业大学,203,3,3,585,33075
2022,10626,四川农业大学,204,3,3,579,38484
2022,10631,重庆医科大学,204,24,24,573,44872
2022,10632,西南医科大学,201,25,25,550,70816
2022,10633,成都中医药大学,203,15,15,576,41351
2022,10633,成都中医药大学,204,10,10,555,63831
2022,10634,川北医学院,203,15,15,550,70401
2022,10635,西南大学,204,1,1,608,16486
2022,10635,试西南大学,205,1,1,604,19277
2022,10635,西南大学,206,1,1,600,21944
2022,10635,西南大学,207,2,2,598,23511
2022,10635,考西南大学,208,17,17,602,20280
2022,10635,西南大学,209,4,4,592,27588
2022,10635,育西南大学,210,1,1,599,22166
2022,10635,西南大学,227,3,3,600,21950
2022,10635,教西南大学,228,8,8,573,44301
2022,10635,西南大学,229,23,23,590,29319
2022,10635,省西南大学,230,5,5,573,44564
2022,10636,四川师范大学,206,54,54,554,66231
2022,10636,四川师范大学,208,5,5,567,51390
2022,10636,四川师范大学,210,6,6,555,63992
2022,10636,四川师范大学,211,4,4,565,53461
2022,10637,重庆师范大学,203,4,4,547,74604
2022,10637,省重庆师范大学,204,21,21,552,67989
2022,10637,重庆师范大学,205,2,2,554,65830
2022,10637,重庆师范大学,206,1,1,577,40692
2022,10638,东西华师范大学,202,14,14,530,98115
2022,10644,四川文理学院,202,6,6,502,139915
2022,10647,广长江师范学院,203,3,3,517,116111
2022,10647,长江师范学院,205,8,8,491,157416
2022,10649,乐山师范学院,202,18,18,501,141113
2022,10650,四川外国语大学,205,10,10,565,53211
2022,10650,四川外国语大学,206,5,5,562,56727
2022,10650,四川外国语大学,213,2,2,558,60871
2022,10651,西南财经大学,203,44,44,605,18376
2022,10652,西南政法大学,203,92,92,601,20958
2022,10652,西南政法大学,208,4,4,616,12184
2022,10654,四川音乐学院,203,3,3,542,80927
2022,10654,四川音乐学院,204,6,6,534,92111
2022,10655,四川美术学院,202,4,4,551,69964
2022,10656,试西南民族大学,202,20,20,538,86058
2022,10656,西南民族大学,203,45,45,544,78188
2022,10657,贵州大学,206,2,2,582,36314
2022,10657,考贵州大学,207,3,3,582,35705
2022,10657,贵州大学,208,2,2,580,37606
2022,10657,育贵州大学,209,12,12,586,32306
2022,10657,贵州大学,210,2,2,582,35867
2022,10657,教贵州大学,214,2,2,546,76081
2022,10657,贵州大学,215,3,3,564,54384
2022,10657,省贵州大学,216,2,2,519,113421
2022,10660,贵州医科大学,201,7,7,558,61414
2022,10661,遵义医科大学,205,187,187,555,64975
2022,10661,遵义医科大学,207,63,63,517,116373
2022,10661,遵义医科大学,208,5,5,522,108401
2022,10662,贵州中医药大学,204,3,3,557,62303
2022,10662,省贵州中医药大学,205,10,10,527,101057
2022,10662,贵州中医药大学,207,5,5,498,145617
2022,10667,安顺学院,204,2,2,504,135832
2022,10667,东安顺学院,205,1,1,518,114810
2022,10667,安顺学院,206,1,1,500,142170
2022,10668,广贵州工程应用技术学院,203,3,3,502,138758
2022,10669,凯里学院,201,12,12,497,146516
2022,10669,凯里学院,203,11,11,488,161713
2022,10671,贵州财经大学,204,1,1,537,87092
2022,10671,贵州财经大学,208,4,4,517,116659
2022,10673,云南大学,203,36,36,588,31246
2022,10673,云南大学,205,7,7,586,32126
2022,10673,云南大学,209,5,5,572,46016
2022,10674,昆明理工大学,202,45,45,545,77004
2022,10674,昆明理工大学,203,8,8,548,72682
2022,10674,昆明理工大学,204,4,4,553,67027
2022,10676,云南农业大学,201,8,8,529,98859
2022,10676,试云南农业大学,202,5,5,534,91609
2022,10676,云南农业大学,204,2,2,509,128533
2022,10677,西南林业大学,201,6,6,530,97274
2022,10677,考西南林业大学,202,9,9,523,107254
2022,10677,西南林业大学,203,3,3,520,112191
2022,10677,育西南林业大学,204,1,1,543,79835
2022,10677,西南林业大学,205,1,1,541,82668
2022,10678,教昆明医科大学,202,4,4,565,52633
2022,10678,昆明医科大学,203,3,3,540,82834
2022,10678,省昆明医科大学,204,8,8,580,38281
2022,10678,昆明医科大学,206,2,2,515,120036
2022,10679,大理大学,203,8,8,545,77275
2022,10680,云南中医药大学,203,2,2,539,85460
2022,10680,云南中医药大学,204,1,1,540,83077
2022,10681,云南师范大学,202,2,1,520,111166
2022,10681,省云南师范大学,203,15,15,534,91420
2022,10681,云南师范大学,204,3,3,569,48888
2022,10681,云南师范大学,205,4,4,561,57913
2022,10685,东普洱学院,201,5,5,495,149981
2022,10687,红河学院,202,14,14,498,145748
2022,10689,广云南财经大学,202,28,28,526,103814
2022,10689,云南财经大学,203,4,4,534,91932
2022,10689,云南财经大学,207,25,25,514,120346
2022,10694,西藏大学,205,2,0,,
2022,10694,西藏大学,206,1,1,545,77383
2022,10694,西藏大学,207,14,14,537,88185
2022,10697,西北大学,202,21,21,601,21261
2022,10698,西安交通大学,203,128,128,640,4002
2022,10698,西安交通大学,204,25,25,639,4161
2022,10698,西安交通大学,206,24,24,609,15636
2022,10699,西北工业大学,202,88,88,625,8354
2022,10699,西北工业大学,203,5,5,621,9814
2022,10700,试西安理工大学,201,37,37,564,53825
2022,10700,西安理工大学,203,8,8,551,68802
2022,10701,西安电子科技大学,201,96,96,621,10055
2022,10701,考西安电子科技大学,203,30,30,604,19124
2022,10702,西安工业大学,202,14,14,542,80963
2022,10703,育西安建筑科技大学,201,33,33,567,50520
2022,10703,西安建筑科技大学,202,15,15,540,83837
2022,10703,教西安建筑科技大学,205,4,4,550,71175
2022,10703,西安建筑科技大学,206,2,2,554,66002
2022,10704,省西安科技大学,201,36,36,548,73761
2022,10704,西安科技大学,202,4,4,552,67846
2022,10704,西安科技大学,204,6,6,540,83957
2022,10705,西安石油大学,203,2,2,544,78854
2022,10705,西安石油大学,204,10,10,544,78746
2022,10705,西安石油大学,205,3,3,543,79549
2022,10705,省西安石油大学,206,3,3,558,60550
2022,10705,西安石油大学,207,2,2,537,87191
2022,10708,陕西科技大学,202,15,15,553,66745
2022,10708,东陕西科技大学,203,3,3,549,71676
2022,10708,陕西科技大学,206,6,6,536,89113
2022,10709,广西安工程大学,201,12,12,546,76014
2022,10709,西安工程大学,202,9,9,522,109400
2022,10710,长安大学,202,111,111,586,32144
2022,10710,长安大学,203,5,5,589,30102
2022,10710,长安大学,204,81,81,583,35052
2022,10710,长安大学,206,20,20,571,46540
2022,10712,西北农林科技大学,206,22,22,596,24986
2022,10712,西北农林科技大学,208,4,4,592,27604
2022,10712,西北农林科技大学,209,2,2,596,24775
2022,10712,西北农林科技大学,210,2,2,591,28404
2022,10712,西北农林科技大学,211,13,13,592,27492
2022,10712,西北农林科技大学,212,2,2,594,25944
2022,10712,试西北农林科技大学,216,2,2,583,34925
2022,10712,西北农林科技大学,217,4,4,584,34641
2022,10716,陕西中医药大学,202,5,5,545,77567
2022,10716,考陕西中医药大学,203,11,11,546,76260
2022,10716,陕西中医药大学,204,2,2,541,82234
2022,10718,育陕西师范大学,203,2,2,612,14365
2022,10718,陕西师范大学,204,83,83,587,31291
2022,10718,教陕西师范大学,205,12,12,600,21517
2022,10718,陕西师范大学,206,6,6,600,21892
2022,10718,省陕西师范大学,207,9,9,603,19951
2022,10718,陕西师范大学,208,7,7,597,24109
2022,10720,陕西理工大学,204,4,4,525,104737
2022,10720,陕西理工大学,207,4,4,526,102803
2022,10720,陕西理工大学,211,6,6,512,124065
2022,10720,陕西理工大学,212,3,3,508,129710
2022,10721,省宝鸡文理学院,201,5,5,495,150170
2022,10722,咸阳师范学院,203,2,2,516,118427
2022,10722,咸阳师范学院,204,2,2,509,128294
2022,10724,东西安外国语大学,203,7,7,564,54686
2022,10724,西安外国语大学,204,6,6,558,60672
2022,10724,广西安外国语大学,205,1,1,569,48905
2022,10726,西北政法大学,202,4,4,603,19521
2022,10730,兰州大学,209,6,6,608,16405
2022,10730,兰州大学,210,3,3,615,12780
2022,10730,兰州大学,211,25,25,604,19051
2022,10730,兰州大学,212,12,12,601,20895
2022,10730,兰州大学,214,8,8,606,17561
2022,10730,兰州大学,216,12,12,610,15616
2022,10730,兰州大学,219,10,10,602,20058
2022,10731,兰州理工大学,202,4,4,540,83981
2022,10731,兰州理工大学,203,44,44,534,91381
2022,10731,兰州理工大学,204,10,10,521,111079
2022,10732,试兰州交通大学,202,12,12,540,83836
2022,10732,兰州交通大学,203,7,7,527,102126
2022,10733,甘肃农业大学,202,20,20,498,145215
2022,10735,考甘肃中医药大学,201,2,2,526,103314
2022,10735,甘肃中医药大学,202,11,11,514,120536
2022,10735,育甘肃中医药大学,203,1,1,519,113719
2022,10735,甘肃中医药大学,204,7,7,499,143558
2022,10736,教西北师范大学,203,3,3,547,74803
2022,10736,西北师范大学,204,4,4,549,72443
2022,10738,省陇东学院,207,1,1,543,79841
2022,10738,陇东学院,208,6,6,498,145913
2022,10738,陇东学院,210,1,1,495,150914
2022,10741,兰州财经大学,203,35,35,514,120988
2022,10742,西北民族大学,204,8,8,513,122113
2022,10742,西北民族大学,205,2,2,509,128810
2022,10743,省青海大学,201,46,46,543,79450
2022,10743,青海大学,202,10,10,546,76341
2022,10743,青海大学,203,1,1,555,64829
2022,10743,东青海大学,204,4,4,549,71544
2022,10746,青海师范大学,204,19,19,509,127952
2022,10746,广青海师范大学,205,6,6,515,119482
2022,10746,青海师范大学,206,3,3,516,118112
2022,10749,宁夏大学,202,12,12,567,50365
2022,10749,宁夏大学,203,3,3,546,75832
2022,10752,宁夏医科大学,201,3,3,507,131465
2022,10752,宁夏医科大学,202,8,8,547,73873
2022,10755,新疆大学,205,2,2,564,53905
2022,10755,新疆大学,207,2,2,551,69057
2022,10755,新疆大学,208,1,1,576,42045
2022,10755,新疆大学,209,3,3,548,72576
2022,10757,塔里木大学,201,23,23,496,148922
2022,10757,塔里木大学,202,7,7,493,153398
2022,10758,试新疆农业大学,203,64,64,494,152010
2022,10758,新疆农业大学,204,20,20,493,154248
2022,10758,新疆农业大学,205,10,10,492,155561
2022,10758,考新疆农业大学,207,5,5,486,164347
2022,10759,石河子大学,201,2,2,544,78132
2022,10759,育石河子大学,202,10,10,549,71690
2022,10759,石河子大学,203,16,16,540,83821
2022,10759,教石河子大学,204,8,8,544,78359
2022,10760,新疆医科大学,201,5,5,566,52116
2022,10760,省新疆医科大学,202,32,32,545,76646
2022,10760,新疆医科大学,203,6,6,539,84478
2022,10762,新疆师范大学,203,3,3,518,114774
2022,10762,新疆师范大学,205,11,11,491,156618
2022,10763,喀什大学,204,7,7,491,156177
2022,10763,喀什大学,205,1,1,536,88906
2022,10766,省新疆财经大学,202,4,4,497,147615
2022,10766,新疆财经大学,203,16,16,499,144132
2022,10792,天津城建大学,202,55,55,519,113015
2022,10792,东天津城建大学,203,2,2,528,100745
2022,10792,天津城建大学,204,3,3,515,119251
2022,10792,广天津城建大学,206,7,7,507,131978
2022,10809,山西中医药大学,204,7,7,510,127582
2022,10809,山西中医药大学,205,2,2,554,66088
2022,10809,山西中医药大学,206,2,2,524,105260
2022,10812,吕梁学院,202,4,4,500,143224
2022,10822,广东白云学院,201,659,659,468,195398
2022,10822,广东白云学院,203,102,102,457,212604
2022,10822,广东白云学院,205,120,120,461,206161
2022,10822,广东白云学院(协同培养),206,50,50,455,216617
2022,10822,广东白云学院,207,182,182,468,195291
2022,10822,广东白云学院,208,1692,1692,465,200441
2022,10822,广东白云学院,209,30,30,449,225697
2022,10822,试广东白云学院,210,21,21,459,209752
2022,10823,长沙医学院,203,18,18,496,148888
2022,10823,长沙医学院,204,60,60,507,130794
2022,10823,考长沙医学院,205,10,10,492,155510
2022,10841,辽宁对外经贸学院,202,4,4,470,192378
2022,10846,育江西科技学院,202,4,4,489,160401
2022,10850,南京工业职业技术大学,202,34,34,497,146715
2022,10856,教上海工程技术大学,203,30,30,548,72920
2022,10856,上海工程技术大学,204,12,12,534,91935
2022,10876,省浙江万里学院,202,10,10,508,130311
2022,10878,安徽建筑大学,201,16,16,531,95497
2022,10878,安徽建筑大学,203,2,2,526,103089
2022,10895,萍乡学院,203,2,2,497,146984
2022,10895,萍乡学院,204,2,2,497,147023
2022,10904,枣庄学院,201,5,5,497,147585
2022,10908,省山东工艺美术学院,201,4,4,517,116018
2022,10908,山东工艺美术学院,202,5,5,494,151838
2022,10918,黄淮学院,201,10,10,497,147440
2022,10918,东黄淮学院,202,5,5,498,146215
2022,10918,黄淮学院,205,5,5,496,148746
2022,10919,广平顶山学院,201,4,4,504,136380
2022,10920,湖北理工学院,203,7,7,520,112283
2022,10920,湖北理工学院,204,4,4,542,80359
2022,10920,湖北理工学院,205,2,2,526,102781
2022,10927,湖北科技学院,201,2,2,521,110160
2022,10927,湖北科技学院,202,3,3,528,99829
2022,10929,湖北医药学院,201,11,11,547,74579
2022,10964,吉林外国语大学,210,6,6,490,159264
2022,10964,吉林外国语大学,211,6,6,497,147168
2022,10964,吉林外国语大学,212,3,3,491,157432
2022,10964,吉林外国语大学,213,10,10,487,163932
2022,10964,吉林外国语大学,217,3,3,483,169515
2022,10994,试新疆工程学院,201,22,22,495,150942
2022,10994,新疆工程学院,202,3,3,492,154829
2022,11035,沈阳大学,202,16,16,524,106529
2022,11035,考沈阳大学,203,4,4,516,117551
2022,11035,沈阳大学,205,8,8,509,128683
2022,11047,育上海立信会计金融学院,202,14,14,557,62446
2022,11047,上海立信会计金融学院,205,5,5,550,70152
2022,11048,教金陵科技学院,202,14,14,527,102086
2022,11049,淮阴工学院,201,4,4,501,141500
2022,11049,省淮阴工学院,202,2,2,500,142379
2022,11049,淮阴工学院,203,2,2,505,135194
2022,11053,徐州工程学院,203,2,2,503,137484
2022,11055,常州工学院,201,15,15,502,139963
2022,11057,浙江科技学院,201,5,5,535,89832
2022,11057,浙江科技学院,202,29,29,537,87199
2022,11058,省宁波工程学院,201,35,35,522,108517
2022,11059,合肥学院,201,10,10,521,110341
2022,11059,合肥学院,202,2,2,508,129628
2022,11059,东合肥学院,203,4,4,513,121780
2022,11062,厦门理工学院,204,26,26,547,73862
2022,11062,广厦门理工学院,207,2,2,542,80935
2022,11065,青岛大学,202,2,2,565,53526
2022,11065,青岛大学,203,3,3,552,68505
2022,11065,青岛大学,204,9,9,552,68102
2022,11065,青岛大学,205,39,39,552,67872
2022,11065,青岛大学,206,3,3,547,74103
2022,11066,烟台大学(本科预科班),205,3,3,474,184469
2022,11067,潍坊学院,204,2,2,499,144564
2022,11068,郑州工程技术学院,202,23,23,500,142914
2022,11070,洛阳理工学院,202,50,50,504,135588
2022,11070,洛阳理工学院,203,4,4,503,137953
2022,11070,洛阳理工学院,205,14,14,493,154246
2022,11075,试三峡大学,203,19,19,569,48160
2022,11075,三峡大学,206,4,4,565,53252
2022,11077,长沙学院,203,22,22,530,96736
2022,11077,考长沙学院,204,15,15,517,116701
2022,11077,长沙学院,205,4,4,518,114113
2022,11078,育广州大学,201,419,419,579,39090
2022,11078,广州大学,202,429,429,575,42138
2022,11078,教广州大学,203,1798,1798,563,55620
2022,11078,广州大学,204,150,150,569,48267
2022,11078,省广州大学,205,100,100,573,44324
2022,11078,广州大学,206,440,440,558,61445
2022,11078,广州大学,208,35,35,560,58794
2022,11078,广州大学,210,303,303,557,61652
2022,11078,广州大学(地方专项),221,110,110,537,87118
2022,11078,广州大学(中外合作办学),241,35,35,538,85541
2022,11079,省成都大学,203,31,31,549,71525
2022,11079,成都大学,204,5,5,545,76879
2022,11079,成都大学,205,14,14,548,73643
2022,11079,东成都大学,214,20,20,536,89271
2022,11080,西安文理学院,203,3,3,514,120393
2022,11080,广西安文理学院,204,3,3,510,127680
2022,11100,海南热带海洋学院,207,7,7,508,130482
2022,11100,海南热带海洋学院,208,4,4,505,134829
2022,11100,海南热带海洋学院,209,3,3,505,134555
2022,11100,海南热带海洋学院,210,16,16,503,138533
2022,11100,海南热带海洋学院,211,2,2,504,135633
2022,11100,海南热带海洋学院,222,4,4,492,154676
2022,11104,华北科技学院,205,64,64,508,129895
2022,11104,华北科技学院,206,6,6,498,145405
2022,11104,华北科技学院,207,28,28,497,147376
2022,11105,中国人民警察大学,201,28,28,534,91651
2022,11106,广州航海学院,201,1162,1162,512,123465
2022,11106,试广州航海学院,202,879,879,501,140220
2022,11106,广州航海学院,203,215,215,505,134636
2022,11106,广州航海学院,204,28,28,504,136438
2022,11106,考广州航海学院(协同培养),205,80,80,499,143371
2022,11106,广州航海学院(中外合作办学),206,125,125,494,152283
2022,11106,育广州航海学院(联合培养),207,30,30,509,128180
2022,11106,广州航海学院(联合培养),208,12,12,506,132587
2022,11106,教广州航海学院(联合培养),209,15,15,502,139442
2022,11110,广东警官学院,201,264,264,522,109591
2022,11110,省广东警官学院,203,80,80,535,89888
2022,11117,扬州大学,202,13,13,564,53889
2022,11122,三江学院,204,65,65,487,163448
2022,11230,齐齐哈尔医学院,203,24,24,533,93798
2022,11230,齐齐哈尔医学院,204,2,2,513,122588
2022,11232,北京信息科技大学,201,18,18,568,49341
2022,11242,省太原学院,202,5,5,501,141524
2022,11258,大连大学,201,5,5,544,78790
2022,11261,吉林工商学院,202,10,10,498,146409
2022,11276,东南京工程学院,202,16,16,552,67939
2022,11287,南京审计大学,202,24,24,576,41786
2022,11287,广南京审计大学,206,12,12,566,51525
2022,11311,三明学院,203,6,6,509,129205
2022,11318,江西科技师范大学,205,1,1,556,63763
2022,11318,江西科技师范大学,206,28,28,524,106142
2022,11318,江西科技师范大学,207,5,5,516,117704
2022,11318,江西科技师范大学,208,5,5,519,112694
2022,11319,南昌工程学院,204,2,2,519,113370
2022,11326,信阳农林学院,202,12,12,499,143762
2022,11326,信阳农林学院,203,4,4,496,148178
2022,11330,安阳工学院,204,3,3,493,153735
2022,11336,荆楚理工学院,205,3,3,491,157160
2022,11342,湖南工程学院,202,14,14,522,109136
2022,11342,试湖南工程学院,203,3,3,460,207821
2022,11347,仲恺农业工程学院,202,1097,1097,510,127009
2022,11347,仲恺农业工程学院,203,851,851,509,129172
2022,11347,考仲恺农业工程学院,204,1088,1088,522,109571
2022,11347,仲恺农业工程学院,205,123,123,506,132583
2022,11347,育仲恺农业工程学院,206,235,235,507,130757
2022,11347,仲恺农业工程学院(协同培养),207,40,40,496,149486
2022,11349,教五邑大学,201,40,40,514,120631
2022,11349,五邑大学,202,29,29,501,141029
2022,11349,省五邑大学,203,455,455,501,140317
2022,11349,五邑大学,204,206,206,490,158717
2022,11349,五邑大学,206,105,105,499,144690
2022,11349,五邑大学,208,429,429,503,137335
2022,11349,五邑大学,209,391,391,519,113954
2022,11349,五邑大学,210,270,270,501,141036
2022,11354,省梧州学院,203,23,23,501,140230
2022,11354,梧州学院,204,3,3,501,140876
2022,11360,攀枝花学院,201,9,9,498,145199
2022,11390,东玉溪师范学院,202,2,2,505,133933
2022,11390,玉溪师范学院,203,2,2,498,145049
2022,11393,广昆明学院,202,18,18,506,132813
2022,11393,昆明学院,203,2,2,499,143359
2022,11396,商洛学院,202,1,1,497,147476
2022,11396,商洛学院,203,1,1,498,146262
2022,11396,商洛学院,204,1,1,504,135790
2022,11400,西安培华学院,203,2,2,483,169915
2022,11407,北方民族大学,202,16,16,508,130661
2022,11413,中国矿业大学(北京),201,34,34,591,28787
2022,11414,中国石油大学(北京),203,17,17,598,23470
2022,11414,中国石油大学(北京),204,5,5,592,27714
2022,11414,中国石油大学(北京),205,3,3,594,26276
2022,11415,中国地质大学(北京),204,14,14,597,24111
2022,11415,试中国地质大学(北京),205,17,17,587,31882
2022,11415,中国地质大学(北京),207,1,1,611,14771
2022,11417,北京联合大学,202,17,17,547,74746
2022,11418,考北京城市学院,202,8,8,493,152822
2022,11418,北京城市学院,203,1,1,488,162263
2022,11420,育河北金融学院,203,7,7,501,140536
2022,11420,河北金融学院,204,6,6,503,137181
2022,11420,教河北金融学院,208,3,3,501,141351
2022,11437,长春工程学院,201,30,30,499,144203
2022,11437,省长春工程学院(本科预科班),203,2,2,465,199985
2022,11439,吉林农业科技学院,203,12,12,496,148082
2022,11446,黑龙江东方学院,201,40,40,463,202495
2022,11458,上海电机学院,208,8,8,531,95612
2022,11463,江苏理工学院,202,2,2,543,79933
2022,11463,江苏理工学院,203,3,3,531,96528
2022,11463,省江苏理工学院,204,2,2,530,97424
2022,11482,浙江财经大学,202,27,27,560,58745
2022,11482,浙江财经大学,206,1,1,566,52257
2022,11482,东浙江财经大学,207,2,2,557,61606
2022,11504,江西警察学院,202,9,9,520,111416
2022,11508,广新余学院,203,1,1,507,131838
2022,11508,新余学院,204,2,2,506,133318
2022,11508,新余学院,205,1,1,520,112549
2022,11508,新余学院,206,1,1,509,129053
2022,11510,山东交通学院,202,4,4,503,137721
2022,11510,山东交通学院,203,2,2,505,134376
2022,11517,河南工程学院,204,2,2,501,141265
2022,11517,河南工程学院,206,3,3,495,149585
2022,11527,湖南城市学院,204,10,10,517,116366
2022,11527,湖南城市学院,205,2,2,521,111164
2022,11527,湖南城市学院,206,6,6,508,129639
2022,11528,湖南工学院,201,10,10,512,123328
2022,11528,试湖南工学院,202,2,2,511,125752
2022,11528,湖南工学院,203,11,11,510,127455
2022,11528,湖南工学院,204,2,2,507,131419
2022,11532,考湖南财政经济学院,202,13,13,518,115195
2022,11532,湖南财政经济学院,203,18,18,529,98995
2022,11534,育湖南警察学院,202,7,7,529,99197
2022,11535,湖南工业大学,203,166,166,540,83185
2022,11535,教湖南工业大学,204,2,2,545,76810
2022,11535,湖南工业大学,205,16,16,514,121057
2022,11535,省湖南工业大学,214,7,7,537,87012
2022,11535,湖南工业大学,217,5,5,541,82381
2022,11540,广东金融学院(国际班),222,276,276,509,128136
2022,11545,电子科技大学中山学院,201,449,449,483,169854
2022,11545,电子科技大学中山学院,202,1083,1083,485,166408
2022,11545,电子科技大学中山学院,203,158,158,481,174023
2022,11545,省电子科技大学中山学院,204,158,158,481,172893
2022,11546,广西科技师范学院,204,22,22,503,137162
2022,11546,广西科技师范学院,205,2,2,505,135393
2022,11548,东广西财经学院,202,4,4,529,98322
2022,11548,广西财经学院,204,7,7,499,144166
2022,11549,广南宁学院,202,22,22,493,153502
2022,11551,重庆科技学院,202,27,27,533,93779
2022,11560,西安财经大学,202,6,6,540,83760
2022,11560,西安财经大学,204,6,6,531,95920
2022,11600,湖北经济学院,202,12,12,532,94979
2022,11607,北部湾大学,204,11,11,508,130160
2022,11607,北部湾大学,206,8,8,507,131721
2022,11607,北部湾大学,210,5,5,488,161206
2022,11607,北部湾大学,211,3,3,496,148592
2022,11607,北部湾大学,212,3,3,490,158246
2022,11607,北部湾大学,213,6,6,493,154456
2022,11607,北部湾大学,214,2,2,506,132567
2022,11629,试北华航天工业学院,202,12,12,512,123794
2022,11632,沈阳工程学院,201,6,6,534,91666
2022,11646,宁波大学,203,28,28,583,35517
2022,11646,考宁波大学,204,13,13,575,43053
2022,11646,宁波大学,205,4,4,579,38995
2022,11647,育浙江传媒学院,205,1,1,559,60127
2022,11647,浙江传媒学院,206,50,50,554,65192
2022,11647,教浙江传媒学院,216,1,1,573,44432
2022,11652,河南财政金融学院,202,8,8,499,144423
2022,11653,省南阳理工学院,204,1,1,506,133623
2022,11653,南阳理工学院,205,35,35,501,140613
2022,11653,南阳理工学院,207,6,6,497,146664
2022,11656,广东石油化工学院,201,596,596,498,145860
2022,11656,广东石油化工学院,202,483,483,507,131023
2022,11656,广东石油化工学院,203,1876,1876,500,142439
2022,11656,省广东石油化工学院,204,669,669,497,146960
2022,11656,广东石油化工学院,205,991,991,502,139547
2022,11656,广东石油化工学院,206,77,77,500,142251
2022,11656,东广东石油化工学院,207,27,27,509,127825
2022,11656,广东石油化工学院,208,20,20,511,124665
2022,11656,广广东石油化工学院(协同培养),217,40,40,497,147107
2022,11658,海南师范大学,208,2,2,568,50136
2022,11658,海南师范大学,209,21,21,555,64636
2022,11658,海南师范大学,210,4,4,558,60436
2022,11658,海南师范大学,211,2,2,566,51914
2022,11658,海南师范大学,212,3,3,561,57071
2022,11658,海南师范大学,222,2,2,522,108951
2022,11658,海南师范大学,224,6,6,549,71951
2022,11660,重庆理工大学,204,4,4,545,76951
2022,11660,重庆理工大学,205,35,35,553,67060
2022,11664,西安邮电大学,202,30,30,565,52946
2022,11664,西安邮电大学(本科预科班),204,2,2,505,134818
2022,11688,试山东工商学院,204,19,19,505,135059
2022,11726,长春大学,203,18,18,513,122058
2022,11726,长春大学,204,2,2,508,130702
2022,11726,考长春大学,209,10,10,502,139217
2022,11726,长春大学,210,2,2,496,148262
2022,11726,育长春大学,211,6,6,497,147137
2022,11731,贵州商学院,202,1,1,513,121821
2022,11731,教贵州商学院,203,6,6,505,134964
2022,11731,贵州商学院,208,3,3,491,156820
2022,11736,省西安航空学院,202,8,8,518,114823
2022,11736,西安航空学院,204,3,3,516,117635
2022,11775,防灾科技学院,202,44,44,507,131633
2022,11775,防灾科技学院,204,4,4,508,130419
2022,11799,重庆工商大学,207,2,1,545,76677
2022,11799,重庆工商大学,210,2,2,546,75918
2022,11799,省重庆工商大学,211,25,25,545,77137
2022,11799,重庆工商大学,212,3,3,550,70710
2022,11799,重庆工商大学,222,2,2,535,89790
2022,11799,东重庆工商大学,223,2,2,528,100194
2022,11800,汉口学院,202,5,5,478,178478
2022,11802,广黑龙江工程学院,202,54,54,496,148487
2022,11802,黑龙江工程学院,203,8,8,494,152195
2022,11810,海南医学院,203,2,2,524,105368
2022,11810,海南医学院,204,23,23,553,67503
2022,11819,东莞理工学院,201,304,304,558,60746
2022,11819,东莞理工学院,202,1856,1856,545,77220
2022,11819,东莞理工学院,204,578,578,534,92199
2022,11819,东莞理工学院(地方专项),215,72,72,530,96760
2022,11819,东莞理工学院(地方专项),216,18,18,525,104389
2022,11819,东莞理工学院(粤台联合培养),217,253,253,538,85832
2022,11819,东莞理工学院(中外合作办学),219,78,78,530,97006
2022,11819,东莞理工学院,220,86,86,538,85930
2022,11819,试东莞理工学院,221,30,30,528,99883
2022,11825,桂林航天工业学院,202,36,36,511,125768
2022,11833,上海杉达学院,202,3,3,506,133721
2022,11833,考上海杉达学院,205,1,1,506,133870
2022,11834,黄河科技学院,203,4,4,483,169592
2022,11835,育上海政法学院,204,3,3,596,24847
2022,11835,上海政法学院,205,2,2,578,39573
2022,11835,教上海政法学院,206,34,34,574,43180
2022,11837,桂林旅游学院,204,2,2,508,130362
2022,11837,省桂林旅游学院,205,24,24,499,143659
2022,11837,桂林旅游学院,206,1,1,510,127365
2022,11837,桂林旅游学院,214,3,3,486,165335
2022,11838,贺州学院,203,4,4,498,146395
2022,11838,贺州学院,204,8,8,499,144444
2022,11843,九江学院,203,7,7,503,138491
2022,11843,省九江学院,204,3,3,546,75062
2022,11845,广东工业大学,202,100,100,597,23738
2022,11845,广东工业大学,203,85,85,570,47737
2022,11845,东广东工业大学,204,35,35,570,47693
2022,11845,广东工业大学,205,15,15,566,51574
2022,11845,广广东工业大学,206,1283,1283,568,50227
2022,11845,广东工业大学,207,893,893,578,39809
2022,11845,广东工业大学,208,1209,1209,571,46821
2022,11845,广东工业大学,209,584,584,553,67197
2022,11845,广东工业大学,210,766,766,554,65738
2022,11845,广东工业大学,211,82,82,562,56191
2022,11845,广东工业大学,213,29,29,564,53976
2022,11845,广东工业大学(国际班),222,310,310,547,74549
2022,11845,广东工业大学(地方专项),232,210,210,530,97623
2022,11846,广东外语外贸大学,205,710,710,557,62243
2022,11846,广东外语外贸大学,206,1514,1514,555,63950
2022,11846,广东外语外贸大学,207,10,10,581,37227
2022,11846,试广东外语外贸大学(地方专项),208,72,72,521,110454
2022,11847,佛山科学技术学院,201,589,589,548,72983
2022,11847,佛山科学技术学院,202,243,243,542,80624
2022,11847,考佛山科学技术学院,203,660,660,539,84546
2022,11847,佛山科学技术学院,204,286,286,533,93220
2022,11847,育佛山科学技术学院,205,441,441,529,98967
2022,11847,佛山科学技术学院,206,125,125,542,81183
2022,11847,教佛山科学技术学院,207,30,30,547,74363
2022,11847,佛山科学技术学院,208,83,83,555,64170
2022,11847,省佛山科学技术学院,209,125,125,528,99837
2022,11847,佛山科学技术学院,210,60,60,535,90894
2022,11847,佛山科学技术学院,212,32,32,540,82964
2022,11847,佛山科学技术学院(粤台联合培养),214,100,100,537,88026
2022,11847,佛山科学技术学院(中外合作办学),215,60,60,495,150241
2022,11847,佛山科学技术学院(联合培养),216,30,30,514,120608
2022,11847,省佛山科学技术学院(联合培养),217,35,35,504,136748
2022,11847,佛山科学技术学院(地方专项),218,40,40,508,129286
2022,11847,佛山科学技术学院(地方专项),219,30,30,509,129040
2022,12026,东大连民族大学,202,22,22,506,133304
2022,12044,上海第二工业大学,202,13,13,547,74578
2022,12048,广南京特殊教育师范学院,202,2,2,538,85712
2022,12048,南京特殊教育师范学院,203,2,2,528,100862
2022,12050,上海商学院,202,4,4,543,79447
2022,12056,南通理工学院,202,78,78,481,173497
2022,12056,南通理工学院,203,8,8,476,181424
2022,12059,广东培正学院,201,1201,1201,470,191459
2022,12059,广东培正学院,206,9,9,468,194930
2022,12121,南方医科大学,206,45,45,641,3621
2022,12121,南方医科大学,207,1354,1354,578,39662
2022,12121,南方医科大学,208,124,124,581,37159
2022,12121,南方医科大学(地方专项),209,38,38,530,97902
2022,12121,南方医科大学(地方专项),210,25,25,525,104208
2022,12214,试湖南医药学院,203,5,5,536,89247
2022,12214,湖南医药学院,204,2,2,531,95489
2022,12216,安徽新华学院,202,12,12,478,178665
2022,12303,考湖南涉外经济学院,202,30,30,475,183462
2022,12308,海口经济学院,202,12,12,461,205913
2022,12309,育武昌首义学院,202,9,9,492,155578
2022,12310,武昌理工学院,202,17,17,481,173779
2022,12332,教烟台南山学院,202,10,10,484,167525
2022,12362,武汉生物工程学院,202,30,30,489,159661
2022,12362,省武汉生物工程学院,203,30,30,491,156206
2022,12362,武汉生物工程学院,204,15,15,489,160858
2022,12453,中国劳动关系学院,203,18,18,534,91327
2022,12560,云南经济管理学院,204,8,8,481,173423
2022,12560,云南经济管理学院,205,3,3,488,161801
2022,12560,云南经济管理学院,206,2,2,485,165911
2022,12574,省广东东软学院,201,206,206,481,173949
2022,12574,广东东软学院,202,165,165,478,179141
2022,12574,广东东软学院,203,160,160,480,175067
2022,12574,东广东东软学院,204,40,40,472,188514
2022,12574,广东东软学院,205,48,48,468,194312
2022,12574,广广东东软学院,206,20,20,468,194315
2022,12574,广东东软学院,207,53,53,470,191815
2022,12574,广东东软学院,208,55,55,476,181761
2022,12574,广东东软学院,209,159,159,473,186061
2022,12574,广东东软学院,210,62,62,468,194712
2022,12574,广东东软学院,211,120,102,445,233140
2022,12599,湘潭大学兴湘学院,204,2,2,494,152043
2022,12617,广州城市理工学院（原华南理工大学广州,201,50,50,492,155359
2022,12617,广州城市理工学院（原华南理工大学广州,202,20,20,492,155557
2022,12617,广州城市理工学院（原华南理工大学广州,203,1649,1649,489,160042
2022,12618,广州软件学院（原广州大学华软软件学院,201,2450,2450,475,182815
2022,12618,广州软件学院（原广州大学华软软件学院,202,215,215,472,187869
2022,12618,试广州软件学院（原广州大学华软软件学院,203,81,81,470,192172
2022,12618,广州软件学院（原广州大学华软软件学院,204,20,20,469,193037
2022,12618,广州软件学院（原广州大学华软软件学院,205,25,25,462,205455
2022,12619,考广州南方学院（原中山大学南方学院）,204,1561,1561,482,171223
2022,12619,广州南方学院（原中山大学南方学院）,205,93,93,485,166491
2022,12619,育广州南方学院（原中山大学南方学院）,206,98,98,481,172621
2022,12619,广州南方学院（原中山大学南方学院）,207,15,15,476,182224
2022,12619,教广州南方学院（原中山大学南方学院）,208,48,48,472,189038
2022,12620,广东外语外贸大学南国商学院,203,490,490,487,164221
2022,12620,省广东外语外贸大学南国商学院,204,231,231,482,171282
2022,12620,广东外语外贸大学南国商学院,205,44,44,478,178272
2022,12621,广州华商学院（原广东财经大学华商学院,212,205,205,468,194546
2022,12622,湛江科技学院（原广东海洋大学寸金学院,202,80,80,448,227559
2022,12623,华南农业大学珠江学院,202,239,239,466,197704
2022,12631,厦门医学院,201,15,15,553,66328
2022,12636,省成都东软学院,202,6,6,495,150362
2022,12649,湖南科技大学潇湘学院,202,4,4,499,144017
2022,12650,南华大学船山学院,202,8,8,493,154151
2022,12650,东南华大学船山学院,203,2,2,492,155634
2022,12651,湘潭理工学院,202,2,2,494,152614
2022,12651,广湘潭理工学院,203,3,3,485,166752
2022,12652,湖南师范大学树达学院,202,15,15,510,126183
2022,12652,湖南师范大学树达学院,203,12,12,497,147652
2022,12657,湖南文理学院芙蓉学院,203,4,4,492,154766
2022,12658,湖南理工学院南湖学院,202,2,2,496,148468
2022,12659,衡阳师范学院南岳学院,202,2,2,509,128931
2022,12660,湖南工程学院应用技术学院,201,5,5,494,151780
2022,12661,湖南中医药大学湘杏学院,204,2,2,516,117248
2022,12662,吉首大学张家界学院,202,4,4,493,153889
2022,12668,广州理工学院,201,3660,3660,456,215280
2022,12689,东南大学成贤学院,203,78,78,490,159268
2022,12689,东南大学成贤学院,204,3,3,488,162004
2022,12709,试厦门华厦学院,203,2,2,491,157654
2022,12709,厦门华厦学院,204,14,14,491,157264
2022,12709,厦门华厦学院,205,3,3,488,162118
2022,12710,考闽南理工学院,202,2,2,496,148151
2022,12712,西安欧亚学院,202,14,14,478,178265
2022,12713,育西安外事学院,202,4,4,484,168827
2022,12715,西京学院,202,10,10,480,174443
2022,12779,教山西应用科技学院,202,6,6,483,170564
2022,12792,浙江越秀外国语学院,203,2,2,483,169330
2022,12792,省浙江越秀外国语学院,204,13,13,476,181994
2022,12795,南昌理工学院,202,43,43,484,168165
2022,12799,上海建桥学院,204,2,2,488,161987
2022,12928,泉州职业技术大学,202,5,5,486,165423
2022,12938,江西应用科技学院,201,10,10,463,202654
2022,12992,闽南科技学院,203,1,1,492,155903
2022,12992,省闽南科技学院,204,5,5,488,161934
2022,13006,山东英才学院,201,5,5,470,191242
2022,13021,浙大城市学院,203,1,1,554,65881
2022,13021,东浙大城市学院,204,36,36,541,81911
2022,13022,浙大宁波理工学院,201,40,40,535,89863
2022,13023,广杭州医学院,201,4,4,524,105865
2022,13023,杭州医学院,202,6,6,558,60944
2022,13065,安徽外国语学院,202,7,7,484,168278
2022,13115,厦门工学院,202,13,13,484,168411
2022,13121,西安思源学院,202,4,4,490,158959
2022,13188,武汉晴川学院,203,8,8,484,168243
2022,13208,沈阳城市建设学院,202,8,8,470,191312
2022,13212,大连医科大学中山学院,203,2,2,494,151771
2022,13213,锦州医科大学医疗学院,201,4,4,518,115172
2022,13213,锦州医科大学医疗学院,202,3,3,511,125580
2022,13215,辽宁师范大学海华学院,202,8,8,476,180997
2022,13218,大连财经学院,202,19,19,473,186226
2022,13220,试沈阳城市学院,202,8,8,466,199146
2022,13220,沈阳城市学院,203,6,6,473,186861
2022,13234,湖北大学知行学院,204,1,1,504,137057
2022,13234,考湖北大学知行学院,205,5,5,489,159378
2022,13234,湖北大学知行学院,206,1,1,492,155695
2022,13235,育武汉城市学院,202,10,10,485,167415
2022,13235,武汉城市学院,203,1,1,486,164875
2022,13236,教三峡大学科技学院,202,8,8,489,160041
2022,13236,三峡大学科技学院,203,7,7,509,128431
2022,13238,省湖北工业大学工程技术学院,203,20,20,485,167112
2022,13239,武汉工程大学邮电与信息工程学院,203,2,2,493,152927
2022,13240,武汉纺织大学外经贸学院,203,1,1,483,169848
2022,13242,武汉工商学院,201,8,8,483,170129
2022,13245,荆州学院,202,6,6,478,179030
2022,13246,长江大学文理学院,202,7,7,488,161475
2022,13247,省湖北商贸学院,202,23,23,464,201151
2022,13248,湖北汽车工业学院科技学院,201,1,1,492,155660
2022,13248,湖北汽车工业学院科技学院,202,6,6,490,158823
2022,13249,东湖北医药学院药护学院,201,7,7,510,126857
2022,13250,湖北恩施学院,204,3,3,488,162372
2022,13250,广湖北恩施学院,205,4,4,511,125880
2022,13251,湖北经济学院法商学院,202,9,9,487,163686
2022,13253,武汉体育学院体育科技学院,202,2,2,487,163616
2022,13256,湖北师范大学文理学院,203,10,10,492,155265
2022,13262,文华学院,202,12,12,492,156171
2022,13279,杭州电子科技大学信息工程学院,201,12,12,496,148335
2022,13291,嘉兴南湖学院,201,2,2,500,142943
2022,13296,黑龙江外国语学院,203,5,4,445,232799
2022,13300,黑龙江工商学院,202,30,30,457,213353
2022,13301,哈尔滨远东理工学院,201,40,40,469,193853
2022,13307,哈尔滨华德学院,202,68,68,457,212476
2022,13324,山东协和学院,203,12,12,480,174254
2022,13324,试山东协和学院,204,2,2,526,103331
2022,13324,山东协和学院,205,13,13,483,169872
2022,13326,云南大学滇池学院,202,6,6,483,170572
2022,13328,考丽江文化旅游学院,203,2,2,484,168639
2022,13328,丽江文化旅游学院,204,4,4,481,173753
2022,13328,育丽江文化旅游学院,205,2,2,483,170583
2022,13330,昆明城市学院,202,5,5,485,166365
2022,13332,教昆明医科大学海源学院,202,17,17,528,100443
2022,13332,昆明医科大学海源学院,203,6,6,491,156196
2022,13378,省青岛城市学院,202,8,8,481,173200
2022,13386,山东石油化工学院,202,13,13,497,146924
2022,13408,华北理工大学轻工学院,202,5,5,479,176000
2022,13415,河北医科大学临床学院,203,4,4,499,143412
2022,13415,河北医科大学临床学院,204,5,5,531,95546
2022,13420,南昌职业大学,202,3,3,484,168753
2022,13421,省南昌工学院,202,10,10,480,175745
2022,13429,南昌大学科学技术学院,203,2,2,490,158856
2022,13429,南昌大学科学技术学院,204,32,32,492,155870
2022,13431,东南昌交通学院,203,3,3,485,167457
2022,13432,赣东学院,203,11,11,499,144009
2022,13433,广南昌航空大学科技学院,202,53,53,490,158077
2022,13434,赣南科技学院,203,18,18,501,140973
2022,13435,景德镇艺术职业大学,203,8,8,485,167373
2022,13436,江西农业大学南昌商学院,202,17,17,490,158326
2022,13437,南昌医学院,204,11,11,528,100036
2022,13437,南昌医学院,205,3,3,546,75892
2022,13437,南昌医学院,207,4,4,507,131827
2022,13438,江西师范大学科学技术学院,202,12,12,493,153764
2022,13439,赣南师范大学科技学院,202,19,19,494,152379
2022,13440,南昌应用技术师范学院,203,10,10,494,151965
2022,13440,南昌应用技术师范学院,204,1,1,504,136984
2022,13441,江西财经大学现代经济管理学院,203,2,2,494,152496
2022,13441,试江西财经大学现代经济管理学院,204,42,42,489,160054
2022,13468,阳光学院,203,17,17,479,177439
2022,13468,阳光学院,207,3,3,468,195880
2022,13469,考厦门大学嘉庚学院,203,3,3,506,133359
2022,13469,厦门大学嘉庚学院,204,78,78,497,146683
2022,13470,育福州大学至诚学院,203,43,43,491,157753
2022,13470,福州大学至诚学院,204,6,6,489,160723
2022,13471,教集美大学诚毅学院,203,27,27,495,149906
2022,13472,福建师范大学协和学院,203,1,1,497,147112
2022,13472,省福建师范大学协和学院,204,3,3,493,154250
2022,13497,郑州财经学院,202,12,12,488,161148
2022,13503,信阳学院,202,3,3,492,154818
2022,13534,山西工学院,201,4,4,500,143138
2022,13534,山西工学院,202,1,1,500,143128
2022,13538,山西晋中理工学院,202,2,2,485,166127
2022,13558,省新疆理工学院,202,12,12,493,153265
2022,13558,新疆理工学院,203,2,2,493,153432
2022,13560,新疆第二医学院,201,21,21,517,116875
2022,13560,东新疆第二医学院,202,14,14,500,143231
2022,13560,新疆第二医学院,203,3,3,513,122884
2022,13571,广无锡太湖学院,204,67,67,482,171684
2022,13578,河北工程大学科信学院,202,24,24,486,164662
2022,13579,中国矿业大学徐海学院,203,21,21,487,163235
2022,13588,重庆外语外事学院,203,3,3,493,152942
2022,13588,重庆外语外事学院,204,11,11,490,158330
2022,13589,重庆对外经贸学院,204,4,4,494,152352
2022,13590,重庆财经学院,202,8,8,494,151853
2022,13594,河北地质大学华信学院,202,12,12,478,177497
2022,13597,山西科技学院,201,4,4,499,143892
2022,13602,长春电子科技学院,202,8,8,477,180392
2022,13603,长春财经学院,202,7,7,477,179695
2022,13604,吉林建筑科技学院,201,10,10,468,194522
2022,13606,试长春科技学院,201,12,12,475,182838
2022,13606,长春科技学院,202,3,3,474,185431
2022,13609,辽宁中医药大学杏林学院,203,8,8,496,148644
2022,13609,考辽宁中医药大学杏林学院,204,4,4,497,146567
2022,13610,辽宁何氏医学院,201,14,14,503,137581
2022,13610,育辽宁何氏医学院,202,6,6,482,172018
2022,13611,蚌埠工商学院,202,6,6,485,167226
2022,13614,教马鞍山学院,202,13,13,480,175585
2022,13615,合肥城市学院,202,6,6,480,175529
2022,13615,省合肥城市学院,203,3,3,481,173098
2022,13618,安徽医科大学临床医学院,201,30,30,518,114622
2022,13625,昆明文理学院,203,17,17,481,172754
2022,13626,昆明理工大学津桥学院,204,3,3,476,181667
2022,13626,昆明理工大学津桥学院,205,19,19,481,173690
2022,13626,昆明理工大学津桥学院,206,1,1,484,168103
2022,13626,省昆明理工大学津桥学院,207,16,16,477,180434
2022,13627,重庆移通学院,203,6,6,465,200430
2022,13631,大连东软信息学院,202,18,18,475,183258
2022,13632,东上海视觉艺术学院,202,4,4,528,100936
2022,13634,武汉学院,202,18,18,489,160492
2022,13635,广长沙理工大学城南学院,204,35,35,494,152446
2022,13639,柳州工学院,203,45,45,485,167295
2022,13639,柳州工学院,204,10,10,481,174042
2022,13640,广西民族大学相思湖学院,202,32,32,489,160619
2022,13641,桂林学院,202,19,19,489,160066
2022,13642,南宁师范大学师园学院,203,3,3,495,150261
2022,13643,广西中医药大学赛恩斯新医药学院,205,108,108,494,152671
2022,13643,广西中医药大学赛恩斯新医药学院,207,38,38,491,156381
2022,13643,广西中医药大学赛恩斯新医药学院,208,10,10,491,157221
2022,13644,桂林信息科技学院,204,2,2,484,168746
2022,13644,桂林信息科技学院,205,2,2,482,172467
2022,13644,桂林信息科技学院,206,49,49,482,172178
2022,13647,试贵州中医药大学时珍学院,201,4,4,488,162050
2022,13651,贵阳人文科技学院,202,2,2,481,173565
2022,13653,遵义医科大学医学与科技学院,201,10,10,534,92328
2022,13654,考南京理工大学紫金学院,202,89,89,488,161154
2022,13654,南京理工大学紫金学院,203,29,29,482,172233
2022,13654,育南京理工大学紫金学院,204,59,59,488,162298
2022,13656,广州华立学院（原广东工业大学华立学院,201,2320,2320,453,219834
2022,13656,教广州华立学院（原广东工业大学华立学院,202,670,670,457,213752
2022,13656,广州华立学院（原广东工业大学华立学院,203,45,45,453,220089
2022,13657,省广州应用科技学院（原广州大学松田学院,203,2285,2285,462,205404
2022,13657,广州应用科技学院（原广州大学松田学院,204,55,55,455,216772
2022,13660,天津商业大学宝德学院,206,5,5,483,170682
2022,13661,天津医科大学临床医学院,205,4,4,494,152779
2022,13661,天津医科大学临床医学院,206,3,3,538,86544
2022,13661,天津医科大学临床医学院,207,5,5,498,146319
2022,13661,省天津医科大学临床医学院,208,3,3,532,94148
2022,13662,长春人文学院,202,2,2,476,181420
2022,13662,长春人文学院,203,2,2,471,190705
2022,13665,东电子科技大学成都学院,202,37,37,493,154453
2022,13666,武汉华夏理工学院,202,25,25,483,170198
2022,13667,广广州商学院,207,2028,2028,464,200817
2022,13667,广州商学院,208,702,702,458,211112
2022,13667,广州商学院,209,310,310,452,221296
2022,13667,广州商学院,210,68,32,445,232682
2022,13667,广州商学院,211,98,14,445,232856
2022,13667,广州商学院,212,280,106,445,233231
2022,13668,成都理工大学工程技术学院,202,20,20,488,161481
2022,13673,四川外国语大学成都学院,202,26,26,491,157378
2022,13675,北京理工大学珠海学院,201,1379,1379,493,152981
2022,13675,北京理工大学珠海学院,202,55,55,480,174227
2022,13675,北京理工大学珠海学院,203,123,123,484,168218
2022,13677,西安交通大学城市学院,201,4,4,492,156108
2022,13678,试西北大学现代学院,202,1,1,479,176884
2022,13679,西安建筑科技大学华清学院,201,10,10,481,174029
2022,13684,珠海科技学院（原吉林大学珠海学院）,209,2750,2750,493,154223
2022,13684,考珠海科技学院（原吉林大学珠海学院）,210,100,100,492,155760
2022,13684,珠海科技学院（原吉林大学珠海学院）,211,80,80,491,157529
2022,13684,育珠海科技学院（原吉林大学珠海学院）,212,51,51,491,157255
2022,13705,成都医学院,201,40,40,553,67496
2022,13714,教广州工商学院,205,2237,2237,450,224174
2022,13714,广州工商学院,206,75,75,447,230009
2022,13714,省广州工商学院,207,122,122,449,226150
2022,13714,广州工商学院,208,90,90,445,231960
2022,13717,广州科技职业技术大学,202,2567,2131,445,233228
2022,13719,广东科技学院,205,3692,3692,455,216120
2022,13719,广东科技学院,206,116,116,449,225279
2022,13720,广东理工学院,201,2265,2265,447,230052
2022,13720,省广东理工学院,202,400,400,452,220481
2022,13720,广东理工学院,203,300,300,456,213954
2022,13720,广东理工学院,204,220,209,445,233227
2022,13720,东广东理工学院,205,800,602,445,233237
2022,13721,广东工商职业技术大学,205,838,838,446,230592
2022,13721,广广东工商职业技术大学,206,42,42,450,224909
2022,13721,广东工商职业技术大学,207,60,21,445,233230
2022,13744,黑河学院,203,3,3,499,143316
2022,13744,黑河学院,204,8,8,495,149901
2022,13744,黑河学院,205,6,6,492,155468
2022,13762,福州外语外贸学院,202,20,20,477,179994
2022,13766,泉州信息工程学院,203,30,30,482,171022
2022,13774,豫章师范学院,202,6,6,500,142662
2022,13774,豫章师范学院,203,2,2,499,144761
2022,13776,江西软件职业技术大学,202,2,2,480,174143
2022,13776,江西软件职业技术大学,203,1,1,471,190296
2022,13809,湖南应用技术学院,203,3,3,485,167076
2022,13811,试琼台师范学院,202,10,10,503,138545
2022,13811,琼台师范学院,203,2,2,507,131026
2022,13816,四川工业科技学院,202,5,5,487,162633
2022,13830,考广西外国语学院,202,19,19,485,167229
2022,13842,南京理工大学泰州科技学院,202,46,46,486,164635
2022,13844,育东莞城市学院（原东莞理工学院城市学院,205,2655,2655,472,188609
2022,13844,东莞城市学院（原东莞理工学院城市学院,206,86,86,475,182832
2022,13844,教东莞城市学院（原东莞理工学院城市学院,207,70,70,478,178054
2022,13892,三亚学院,204,17,17,490,159095
2022,13892,省三亚学院,205,1,1,488,161850
2022,13892,三亚学院,212,1,1,487,164247
2022,13893,上海师范大学天华学院,202,6,6,480,174738
2022,13895,燕京理工学院,202,1,1,491,156748
2022,13897,天津理工大学中环信息学院,202,17,17,484,167606
2022,13898,北京科技大学天津学院,203,12,12,484,168861
2022,13898,省北京科技大学天津学院,204,4,4,483,170536
2022,13899,北京中医药大学东方学院,203,12,12,495,149888
2022,13899,北京中医药大学东方学院,204,3,3,512,123942
2022,13899,东北京中医药大学东方学院,205,3,3,492,155570
2022,13902,广州新华学院（原中山大学新华学院）,205,1651,1651,486,165542
2022,13902,广广州新华学院（原中山大学新华学院）,206,55,55,487,163453
2022,13902,广州新华学院（原中山大学新华学院）,207,321,321,483,170073
2022,13902,广州新华学院（原中山大学新华学院）,208,319,319,482,171041
2022,13902,广州新华学院（原中山大学新华学院）,209,58,58,485,167481
2022,13903,成都锦城学院,202,49,49,493,154242
2022,13905,南京工业大学浦江学院,202,54,54,485,166208
2022,13905,南京工业大学浦江学院,204,4,4,483,169725
2022,13920,广西城市职业大学,203,100,100,474,184531
2022,13924,湖南交通工程学院,203,2,2,482,171164
2022,13924,湖南交通工程学院,204,2,2,477,179866
2022,13980,南京医科大学康达学院,203,10,10,493,153354
2022,13980,南京医科大学康达学院,204,20,20,511,125012
2022,13980,试南京医科大学康达学院,205,18,18,492,154857
2022,13982,无锡学院,202,49,49,517,116399
2022,13982,无锡学院,203,8,8,505,134697
2022,13983,考苏州城市学院,202,34,34,514,121515
2022,13984,苏州大学应用技术学院,202,23,23,490,158165
2022,13986,育江苏大学京江学院,202,66,66,486,164778
2022,13986,江苏大学京江学院,203,2,2,491,156904
2022,13986,教江苏大学京江学院,204,3,3,494,152600
2022,13987,扬州大学广陵学院,203,2,2,494,151682
2022,13987,省扬州大学广陵学院,204,42,42,489,160875
2022,13988,江苏师范大学科文学院,203,2,2,499,144441
2022,13989,南京邮电大学通达学院,202,71,71,487,163389
2022,13990,南京财经大学红山学院,202,16,16,487,162688
2022,13991,江苏科技大学苏州理工学院,202,19,19,490,158412
2022,13991,江苏科技大学苏州理工学院,203,3,3,487,162911
2022,13992,省常州大学怀德学院,202,24,24,485,167382
2022,13992,常州大学怀德学院,203,10,10,483,170049
2022,13993,南通大学杏林学院,201,44,44,483,170485
2022,13994,东南京审计大学金审学院,202,67,67,486,164731
2022,13995,青岛工学院,203,2,2,482,171668
2022,13995,广青岛工学院,204,22,22,476,181209
2022,13998,齐鲁理工学院,203,11,11,476,181291
2022,13998,齐鲁理工学院,204,13,13,480,175072
2022,14030,西安信息职业大学,202,3,3,479,176344
2022,14037,西南财经大学天府学院,202,4,4,493,153013
2022,14038,天津仁爱学院,204,63,63,473,186283
2022,14042,西安科技大学高新学院,202,4,4,482,171680
2022,14087,天津财经大学珠江学院,202,12,12,487,164142
2022,14098,合肥师范学院,201,10,10,499,144297
2022,14099,湖北第二师范学院,202,2,2,521,110100
2022,14099,湖北第二师范学院,206,4,4,502,139644
2022,14101,太原工业学院,201,14,14,500,142874
2022,14101,试太原工业学院,202,2,2,498,146065
2022,14101,太原工业学院,203,14,14,495,150764
2022,14172,海南科技职业大学,202,8,8,477,180194
2022,14201,考北京第二外国语学院中瑞酒店管理学院,202,5,5,464,202162
2022,14202,沧州交通学院,203,3,3,485,166678
2022,14202,育沧州交通学院,204,22,22,484,169026
2022,14203,皖江工学院,201,5,5,481,172894
2022,14207,教上海财经大学浙江学院,202,12,12,490,159174
2022,14225,河北东方学院,203,5,5,479,176811
2022,14225,省河北东方学院,204,3,3,489,159953
2022,14225,河北东方学院,205,4,4,485,166019
2022,14278,广东第二师范学院,202,135,135,542,80290
2022,14278,广东第二师范学院,204,72,72,549,71732
2022,14278,广东第二师范学院,205,509,509,527,102028
2022,14278,广东第二师范学院,206,171,171,524,105333
2022,14278,省广东第二师范学院,207,100,100,545,76856
2022,14278,广东第二师范学院(学分互认),218,45,45,518,114309
2022,14278,广东第二师范学院(协同培养),220,15,15,504,136213
2022,14389,东成都师范学院,203,2,2,523,106886
2022,14389,成都师范学院,204,12,12,529,98212
2022,14410,广四川电影电视学院,202,4,4,496,148846
2022,14432,河北中医学院,202,4,4,554,65093
2022,14432,河北中医学院,203,7,7,521,110453
2022,14432,河北中医学院,204,2,2,528,99903
2022,14434,山西传媒学院,205,4,4,511,124801
2022,14437,南昌师范学院,204,3,3,503,137283
2022,14440,贵州理工学院,201,8,8,509,129190
2022,14527,山西工程技术学院,202,2,2,497,147072
2022,14596,中国社会科学院大学,204,4,4,625,8258
2022,14623,滇西应用技术大学,202,10,10,499,143772
2022,14623,滇西应用技术大学,203,2,2,498,146234
2022,14625,茅台学院,201,10,10,493,153809
2022,14654,试郑州西亚斯学院,202,5,5,493,153898
2022,14654,郑州西亚斯学院,206,15,15,459,210054
2022,14655,深圳技术大学,201,183,183,561,57218
2022,14655,考深圳技术大学,202,185,185,557,61641
2022,14655,深圳技术大学,203,295,295,563,55356
2022,14655,育深圳技术大学,204,221,221,558,61160
2022,14655,深圳技术大学,205,1506,1506,565,52531
2022,16202,教河北石油职业技术大学,202,34,34,489,160562
2022,16203,河北科技工程职业技术大学,203,22,22,491,156346
2022,16205,省广西农业职业技术大学,201,15,15,492,154486
2022,16206,贵阳康养职业大学,202,4,4,492,154483
2022,16209,兰州石化职业技术大学,201,2,2,490,158956
2022,16301,宁波诺丁汉大学,209,21,21,575,42942
2022,16302,西交利物浦大学,208,12,12,577,40942
2022,16401,北京师范大学-香港浸会大学联合国际学院,202,69,69,567,51101
2022,16405,省温州肯恩大学,209,23,23,537,87324
2022,16409,深圳北理莫斯科大学,201,10,5,541,81848
2022,16409,深圳北理莫斯科大学,202,2,0,,
2022,16409,东深圳北理莫斯科大学,203,1,0,,
2022,16410,广东以色列理工学院,201,80,40,495,149609
2022,16410,广广东以色列理工学院,202,20,10,494,151195
2022,16410,广东以色列理工学院,203,10,7,504,135518
2022,18213,哈尔滨工业大学(深圳),202,341,341,647,2583
2022,19001,北京大学医学部,203,2,2,669,451
2022,19001,北京大学医学部,204,3,3,665,681
2022,19001,北京大学医学部,205,25,25,672,344
2022,19004,北京交通大学(威海校区),208,3,3,579,38833
2022,19013,北京邮电大学(宏福校区),203,7,7,606,17695
2022,19013,北京邮电大学(宏福校区),204,29,29,610,15498
2022,19027,北京师范大学(珠海校区),203,126,128,620,10551
2022,19027,北京师范大学(珠海校区),204,70,70,617,11724
2022,19141,大连理工大学(盘锦校区),202,5,5,603,19582
2022,19141,试大连理工大学(盘锦校区),207,6,6,597,24192
2022,19141,大连理工大学(盘锦校区),208,4,4,592,27995
2022,19145,东北大学秦皇岛分校,204,65,65,597,23552
2022,19145,考东北大学秦皇岛分校,206,11,11,600,22068
2022,19213,哈尔滨工业大学(威海),201,21,21,626,8140
2022,19213,育哈尔滨工业大学(威海),203,5,5,603,19684
2022,19246,复旦大学医学院,201,5,5,676,220
2022,19246,教复旦大学医学院,202,21,21,661,897
2022,19248,上海交通大学医学院,201,3,4,675,251
2022,19248,省上海交通大学医学院,202,8,8,662,799
2022,19335,浙江大学医学院,201,23,23,657,1283
2022,19359,合肥工业大学(宣城校区),205,5,5,583,35385
2022,19414,中国石油大学(北京)克拉玛依校区,201,23,23,561,57875
2022,19414,中国石油大学(北京)克拉玛依校区,202,8,8,555,64937
2022,19422,山东大学威海分校,203,49,49,609,16198
2022,19422,省山东大学威海分校,205,4,4,606,17488
2022,19422,山东大学威海分校,211,11,11,603,19562
2022,19422,山东大学威海分校,212,2,2,602,20294
2022,19422,东山东大学威海分校,213,2,2,600,21596
2022,19614,电子科技大学(沙河校区),201,37,37,630,6556
2022,19614,广电子科技大学(沙河校区),203,10,10,609,15774
2022,19614,电子科技大学(沙河校区),204,38,38,615,12900
2022,19635,西南大学(荣昌校区),202,19,19,568,49964
2022,19635,西南大学(荣昌校区),203,11,11,581,36478
2022,19635,西南大学(荣昌校区),204,6,6,567,51028
2022,51721,河北环境工程学院,203,9,9,497,147808
2022,51721,河北环境工程学院,205,3,3,494,152165
2022,80001,汕头大学医学院,211,159,159,598,23236
2022,80001,汕头大学医学院,212,167,167,582,35942
2022,80001,汕头大学医学院,213,100,100,530,98016
2022,80001,汕头大学医学院,214,75,75,557,61987
2022,80002,华南师范大学(汕尾校区),203,99,99,585,33644
2022,80002,试华南师范大学(汕尾校区),204,405,405,583,35150
2022,80003,广东工业大学(揭阳校区),252,789,789,555,64111
2022,80004,广东技术师范大学(河源校区),201,130,130,517,116583
2022,91004,考陆军工程大学,201,5,5,569,48939
2022,91012,陆军军医大学,201,14,14,603,19734
2022,91012,育陆军军医大学,202,3,3,587,31844
2023,10001,北京大学,203,24,30,694,84
2023,10002,中国人民大学,202,50,50,670,1016
2023,10003,清华大学,202,52,52,693,92
2023,10003,清华大学,203,7,7,694,79
2023,10004,北京交通大学,204,89,89,623,13418
2023,10004,试北京交通大学(中外合作办学),206,6,6,614,17929
2023,10004,北京交通大学(中外合作办学),208,2,2,614,17975
2023,10004,考北京交通大学,209,7,7,635,8412
2023,10005,北京工业大学,201,9,9,614,17633
2023,10006,北京航空航天大学,202,108,108,666,1394
2023,10006,育北京航空航天大学(中外合作办学),204,8,8,649,4191
2023,10007,北京理工大学,202,67,67,658,2454
2023,10007,北京理工大学(中外合作办学),204,5,5,640,6760
2023,10007,教北京理工大学(中外合作办学),205,4,4,627,11655
2023,10008,北京科技大学,201,27,27,619,15364
2023,10008,省北京科技大学,202,2,2,620,14606
2023,10008,北京科技大学,203,42,42,619,15368
2023,10010,北京化工大学,202,60,60,609,20801
2023,10010,北京化工大学(中外合作办学),205,8,8,592,33166
2023,10010,北京化工大学(中外合作办学),206,9,9,591,33232
2023,10011,北京工商大学,202,5,5,568,55020
2023,10011,北京工商大学,203,11,11,554,70446
2023,10012,北京服装学院,202,2,2,538,89335
2023,10012,北京服装学院,203,8,8,525,106396
2023,10013,省北京邮电大学,201,107,107,636,7885
2023,10013,北京邮电大学,204,8,8,658,2512
2023,10015,北京印刷学院,202,3,3,540,86695
2023,10015,东北京印刷学院,203,4,4,532,96757
2023,10016,北京建筑大学,201,8,8,584,39945
2023,10017,北京石油化工学院,201,9,9,544,82144
2023,10017,广北京石油化工学院,202,1,1,547,77636
2023,10017,北京石油化工学院,203,3,3,542,84580
2023,10017,北京石油化工学院,204,1,1,541,85062
2023,10019,中国农业大学,202,43,43,622,13920
2023,10019,中国农业大学,203,18,18,630,10331
2023,10019,中国农业大学,204,17,17,620,14997
2023,10019,中国农业大学(中外合作办学),206,7,7,606,23026
2023,10022,北京林业大学,204,14,14,590,34609
2023,10022,北京林业大学,205,4,4,596,29833
2023,10022,北京林业大学(中外合作办学),208,3,3,593,32414
2023,10026,北京中医药大学,202,2,2,592,33109
2023,10026,北京中医药大学,203,27,28,594,31385
2023,10027,北京师范大学,202,12,12,651,3652
2023,10027,北京师范大学,203,14,14,659,2303
2023,10028,首都师范大学,203,4,4,605,23681
2023,10028,首都师范大学,204,2,2,604,23757
2023,10029,首都体育学院,202,2,2,542,84371
2023,10030,试北京外国语大学,205,19,19,618,15964
2023,10030,北京外国语大学,206,2,2,621,14444
2023,10031,考北京第二外国语学院,204,3,3,585,38374
2023,10031,北京第二外国语学院,205,11,11,573,50072
2023,10032,北京语言大学,204,4,4,594,31194
2023,10032,育北京语言大学,205,1,1,597,28897
2023,10032,北京语言大学,206,12,12,588,36483
2023,10033,中国传媒大学,203,53,53,609,20620
2023,10033,教中国传媒大学(中外合作办学),205,7,7,606,22603
2023,10033,中国传媒大学(中外合作办学),206,6,6,592,32475
2023,10034,省中央财经大学,203,62,62,627,11370
2023,10034,中央财经大学(中外合作办学),204,15,15,616,16917
2023,10036,对外经济贸易大学,202,43,43,623,13448
2023,10038,首都经济贸易大学,202,6,6,585,38418
2023,10041,中国人民公安大学,201,3,3,620,14610
2023,10043,北京体育大学,203,2,2,592,33102
2023,10043,北京体育大学,204,2,2,600,26885
2023,10043,北京体育大学(中外合作办学),209,4,4,529,101188
2023,10043,北京体育大学,212,4,4,595,30305
2023,10043,省北京体育大学,213,5,5,586,37677
2023,10047,中央美术学院,202,1,1,621,14326
2023,10050,北京电影学院,202,2,2,613,18298
2023,10052,东中央民族大学,203,3,3,610,20183
2023,10052,中央民族大学,204,53,53,608,21081
2023,10052,中央民族大学,205,8,8,611,19547
2023,10052,广中央民族大学(中外合作办学),206,5,5,605,23400
2023,10053,中国政法大学,205,4,4,629,10639
2023,10053,中国政法大学,206,2,2,621,14271
2023,10053,中国政法大学,207,41,41,623,13476
2023,10054,华北电力大学(北京),203,93,96,612,18784
2023,10054,华北电力大学(北京),204,4,4,607,22047
2023,10055,南开大学,202,51,55,651,3859
2023,10056,天津大学,201,33,38,638,7310
2023,10056,天津大学,202,36,36,639,6979
2023,10057,天津科技大学,202,23,23,552,72093
2023,10057,天津科技大学,203,10,10,546,78877
2023,10057,天津科技大学,204,8,8,536,91751
2023,10057,天津科技大学(中外合作办学),207,3,3,542,84412
2023,10057,天津科技大学(中外合作办学),208,3,3,540,86813
2023,10057,天津科技大学(中外合作办学),209,3,3,551,73594
2023,10058,天津工业大学,201,45,45,582,41545
2023,10058,天津工业大学,202,18,18,555,68968
2023,10058,试天津工业大学(中外合作办学),205,5,5,578,45073
2023,10059,中国民航大学,204,167,167,551,73217
2023,10059,考中国民航大学,205,22,22,551,73524
2023,10060,天津理工大学,201,77,77,537,90728
2023,10060,天津理工大学,202,10,10,545,80535
2023,10060,育天津理工大学(中外合作办学),203,18,18,547,78793
2023,10061,天津农学院,201,11,11,501,139851
2023,10061,天津农学院,202,24,24,498,145128
2023,10061,教天津农学院,203,1,1,501,141234
2023,10063,天津中医药大学,203,4,4,555,68732
2023,10063,省天津中医药大学,204,17,17,572,51070
2023,10063,天津中医药大学,205,4,4,554,69656
2023,10063,天津中医药大学,206,4,4,550,75209
2023,10065,天津师范大学,203,4,4,586,38015
2023,10065,天津师范大学,204,5,5,575,48284
2023,10066,天津职业技术师范大学,201,37,37,505,134326
2023,10068,天津外国语大学,204,12,12,535,93732
2023,10068,天津外国语大学,205,2,2,548,77578
2023,10068,天津外国语大学,206,2,2,547,78684
2023,10069,省天津商业大学,203,54,54,506,133268
2023,10069,天津商业大学(中外合作办学),205,6,6,532,97055
2023,10070,天津财经大学,202,33,33,555,68592
2023,10070,东天津财经大学(中外合作办学),205,5,5,556,67882
2023,10071,天津体育学院,202,4,4,501,140484
2023,10076,河北工程大学,201,22,22,524,108072
2023,10077,广河北地质大学,202,29,29,512,124772
2023,10078,华北水利水电大学,201,16,16,551,72992
2023,10078,华北水利水电大学,202,7,7,549,76282
2023,10078,华北水利水电大学(中外合作办学),203,2,2,527,104159
2023,10079,华北电力大学(保定),203,89,89,595,30724
2023,10079,华北电力大学(保定),204,9,9,591,33433
2023,10080,河北工业大学,201,25,25,602,25646
2023,10081,华北理工大学,205,7,7,541,85588
2023,10081,华北理工大学,210,4,4,529,100697
2023,10089,河北医科大学,202,4,4,528,102023
2023,10089,河北医科大学,203,6,6,521,112696
2023,10089,河北医科大学,204,4,4,540,86999
2023,10089,河北医科大学,205,7,7,586,37589
2023,10092,河北北方学院,201,7,7,544,81897
2023,10092,河北北方学院,202,3,3,504,135452
2023,10093,承德医学院,201,3,3,560,63463
2023,10094,河北师范大学,203,6,6,560,63578
2023,10094,试河北师范大学,204,2,2,560,63167
2023,10094,河北师范大学,205,2,2,542,83748
2023,10101,考衡水学院,202,6,6,496,147808
2023,10101,衡水学院,203,2,2,505,134093
2023,10101,衡水学院(中外合作办学),205,2,2,488,159410
2023,10103,育邯郸学院,202,5,5,501,140430
2023,10104,邢台学院,202,2,2,494,151318
2023,10105,沧州师范学院,203,8,8,502,138441
2023,10105,教沧州师范学院,204,5,5,495,150066
2023,10107,石家庄铁道大学,202,4,4,538,88818
2023,10107,省石家庄铁道大学,203,2,2,546,79886
2023,10107,石家庄铁道大学,204,1,1,530,100435
2023,10107,石家庄铁道大学,205,2,2,561,62267
2023,10108,山西大学,207,10,10,563,59920
2023,10109,太原科技大学,201,10,10,530,99320
2023,10110,中北大学,203,108,108,544,81649
2023,10110,中北大学,204,5,5,523,108703
2023,10110,中北大学,208,13,13,536,92518
2023,10110,中北大学,209,44,44,529,101423
2023,10110,省中北大学,210,4,4,532,97545
2023,10112,太原理工大学,201,27,27,590,34756
2023,10112,太原理工大学,202,30,30,589,35222
2023,10113,东山西农业大学,203,11,11,525,107135
2023,10113,山西农业大学,204,2,2,502,139655
2023,10113,山西农业大学,205,3,3,523,108892
2023,10113,广山西农业大学,206,8,8,496,147199
2023,10113,山西农业大学,207,5,5,509,129491
2023,10114,山西医科大学,201,4,4,535,93747
2023,10114,山西医科大学,202,8,8,515,121114
2023,10114,山西医科大学,203,8,8,547,78410
2023,10117,长治医学院,201,2,2,512,125071
2023,10117,长治医学院,202,5,5,533,95586
2023,10118,山西师范大学,204,8,8,534,93957
2023,10118,山西师范大学,205,2,2,516,118976
2023,10118,山西师范大学,207,1,1,542,83886
2023,10118,山西师范大学,209,4,4,520,112927
2023,10118,山西师范大学,210,2,2,523,109790
2023,10118,山西师范大学,211,2,2,498,144295
2023,10120,山西大同大学,202,10,10,542,84633
2023,10124,忻州师范学院,201,6,6,495,149088
2023,10124,忻州师范学院,202,1,1,496,147085
2023,10125,山西财经大学,202,10,10,532,97230
2023,10126,试内蒙古大学,207,8,8,568,54479
2023,10126,内蒙古大学,208,3,3,572,50941
2023,10126,考内蒙古大学,209,13,13,548,76607
2023,10126,内蒙古大学,210,5,5,563,59792
2023,10126,内蒙古大学,211,4,4,578,45322
2023,10126,育内蒙古大学,212,5,5,554,70332
2023,10126,内蒙古大学,213,3,3,555,68478
2023,10126,内蒙古大学,214,2,2,556,67372
2023,10126,教内蒙古大学,215,3,3,556,68099
2023,10127,内蒙古科技大学,202,43,43,492,153974
2023,10127,省内蒙古科技大学,203,10,10,492,154503
2023,10128,内蒙古工业大学,201,20,20,520,113513
2023,10128,内蒙古工业大学,202,27,27,491,154757
2023,10129,内蒙古农业大学,202,5,5,501,141141
2023,10129,内蒙古农业大学,203,2,2,499,143074
2023,10132,内蒙古医科大学,201,15,15,526,104692
2023,10135,内蒙古师范大学,202,5,5,529,101408
2023,10135,内蒙古师范大学,203,6,6,512,125042
2023,10136,内蒙古民族大学,203,3,3,503,136923
2023,10136,省内蒙古民族大学,204,5,5,530,100536
2023,10136,内蒙古民族大学,205,8,8,494,150810
2023,10136,内蒙古民族大学,206,5,5,493,153036
2023,10136,东内蒙古民族大学,207,2,2,491,155904
2023,10140,辽宁大学,203,4,4,595,30567
2023,10140,辽宁大学(中外合作办学),205,5,5,563,59565
2023,10140,广辽宁大学(中外合作办学),213,5,5,542,84886
2023,10140,辽宁大学(中外合作办学),214,4,4,560,62872
2023,10141,大连理工大学,201,52,52,628,10921
2023,10141,大连理工大学,202,6,6,618,15664
2023,10141,大连理工大学,203,10,10,619,15438
2023,10141,大连理工大学(中外合作办学),204,12,12,616,16929
2023,10142,沈阳工业大学,202,66,66,523,108867
2023,10143,沈阳航空航天大学,202,1,1,591,33395
2023,10144,沈阳理工大学,201,21,21,531,97894
2023,10145,东北大学,201,97,97,617,16483
2023,10145,东北大学,202,2,2,615,17133
2023,10145,东北大学,203,6,6,616,16935
2023,10145,东北大学(中外合作办学),204,17,17,593,31730
2023,10145,东北大学(中外合作办学),205,20,20,595,30836
2023,10145,东北大学,206,2,2,615,17069
2023,10146,辽宁科技大学,201,11,11,517,117795
2023,10146,辽宁科技大学(中外合作办学),202,4,4,490,156747
2023,10147,试辽宁工程技术大学,202,10,10,526,105305
2023,10148,辽宁石油化工大学,201,2,2,513,123356
2023,10148,考辽宁石油化工大学,202,2,2,531,98614
2023,10148,辽宁石油化工大学,203,1,1,535,92642
2023,10148,辽宁石油化工大学(中外合作办学),204,5,5,511,126433
2023,10148,育辽宁石油化工大学(中外合作办学),205,5,5,504,136177
2023,10149,沈阳化工大学,201,7,7,528,102763
2023,10149,沈阳化工大学,202,8,8,514,121701
2023,10149,教沈阳化工大学,204,1,1,515,119855
2023,10149,沈阳化工大学,205,5,5,518,116854
2023,10150,省大连交通大学,202,3,3,532,97757
2023,10150,大连交通大学,203,2,2,520,112930
2023,10150,大连交通大学,204,9,9,541,85788
2023,10150,大连交通大学(中外合作办学),207,8,8,516,119594
2023,10150,大连交通大学,208,7,7,538,88843
2023,10151,大连海事大学,203,3,3,590,34759
2023,10151,大连海事大学,204,87,87,590,34177
2023,10151,大连海事大学(中外合作办学),205,14,14,574,49120
2023,10152,大连工业大学,202,6,6,537,90799
2023,10152,省大连工业大学,203,6,6,519,115154
2023,10152,大连工业大学,206,4,4,514,121340
2023,10152,大连工业大学(中外合作办学),207,3,3,529,101450
2023,10152,东大连工业大学,208,2,2,538,89445
2023,10152,大连工业大学,209,4,4,519,115053
2023,10152,大连工业大学,210,4,4,525,106801
2023,10153,广沈阳建筑大学,201,26,26,485,164909
2023,10153,沈阳建筑大学,202,2,2,554,69976
2023,10153,沈阳建筑大学(中外合作办学),203,8,8,508,130649
2023,10158,大连海洋大学,202,18,18,504,136446
2023,10158,大连海洋大学,203,2,2,517,117224
2023,10158,大连海洋大学,204,7,7,504,136497
2023,10159,中国医科大学,201,19,19,590,34691
2023,10160,锦州医科大学,201,12,12,526,104885
2023,10160,锦州医科大学,202,7,7,509,128321
2023,10161,大连医科大学,201,12,12,594,30956
2023,10162,辽宁中医药大学,202,5,5,508,129881
2023,10162,辽宁中医药大学,203,5,5,555,68301
2023,10162,辽宁中医药大学,205,5,5,545,80305
2023,10162,辽宁中医药大学,206,5,5,551,73338
2023,10163,沈阳药科大学,204,2,2,548,77438
2023,10163,沈阳药科大学,205,2,2,535,93425
2023,10163,沈阳药科大学,206,26,26,550,74872
2023,10164,试沈阳医学院,201,4,4,555,68401
2023,10165,辽宁师范大学(中外合作办学),204,3,3,517,117695
2023,10167,考渤海大学,202,2,2,536,91592
2023,10169,鞍山师范学院,202,1,1,495,149480
2023,10172,大连外国语大学,203,1,1,566,57049
2023,10172,育大连外国语大学,204,9,9,527,103495
2023,10172,大连外国语大学,205,2,2,552,72820
2023,10173,东北财经大学,203,1,1,564,58878
2023,10173,教东北财经大学,204,19,19,560,63031
2023,10173,东北财经大学(中外合作办学),206,16,16,565,58090
2023,10173,省东北财经大学(中外合作办学),208,3,3,570,52952
2023,10183,吉林大学,205,6,6,607,21994
2023,10183,吉林大学,206,58,58,621,14242
2023,10183,吉林大学,208,62,62,617,16507
2023,10183,吉林大学,209,2,2,634,8737
2023,10183,吉林大学,214,2,2,609,20898
2023,10183,吉林大学,215,27,27,611,19814
2023,10183,吉林大学,216,4,4,615,17477
2023,10183,吉林大学,217,13,13,617,16115
2023,10183,省吉林大学,218,10,10,630,10115
2023,10183,吉林大学,219,18,18,627,11745
2023,10183,吉林大学,220,7,7,611,19338
2023,10183,东吉林大学,221,24,24,604,24213
2023,10183,吉林大学,222,5,5,613,18557
2023,10183,吉林大学,224,5,5,609,20775
2023,10183,广吉林大学,225,4,4,616,16598
2023,10183,吉林大学,226,11,11,615,17249
2023,10184,延边大学,202,12,12,569,53607
2023,10184,延边大学,203,4,4,579,44140
2023,10186,长春理工大学,203,4,4,523,108919
2023,10186,长春理工大学,204,183,183,531,98026
2023,10186,长春理工大学,205,4,4,527,103368
2023,10186,长春理工大学(中外合作办学),207,30,30,523,109967
2023,10186,长春理工大学(中外合作办学),208,13,13,549,75795
2023,10188,东北电力大学,203,2,2,547,77663
2023,10188,东北电力大学(中外合作办学),204,3,3,583,40786
2023,10190,长春工业大学,201,30,30,502,138551
2023,10190,长春工业大学,202,5,5,508,129630
2023,10190,长春工业大学,203,9,9,505,134336
2023,10190,长春工业大学,204,1,1,509,128430
2023,10191,吉林建筑大学,201,12,12,504,135495
2023,10191,吉林建筑大学,202,14,14,491,154606
2023,10191,试吉林建筑大学(中外合作办学),203,4,4,508,130415
2023,10193,吉林农业大学,201,4,4,505,134804
2023,10193,考吉林农业大学,202,5,5,509,128780
2023,10193,吉林农业大学,203,2,2,503,138174
2023,10199,长春中医药大学,201,1,1,536,92577
2023,10199,育长春中医药大学,202,26,26,539,87566
2023,10200,东北师范大学,204,1,1,601,26223
2023,10200,东北师范大学,205,1,1,611,19618
2023,10200,教东北师范大学,206,12,12,583,40226
2023,10200,东北师范大学,211,2,2,611,19438
2023,10201,省北华大学,203,30,30,503,137411
2023,10201,北华大学,204,4,4,507,131075
2023,10201,北华大学,205,2,2,507,131225
2023,10205,长春师范大学,203,10,10,518,116334
2023,10205,长春师范大学,204,2,2,529,100685
2023,10205,长春师范大学,206,2,2,522,110004
2023,10206,白城师范学院,201,5,5,498,144538
2023,10207,吉林财经大学,202,13,13,522,111244
2023,10207,吉林财经大学(中外合作办学),204,7,7,509,129138
2023,10212,省黑龙江大学,202,116,116,515,119751
2023,10212,黑龙江大学,203,21,21,512,124823
2023,10212,黑龙江大学,204,2,2,522,110299
2023,10212,东黑龙江大学,206,41,41,504,135370
2023,10213,哈尔滨工业大学,201,35,35,657,2665
2023,10213,哈尔滨工业大学(中外合作办学),203,19,19,621,14345
2023,10213,广哈尔滨工业大学(中外合作办学),207,8,8,624,12921
2023,10214,哈尔滨理工大学,203,234,234,527,103852
2023,10214,哈尔滨理工大学,204,12,12,522,110028
2023,10214,哈尔滨理工大学,205,67,67,528,102700
2023,10216,燕山大学,203,35,35,564,58421
2023,10216,燕山大学,204,7,7,556,67515
2023,10217,哈尔滨工程大学,203,43,43,614,18032
2023,10217,哈尔滨工程大学(中外合作办学),205,8,8,601,26084
2023,10219,黑龙江科技大学,204,70,70,504,136443
2023,10220,东北石油大学,204,2,2,524,107640
2023,10220,东北石油大学,205,7,7,528,102492
2023,10222,佳木斯大学,203,5,5,498,145408
2023,10222,佳木斯大学,204,10,10,551,73475
2023,10222,佳木斯大学,205,60,60,491,154895
2023,10224,东北农业大学,202,41,41,548,77508
2023,10224,东北农业大学,203,11,11,547,78560
2023,10224,东北农业大学,204,16,16,562,61477
2023,10224,试东北农业大学(联合培养),205,4,4,555,69336
2023,10224,东北农业大学,206,13,13,566,56958
2023,10224,考东北农业大学,207,3,3,567,56308
2023,10224,东北农业大学,208,3,3,563,59559
2023,10225,东北林业大学,202,19,19,577,46127
2023,10225,育东北林业大学,203,6,6,571,52204
2023,10225,东北林业大学(中外合作办学),204,6,6,565,57780
2023,10226,哈尔滨医科大学,202,6,6,532,97668
2023,10226,教哈尔滨医科大学,203,16,16,591,33731
2023,10226,哈尔滨医科大学,204,8,8,539,87785
2023,10226,省哈尔滨医科大学,205,2,2,546,79867
2023,10228,黑龙江中医药大学,201,19,19,536,91748
2023,10228,黑龙江中医药大学,202,31,31,521,112519
2023,10228,黑龙江中医药大学,204,2,2,506,133422
2023,10229,牡丹江医学院,201,3,3,503,137596
2023,10231,哈尔滨师范大学,204,3,3,537,90729
2023,10231,哈尔滨师范大学,205,15,15,521,111630
2023,10231,哈尔滨师范大学,206,5,5,546,78926
2023,10231,哈尔滨师范大学,207,16,16,512,124537
2023,10232,省齐齐哈尔大学,203,65,65,495,149060
2023,10232,齐齐哈尔大学,204,6,6,498,144490
2023,10232,齐齐哈尔大学,205,31,31,491,154575
2023,10233,东牡丹江师范学院,204,20,20,492,153395
2023,10233,牡丹江师范学院,205,4,4,492,154242
2023,10234,哈尔滨学院,202,11,11,497,145815
2023,10234,广哈尔滨学院,203,1,1,507,132498
2023,10240,哈尔滨商业大学,202,4,4,492,154502
2023,10240,哈尔滨商业大学,203,101,101,495,149368
2023,10240,哈尔滨商业大学,204,19,19,502,139083
2023,10240,哈尔滨商业大学,205,4,4,493,152825
2023,10242,哈尔滨体育学院,202,20,20,492,153773
2023,10246,复旦大学,203,4,4,691,114
2023,10246,复旦大学,205,24,24,680,412
2023,10247,同济大学,203,65,66,654,3164
2023,10247,同济大学,205,18,18,652,3538
2023,10247,同济大学(中外合作办学),207,5,5,650,3883
2023,10248,上海交通大学,202,4,6,692,110
2023,10248,上海交通大学,203,55,55,683,322
2023,10248,上海交通大学,204,89,89,671,922
2023,10251,华东理工大学,202,26,26,617,16029
2023,10251,华东理工大学,203,4,4,618,15901
2023,10251,华东理工大学,204,6,6,616,16776
2023,10251,试华东理工大学(中外合作办学),205,6,6,604,24406
2023,10252,上海理工大学,201,26,26,593,31789
2023,10252,考上海理工大学(中外合作办学),202,12,12,586,38222
2023,10254,上海海事大学,202,90,90,558,65594
2023,10254,上海海事大学,203,7,7,572,50787
2023,10255,育东华大学,204,22,22,610,19929
2023,10255,东华大学,205,5,5,602,25657
2023,10256,上海电力大学,201,8,8,606,22455
2023,10256,教上海电力大学(中外合作办学),202,2,2,607,21741
2023,10259,上海应用技术大学,201,19,19,562,61180
2023,10259,省上海应用技术大学,202,5,5,560,62816
2023,10262,上海健康医学院,201,15,15,523,109204
2023,10262,上海健康医学院,202,15,15,505,135101
2023,10264,上海海洋大学(中外合作办学),204,15,15,557,66539
2023,10269,华东师范大学,203,24,24,639,7101
2023,10269,华东师范大学,205,4,4,645,5154
2023,10269,华东师范大学,206,2,2,649,4140
2023,10270,上海师范大学(中外合作办学),206,3,3,552,72328
2023,10271,上海外国语大学,206,13,13,614,17981
2023,10271,省上海外国语大学(中外合作办学),207,1,1,614,18098
2023,10272,上海财经大学,202,42,42,637,7755
2023,10274,上海海关学院,203,3,3,577,45666
2023,10274,东上海海关学院,204,14,14,575,47387
2023,10276,华东政法大学,202,18,18,618,15710
2023,10277,上海体育大学,203,9,9,552,72157
2023,10280,广上海大学(中外合作办学),202,6,6,611,19414
2023,10284,南京大学,202,37,37,674,748
2023,10284,南京大学,203,57,57,676,633
2023,10284,南京大学(中外合作办学),204,6,6,652,3602
2023,10285,苏州大学,203,20,20,616,16868
2023,10285,苏州大学,204,6,6,609,20874
2023,10285,苏州大学,205,10,10,610,20324
2023,10285,苏州大学,207,2,2,600,26994
2023,10285,苏州大学,212,3,3,613,18541
2023,10286,东南大学,202,75,75,649,4331
2023,10286,东南大学,203,3,3,648,4390
2023,10287,南京航空航天大学,201,71,71,622,13762
2023,10287,南京航空航天大学(中外合作办学),202,2,2,618,15808
2023,10288,南京理工大学,201,64,64,619,15409
2023,10288,南京理工大学,202,12,12,614,17700
2023,10289,江苏科技大学,203,42,42,553,71160
2023,10289,江苏科技大学,204,2,2,554,69993
2023,10289,试江苏科技大学,205,5,5,550,74705
2023,10290,中国矿业大学,202,106,106,600,26523
2023,10290,考中国矿业大学,203,2,2,600,26943
2023,10290,中国矿业大学(中外合作办学),205,3,3,576,46885
2023,10290,中国矿业大学(中外合作办学),206,3,3,582,41360
2023,10291,育南京工业大学,202,11,11,579,44327
2023,10291,南京工业大学,203,6,6,587,37404
2023,10291,南京工业大学,204,6,6,580,43494
2023,10291,教南京工业大学(中外合作办学),205,3,3,577,46208
2023,10292,常州大学,202,7,7,542,83914
2023,10292,省常州大学,203,3,3,541,85234
2023,10292,常州大学,204,6,6,532,97599
2023,10292,常州大学(中外合作办学),205,2,2,536,92227
2023,10292,常州大学,207,6,6,538,89343
2023,10293,南京邮电大学,201,144,144,607,21864
2023,10294,河海大学,205,5,5,606,22980
2023,10294,河海大学,206,10,10,595,30166
2023,10294,河海大学(中外合作办学),207,6,6,585,38415
2023,10294,河海大学(中外合作办学),208,5,5,580,42907
2023,10295,省江南大学,203,14,14,614,17935
2023,10295,江南大学,204,27,27,593,32124
2023,10295,江南大学(中外合作办学),205,6,6,590,34751
2023,10298,东南京林业大学,203,45,45,568,54765
2023,10298,南京林业大学,204,23,23,567,55403
2023,10298,南京林业大学,205,26,26,554,69531
2023,10299,广江苏大学,202,31,31,575,47907
2023,10299,江苏大学,203,9,9,569,53658
2023,10299,江苏大学,204,2,2,571,51427
2023,10300,南京信息工程大学,203,71,71,590,34669
2023,10300,南京信息工程大学(中外合作办学),205,14,14,572,50267
2023,10304,南通大学,202,11,11,558,65249
2023,10304,南通大学,204,21,21,531,97942
2023,10304,南通大学,213,2,2,553,71440
2023,10304,南通大学,214,8,8,543,83064
2023,10307,南京农业大学,202,45,45,588,35892
2023,10307,南京农业大学,203,41,41,588,36384
2023,10312,南京医科大学,202,2,2,583,40231
2023,10312,南京医科大学,203,4,4,642,6044
2023,10312,南京医科大学,204,4,4,588,36530
2023,10315,南京中医药大学,202,11,11,572,50245
2023,10316,中国药科大学,203,8,8,612,19246
2023,10316,中国药科大学,204,15,15,615,17329
2023,10316,试中国药科大学(中外合作办学),205,4,4,606,22665
2023,10319,南京师范大学,202,4,4,596,29477
2023,10319,考南京师范大学,203,3,3,613,18607
2023,10324,盐城师范学院,202,26,26,500,142456
2023,10324,盐城师范学院,203,2,2,501,139913
2023,10327,育南京财经大学,203,28,28,553,70755
2023,10327,南京财经大学(中外合作办学),205,2,2,562,60686
2023,10330,南京体育学院,201,4,4,507,132085
2023,10332,教苏州科技大学,204,10,10,550,74387
2023,10332,苏州科技大学,205,4,4,553,71709
2023,10332,省苏州科技大学(中外合作办学),207,2,2,547,77964
2023,10333,常熟理工学院,201,10,10,523,108681
2023,10335,浙江大学,202,56,56,680,441
2023,10335,浙江大学,204,43,43,650,3980
2023,10336,杭州电子科技大学,202,82,82,588,36079
2023,10337,浙江工业大学,201,70,70,586,37725
2023,10337,浙江工业大学,202,5,5,577,46075
2023,10337,浙江工业大学,203,26,26,561,62212
2023,10337,浙江工业大学(中外合作办学),204,10,10,570,53241
2023,10337,省浙江工业大学,205,3,3,571,52275
2023,10337,浙江工业大学,206,13,13,569,53328
2023,10338,浙江理工大学,202,84,84,559,64186
2023,10338,东浙江理工大学,203,7,7,565,57660
2023,10338,浙江理工大学,204,30,30,547,78840
2023,10338,浙江理工大学,207,10,10,553,71699
2023,10340,广浙江海洋大学,201,8,8,546,79553
2023,10340,浙江海洋大学,202,2,2,541,85816
2023,10340,浙江海洋大学,203,4,4,533,95739
2023,10340,浙江海洋大学(中外合作办学),204,4,4,531,99138
2023,10340,浙江海洋大学,205,2,2,538,89698
2023,10341,浙江农林大学,202,21,21,541,85866
2023,10341,浙江农林大学,203,11,11,544,82262
2023,10341,浙江农林大学(中外合作办学),206,3,3,543,83654
2023,10343,温州医科大学,201,17,17,587,37322
2023,10344,浙江中医药大学,205,8,8,571,52104
2023,10344,浙江中医药大学,206,16,16,541,86190
2023,10345,浙江师范大学,203,35,35,575,48232
2023,10345,浙江师范大学,204,2,2,570,52327
2023,10345,浙江师范大学,205,11,11,556,67770
2023,10345,浙江师范大学(中外合作办学),213,8,8,561,62464
2023,10345,浙江师范大学,221,2,2,564,59306
2023,10345,浙江师范大学,222,2,2,558,65694
2023,10345,试浙江师范大学,223,2,2,594,31353
2023,10345,浙江师范大学(中外合作办学),224,4,4,556,68130
2023,10346,考杭州师范大学,201,6,6,571,52206
2023,10346,杭州师范大学,202,5,5,532,97184
2023,10346,杭州师范大学(中外合作办学),206,5,5,538,89596
2023,10346,育杭州师范大学(中外合作办学),207,5,5,541,85107
2023,10346,杭州师范大学(中外合作办学),208,5,5,536,92296
2023,10347,湖州师范学院,202,4,4,532,97633
2023,10347,教湖州师范学院,204,2,2,511,126593
2023,10351,温州大学,202,3,3,536,91621
2023,10351,省温州大学(中外合作办学),203,2,2,534,94998
2023,10352,丽水学院,201,17,17,505,134786
2023,10352,丽水学院,202,9,9,552,72602
2023,10353,浙江工商大学,204,1,1,543,83506
2023,10353,浙江工商大学,205,11,11,548,77613
2023,10354,嘉兴学院,201,23,23,543,83500
2023,10354,嘉兴学院,202,12,12,536,92169
2023,10355,中国美术学院,202,7,7,598,28341
2023,10356,中国计量大学,202,57,57,566,56988
2023,10356,省中国计量大学,203,2,2,561,61947
2023,10356,中国计量大学,204,5,5,563,59592
2023,10356,中国计量大学,205,2,2,577,45438
2023,10357,东安徽大学,202,48,48,596,29557
2023,10357,安徽大学(中外合作办学),203,4,4,587,36807
2023,10358,中国科学技术大学,201,70,71,675,668
2023,10358,广中国科学技术大学,202,20,22,675,705
2023,10359,合肥工业大学,204,99,99,609,20571
2023,10359,合肥工业大学,205,2,2,605,23528
2023,10359,合肥工业大学(中外合作办学),206,8,8,573,49349
2023,10360,安徽工业大学,202,14,14,543,82901
2023,10360,安徽工业大学,203,2,2,535,93126
2023,10360,安徽工业大学,204,2,2,506,133603
2023,10361,安徽理工大学,202,28,28,529,101686
2023,10361,安徽理工大学(中外合作办学),203,4,4,531,98039
2023,10363,安徽工程大学(中外合作办学),203,2,2,532,96645
2023,10364,安徽农业大学,203,11,11,509,129531
2023,10364,安徽农业大学,204,24,24,527,104018
2023,10364,安徽农业大学,205,3,3,540,86692
2023,10366,安徽医科大学,201,13,13,575,47561
2023,10369,安徽中医药大学,203,2,2,519,115365
2023,10369,安徽中医药大学,204,3,3,560,63680
2023,10369,安徽中医药大学,205,2,2,523,108765
2023,10370,试安徽师范大学,202,19,19,550,75144
2023,10370,安徽师范大学,203,4,4,549,75537
2023,10370,考安徽师范大学,204,2,2,566,56539
2023,10372,安庆师范大学,202,10,10,522,110805
2023,10373,淮北师范大学,205,2,2,519,114950
2023,10373,育淮北师范大学,206,1,1,523,109630
2023,10373,淮北师范大学,207,4,4,524,107510
2023,10378,安徽财经大学,202,16,16,536,91445
2023,10378,教安徽财经大学(中外合作办学),203,2,2,535,93420
2023,10378,安徽财经大学,205,13,13,536,92589
2023,10383,省铜陵学院,201,22,22,496,148202
2023,10384,厦门大学,203,31,31,629,10548
2023,10384,厦门大学,204,54,54,636,7973
2023,10384,厦门大学,206,15,15,635,8436
2023,10384,厦门大学(马来西亚分校),212,25,25,603,24637
2023,10384,厦门大学(马来西亚分校),214,3,3,601,26322
2023,10385,华侨大学,205,125,125,557,66092
2023,10385,华侨大学,206,22,22,550,74662
2023,10385,华侨大学,207,15,15,557,66613
2023,10386,省福州大学,202,22,22,600,26584
2023,10386,福州大学,203,6,6,596,29524
2023,10386,福州大学(闽台合作),205,15,15,593,32233
2023,10388,东福建理工大学,201,29,29,512,124098
2023,10388,福建理工大学,202,4,4,528,102151
2023,10388,福建理工大学,203,7,7,514,121703
2023,10389,广福建农林大学,203,43,43,541,85808
2023,10389,福建农林大学,204,18,18,543,82535
2023,10389,福建农林大学(中外合作办学),207,2,2,532,97772
2023,10389,福建农林大学,208,11,11,536,92024
2023,10389,福建农林大学,209,36,36,537,90936
2023,10389,福建农林大学,210,12,12,539,88391
2023,10390,集美大学,202,10,10,565,58276
2023,10390,集美大学,204,8,8,555,68922
2023,10390,集美大学,207,6,6,563,60301
2023,10392,福建医科大学,202,7,7,585,38864
2023,10392,福建医科大学,203,2,2,561,61715
2023,10392,福建医科大学,204,2,2,533,95419
2023,10393,福建中医药大学,201,6,6,571,51867
2023,10393,福建中医药大学,202,4,4,574,48736
2023,10393,福建中医药大学,203,3,3,548,77608
2023,10393,福建中医药大学(中外合作办学),204,8,8,497,146949
2023,10394,福建师范大学,203,10,10,580,43506
2023,10394,试福建师范大学,204,79,79,553,71149
2023,10394,福建师范大学(中外合作办学),209,21,21,548,77371
2023,10395,考闽江学院,202,5,5,527,103579
2023,10395,闽江学院,203,2,2,519,114281
2023,10397,武夷学院,203,13,13,501,140735
2023,10397,育武夷学院,204,1,1,511,126092
2023,10399,泉州师范学院,203,6,6,517,117126
2023,10399,泉州师范学院,204,3,3,532,96728
2023,10399,教泉州师范学院,205,7,7,492,154011
2023,10399,泉州师范学院,210,2,2,514,122408
2023,10399,省泉州师范学院,211,1,1,535,93175
2023,10402,闽南师范大学,201,4,4,527,103792
2023,10402,闽南师范大学,202,16,16,536,92313
2023,10403,南昌大学,203,7,7,596,29755
2023,10403,南昌大学,204,4,4,594,31289
2023,10403,南昌大学(中外合作办学),209,11,11,593,32250
2023,10403,南昌大学,211,16,16,595,30516
2023,10403,南昌大学,212,5,5,596,29426
2023,10403,南昌大学,214,5,5,571,52174
2023,10404,省华东交通大学,203,5,5,538,89510
2023,10404,华东交通大学,204,90,90,549,75326
2023,10404,华东交通大学,205,13,13,548,77607
2023,10404,东华东交通大学(中外合作办学),206,3,3,534,94690
2023,10404,华东交通大学,207,10,10,543,83069
2023,10404,华东交通大学,209,6,6,543,83497
2023,10405,广东华理工大学,202,58,58,537,90635
2023,10406,南昌航空大学,202,65,65,552,72413
2023,10406,南昌航空大学,203,34,34,536,91634
2023,10406,南昌航空大学(中外合作办学),206,8,8,550,75174
2023,10407,江西理工大学,203,3,3,542,84945
2023,10407,江西理工大学,204,70,70,547,78303
2023,10407,江西理工大学,205,4,4,554,69966
2023,10407,江西理工大学(中外合作办学),208,3,3,543,82898
2023,10408,景德镇陶瓷大学,202,6,6,527,103946
2023,10410,江西农业大学,204,16,16,529,101661
2023,10410,江西农业大学,205,4,4,540,86747
2023,10410,江西农业大学,206,2,2,544,81348
2023,10410,江西农业大学,207,19,19,522,111182
2023,10410,江西农业大学(联合培养),208,2,2,516,119379
2023,10412,江西中医药大学,203,3,3,506,132790
2023,10412,江西中医药大学,204,15,15,565,57592
2023,10412,江西中医药大学,205,1,1,533,95889
2023,10412,试江西中医药大学,209,8,8,543,83689
2023,10413,赣南医学院,201,6,6,508,129899
2023,10413,考赣南医学院,202,5,5,524,107913
2023,10413,赣南医学院,203,21,21,547,77861
2023,10413,赣南医学院,204,3,3,507,132196
2023,10414,育江西师范大学,206,1,1,602,25528
2023,10414,江西师范大学,207,97,97,560,63523
2023,10414,江西师范大学,208,33,33,550,74733
2023,10414,教江西师范大学,209,2,2,577,45698
2023,10414,江西师范大学,210,11,11,563,60082
2023,10414,省江西师范大学,211,5,5,574,48997
2023,10416,上饶师范学院,204,23,23,499,143000
2023,10416,上饶师范学院,205,8,8,497,146025
2023,10417,宜春学院,203,12,12,495,149398
2023,10417,宜春学院,204,14,14,539,88257
2023,10417,宜春学院,206,1,1,536,92160
2023,10418,赣南师范大学,204,12,12,536,92559
2023,10418,赣南师范大学,205,2,2,552,72450
2023,10418,赣南师范大学,206,2,2,552,72072
2023,10418,省赣南师范大学,207,4,4,546,78898
2023,10418,赣南师范大学,215,2,2,550,74750
2023,10418,赣南师范大学,216,4,4,541,85238
2023,10419,东井冈山大学,203,2,2,524,107839
2023,10419,井冈山大学,204,19,19,521,112684
2023,10419,井冈山大学,205,15,15,548,77584
2023,10419,广井冈山大学,206,3,3,512,124394
2023,10419,井冈山大学,209,4,4,519,114710
2023,10421,江西财经大学,203,3,3,548,77028
2023,10421,江西财经大学,204,103,103,550,75025
2023,10421,江西财经大学(中外合作办学),209,2,2,557,66709
2023,10421,江西财经大学,212,28,28,563,60064
2023,10422,山东大学,203,118,118,620,14966
2023,10422,山东大学,205,6,6,619,15286
2023,10422,山东大学,206,6,6,642,6151
2023,10423,中国海洋大学,204,19,19,610,20449
2023,10423,中国海洋大学,205,9,9,610,20174
2023,10423,中国海洋大学(中外合作办学),207,4,4,602,25780
2023,10423,中国海洋大学(中外合作办学),208,4,4,606,22476
2023,10423,中国海洋大学,210,34,34,610,19990
2023,10423,中国海洋大学,211,15,15,618,15546
2023,10423,中国海洋大学(中外合作办学),212,2,2,614,17715
2023,10423,中国海洋大学(中外合作办学),213,6,6,608,21490
2023,10423,试中国海洋大学(中外合作办学),214,2,2,612,19095
2023,10424,山东科技大学,202,8,8,557,66175
2023,10425,考中国石油大学(华东),201,2,2,597,29197
2023,10425,中国石油大学(华东),202,51,51,601,26446
2023,10425,中国石油大学(华东),203,14,14,594,31556
2023,10425,育中国石油大学(华东),204,5,5,600,26704
2023,10426,青岛科技大学,201,5,5,551,73749
2023,10426,青岛科技大学,202,5,5,551,73949
2023,10426,教青岛科技大学,203,5,5,545,80758
2023,10427,济南大学,203,93,93,538,89854
2023,10427,省济南大学,204,8,8,547,78733
2023,10427,济南大学,205,4,4,553,71043
2023,10427,济南大学,206,37,37,539,88656
2023,10429,青岛理工大学,203,23,23,539,88581
2023,10429,青岛理工大学,204,3,3,540,87393
2023,10430,山东建筑大学,203,19,19,528,102802
2023,10430,山东建筑大学(中外合作办学),206,2,2,497,146250
2023,10430,山东建筑大学(中外合作办学),207,2,2,495,149747
2023,10431,齐鲁工业大学,202,53,53,505,135236
2023,10433,省山东理工大学,202,13,13,548,77121
2023,10433,山东理工大学,203,2,2,537,90743
2023,10433,山东理工大学,204,2,2,535,93371
2023,10433,东山东理工大学,205,2,2,531,99107
2023,10434,山东农业大学,202,69,69,527,104506
2023,10434,山东农业大学,203,29,29,526,104932
2023,10434,广山东农业大学,206,12,12,527,103446
2023,10435,青岛农业大学,204,19,19,499,143413
2023,10435,青岛农业大学,205,12,12,512,124148
2023,10435,青岛农业大学,206,7,7,510,128085
2023,10438,潍坊医学院,201,4,4,511,126667
2023,10438,潍坊医学院,202,7,7,553,71335
2023,10438,潍坊医学院,203,5,5,500,141845
2023,10439,山东第一医科大学,203,2,2,589,35161
2023,10440,滨州医学院,202,2,2,505,135330
2023,10440,滨州医学院,204,4,4,549,76009
2023,10441,山东中医药大学,201,12,12,530,99908
2023,10441,山东中医药大学,202,5,5,553,71411
2023,10441,山东中医药大学,203,3,3,524,107837
2023,10443,济宁医学院,201,6,6,548,76819
2023,10445,山东师范大学,204,45,45,538,89940
2023,10445,山东师范大学,205,6,6,549,75816
2023,10445,山东师范大学,206,4,4,563,60365
2023,10445,试山东师范大学,207,7,7,569,53616
2023,10445,山东师范大学(中外合作办学),211,4,4,521,112445
2023,10447,考聊城大学,201,2,2,526,105622
2023,10447,聊城大学,202,3,3,498,145186
2023,10449,滨州学院,202,4,4,506,132659
2023,10451,育鲁东大学,202,12,12,518,116427
2023,10452,临沂大学,202,9,9,530,100336
2023,10452,临沂大学,203,2,2,507,131276
2023,10452,教临沂大学,204,6,6,513,123809
2023,10452,临沂大学(中外合作办学),206,4,4,502,138704
2023,10453,省泰山学院,201,5,5,497,146731
2023,10453,泰山学院,202,5,5,492,153666
2023,10455,菏泽学院,203,2,2,492,154141
2023,10456,山东财经大学,202,20,20,547,78160
2023,10459,郑州大学,202,15,15,596,29951
2023,10459,郑州大学,206,1,1,598,28559
2023,10459,郑州大学,207,2,2,594,30989
2023,10460,河南理工大学,202,23,23,525,106418
2023,10460,河南理工大学,203,3,3,522,110247
2023,10460,省河南理工大学(中外合作办学),204,8,8,536,91569
2023,10462,郑州轻工业大学,202,79,79,531,98086
2023,10462,郑州轻工业大学,203,10,10,517,118180
2023,10462,东郑州轻工业大学(中外合作办学),205,8,8,506,132593
2023,10462,郑州轻工业大学(中外合作办学),206,7,7,530,99864
2023,10463,河南工业大学,203,19,19,528,103214
2023,10463,广河南工业大学,204,18,18,518,115988
2023,10463,河南工业大学,205,2,2,535,93670
2023,10463,河南工业大学(联合培养),208,2,2,540,86453
2023,10463,河南工业大学(中外合作办学),209,2,2,513,123038
2023,10463,河南工业大学(中外合作办学),210,2,2,520,113248
2023,10464,河南科技大学,202,46,46,548,77180
2023,10464,河南科技大学,203,4,4,508,131042
2023,10464,河南科技大学,205,8,8,528,102649
2023,10464,河南科技大学,206,5,5,562,61253
2023,10464,河南科技大学,209,3,3,543,83153
2023,10465,中原工学院,202,3,3,525,106326
2023,10465,中原工学院(中外合作办学),203,4,4,507,131462
2023,10466,河南农业大学,203,6,6,535,93370
2023,10466,河南农业大学,204,4,4,550,75026
2023,10466,河南农业大学,205,2,2,533,95361
2023,10471,河南中医药大学,203,5,5,561,62142
2023,10471,河南中医药大学,204,3,3,531,98502
2023,10471,试河南中医药大学,205,3,3,525,106257
2023,10472,新乡医学院,201,23,23,557,66929
2023,10475,考河南大学,207,2,2,585,38941
2023,10475,河南大学,208,16,16,565,57996
2023,10475,河南大学,209,12,12,558,65212
2023,10475,育河南大学,210,13,13,566,57194
2023,10475,河南大学,211,4,4,505,134869
2023,10475,河南大学(中外合作办学),215,5,5,559,64338
2023,10475,教河南大学(中外合作办学),216,5,5,551,72976
2023,10475,河南大学,218,23,23,515,120489
2023,10475,省河南大学,219,4,4,573,49994
2023,10475,河南大学,220,3,3,557,66852
2023,10475,河南大学,221,50,50,568,54692
2023,10476,河南师范大学,204,10,10,505,134518
2023,10476,河南师范大学,205,2,2,523,108984
2023,10477,信阳师范大学(中外合作办学),206,4,4,494,150572
2023,10478,周口师范学院,202,13,13,496,147922
2023,10481,南阳师范学院,203,45,45,494,150821
2023,10481,南阳师范学院,204,5,5,499,144145
2023,10482,省洛阳师范学院,202,12,12,520,112749
2023,10482,洛阳师范学院,203,6,6,517,117894
2023,10483,商丘师范学院,202,6,6,495,149050
2023,10483,东商丘师范学院,203,3,3,493,151708
2023,10483,商丘师范学院,204,2,2,500,142558
2023,10484,河南财经政法大学,203,5,5,550,74881
2023,10484,广河南财经政法大学(中外合作办学),208,3,3,533,96141
2023,10484,河南财经政法大学(中外合作办学),209,4,4,513,123348
2023,10485,郑州航空工业管理学院,202,15,15,512,124386
2023,10485,郑州航空工业管理学院,203,2,2,519,115028
2023,10486,武汉大学,202,159,159,644,5602
2023,10486,武汉大学,203,63,63,643,5832
2023,10486,武汉大学(中外合作办学),205,4,4,634,8859
2023,10487,华中科技大学,203,146,149,657,2546
2023,10487,华中科技大学,204,13,13,652,3560
2023,10488,武汉科技大学,203,4,4,556,67396
2023,10488,武汉科技大学,204,51,51,554,69596
2023,10488,武汉科技大学,205,9,9,557,66882
2023,10488,武汉科技大学,206,14,14,561,61742
2023,10489,长江大学,203,2,2,544,81428
2023,10489,长江大学,204,33,33,539,88785
2023,10489,长江大学,205,8,8,537,91293
2023,10489,长江大学,206,2,2,541,85980
2023,10489,试长江大学(中外合作办学),209,5,5,517,117365
2023,10490,武汉工程大学,201,14,14,567,55601
2023,10490,考武汉工程大学,202,8,8,556,67767
2023,10490,武汉工程大学(中外合作办学),204,2,2,540,86623
2023,10491,中国地质大学(武汉),203,15,15,598,27963
2023,10491,育中国地质大学(武汉),204,23,23,593,32187
2023,10491,中国地质大学(武汉),208,16,16,608,21388
2023,10491,中国地质大学(武汉),209,67,67,595,30211
2023,10495,教武汉纺织大学,203,25,25,552,72502
2023,10495,武汉纺织大学,204,16,16,530,99497
2023,10496,省武汉轻工大学,203,10,10,556,67759
2023,10496,武汉轻工大学,204,4,4,549,76223
2023,10497,武汉理工大学,203,11,11,627,11350
2023,10497,武汉理工大学,205,189,189,609,20959
2023,10497,武汉理工大学,206,40,40,600,27129
2023,10497,武汉理工大学(中外合作办学),209,6,6,592,32651
2023,10500,湖北工业大学,202,90,90,554,70107
2023,10500,湖北工业大学(中外合作办学),203,55,55,535,93648
2023,10504,华中农业大学,203,17,17,593,31876
2023,10504,省华中农业大学,204,38,39,595,30176
2023,10504,华中农业大学,205,4,4,594,31105
2023,10507,湖北中医药大学,204,5,5,541,85197
2023,10507,东湖北中医药大学,205,13,13,568,54687
2023,10507,湖北中医药大学,206,19,19,530,99340
2023,10511,华中师范大学,203,53,53,600,26504
2023,10511,广华中师范大学,204,4,4,626,11850
2023,10511,华中师范大学,205,8,8,616,16837
2023,10512,湖北大学,204,3,3,567,55499
2023,10512,湖北大学,205,74,74,561,62216
2023,10512,湖北大学,206,18,18,552,72621
2023,10512,湖北大学,207,12,12,556,67298
2023,10512,湖北大学(中外合作办学),211,11,11,555,69061
2023,10513,湖北师范大学,202,2,2,564,58961
2023,10513,湖北师范大学,203,4,4,545,80561
2023,10519,湖北文理学院,205,2,2,500,142234
2023,10520,中南财经政法大学,206,7,7,604,24297
2023,10520,中南财经政法大学,207,1,1,592,32974
2023,10520,中南财经政法大学,208,1,1,600,26834
2023,10520,中南财经政法大学,209,1,1,609,20997
2023,10520,中南财经政法大学,210,111,111,600,26666
2023,10520,中南财经政法大学,214,5,5,625,12474
2023,10520,中南财经政法大学,215,4,4,624,13123
2023,10522,试武汉体育学院,203,2,2,537,90295
2023,10524,中南民族大学,203,15,15,544,81516
2023,10524,考中南民族大学,204,7,7,546,79888
2023,10524,中南民族大学,205,10,10,543,83186
2023,10524,中南民族大学,206,5,5,545,80400
2023,10525,育湖北汽车工业学院,201,2,2,521,112729
2023,10525,湖北汽车工业学院(中外合作办学),203,4,4,513,123693
2023,10528,湖北工程学院,202,7,7,523,109763
2023,10528,教湖北工程学院,203,2,2,503,137153
2023,10530,湘潭大学,203,37,37,586,37535
2023,10531,省吉首大学,203,13,13,540,86385
2023,10531,吉首大学,204,6,6,525,106949
2023,10531,吉首大学,205,7,7,528,102290
2023,10532,湖南大学,205,212,212,627,11529
2023,10532,湖南大学,206,4,4,622,13663
2023,10533,中南大学,202,161,161,623,13199
2023,10533,中南大学,203,108,108,619,15352
2023,10533,中南大学,204,20,20,634,8841
2023,10533,中南大学(中外合作办学),206,18,18,618,15755
2023,10533,省中南大学,207,3,3,668,1205
2023,10534,湖南科技大学,206,3,3,543,83393
2023,10534,湖南科技大学,207,1,1,543,83498
2023,10534,东湖南科技大学,208,183,183,543,82809
2023,10534,湖南科技大学,209,21,21,541,85896
2023,10534,湖南科技大学,210,2,2,559,64741
2023,10534,广湖南科技大学,211,13,13,543,83487
2023,10534,湖南科技大学,212,1,1,564,59429
2023,10536,长沙理工大学,202,6,6,557,66305
2023,10536,长沙理工大学,203,19,19,554,69693
2023,10536,长沙理工大学,206,19,19,596,30101
2023,10536,长沙理工大学,208,60,60,578,45313
2023,10536,长沙理工大学,209,142,142,554,70499
2023,10536,长沙理工大学(中外合作办学),211,5,5,585,38813
2023,10536,长沙理工大学(中外合作办学),212,2,2,554,69886
2023,10537,湖南农业大学,204,3,3,542,84219
2023,10537,湖南农业大学,205,102,102,538,89310
2023,10537,湖南农业大学,206,39,39,542,84744
2023,10537,湖南农业大学,207,3,3,545,80760
2023,10537,湖南农业大学,208,9,9,538,89530
2023,10537,湖南农业大学,209,3,3,543,83448
2023,10537,湖南农业大学(中外合作办学),214,30,30,517,117361
2023,10537,湖南农业大学(中外合作办学),215,20,20,520,113797
2023,10537,试湖南农业大学,217,2,2,552,71836
2023,10537,湖南农业大学,218,16,16,554,70517
2023,10538,考中南林业科技大学,205,2,2,542,84215
2023,10538,中南林业科技大学,206,111,111,533,96100
2023,10538,中南林业科技大学,207,42,42,533,95197
2023,10538,育中南林业科技大学,208,3,3,551,73911
2023,10541,湖南中医药大学,201,1,1,538,89685
2023,10541,湖南中医药大学,202,31,31,573,49402
2023,10541,教湖南中医药大学,203,7,7,556,67924
2023,10541,湖南中医药大学,204,18,18,552,72701
2023,10541,省湖南中医药大学,205,1,1,527,103508
2023,10542,湖南师范大学,202,58,58,592,32852
2023,10542,湖南师范大学,203,15,15,590,34224
2023,10542,湖南师范大学,214,7,7,592,32529
2023,10543,湖南理工学院,202,31,31,538,89935
2023,10545,湘南学院,204,2,2,504,135947
2023,10545,湘南学院,205,6,6,512,124873
2023,10545,湘南学院,211,2,2,536,92051
2023,10545,湘南学院,212,5,5,548,76664
2023,10545,省湘南学院,213,2,2,524,108280
2023,10546,衡阳师范学院,203,2,2,527,103521
2023,10546,衡阳师范学院,204,14,14,510,127059
2023,10546,东衡阳师范学院,205,3,3,536,91773
2023,10546,衡阳师范学院,206,3,3,515,119980
2023,10546,衡阳师范学院,208,3,3,534,94301
2023,10547,广邵阳学院,204,3,3,499,144128
2023,10547,邵阳学院,205,27,27,498,144464
2023,10547,邵阳学院,206,5,5,531,98248
2023,10547,邵阳学院,207,3,3,507,131611
2023,10547,邵阳学院,210,1,1,513,122751
2023,10548,怀化学院,202,4,4,511,125923
2023,10548,怀化学院,203,2,2,502,139042
2023,10549,湖南文理学院,203,5,5,514,121746
2023,10549,湖南文理学院,204,4,4,505,133967
2023,10551,湖南科技学院,203,15,15,519,114542
2023,10553,湖南人文科技学院,203,5,5,499,143566
2023,10553,湖南人文科技学院(中外合作办学),205,2,2,484,165641
2023,10553,湖南人文科技学院,206,10,10,503,137590
2023,10554,湖南工商大学,203,1,1,540,87462
2023,10554,湖南工商大学,204,8,8,545,80168
2023,10555,南华大学,202,391,391,525,106714
2023,10555,南华大学,203,61,61,548,77468
2023,10555,试南华大学,204,11,11,539,88739
2023,10555,南华大学,207,10,10,535,92873
2023,10555,考南华大学,208,4,4,537,91088
2023,10558,中山大学,203,229,231,639,6855
2023,10558,中山大学,204,288,288,644,5523
2023,10558,育中山大学,205,364,364,646,4935
2023,10558,中山大学,214,429,429,649,4152
2023,10558,中山大学,215,260,260,638,7387
2023,10558,教中山大学,216,217,217,635,8363
2023,10558,中山大学,217,451,451,645,5193
2023,10558,省中山大学,220,144,144,635,8386
2023,10559,暨南大学,203,751,751,586,37583
2023,10559,暨南大学,204,509,509,609,20754
2023,10559,暨南大学,206,137,137,603,24484
2023,10559,暨南大学,213,118,118,605,23486
2023,10559,暨南大学,225,47,47,620,14598
2023,10559,暨南大学,226,94,94,624,12810
2023,10559,暨南大学,227,14,14,629,10862
2023,10559,暨南大学,228,13,13,623,13370
2023,10559,省暨南大学(中外合作办学),229,111,111,603,24884
2023,10560,汕头大学,202,1795,1795,554,69995
2023,10560,汕头大学,203,77,77,555,69127
2023,10560,东汕头大学,204,178,178,554,69414
2023,10560,汕头大学(地方专项),207,29,29,558,65296
2023,10560,汕头大学(地方专项),208,4,4,548,76921
2023,10561,广华南理工大学,202,2106,2111,626,12213
2023,10561,华南理工大学,203,197,197,621,14155
2023,10561,华南理工大学,204,513,513,620,14662
2023,10564,华南农业大学,210,147,147,586,38145
2023,10564,华南农业大学,212,90,90,582,41579
2023,10564,华南农业大学,213,31,31,580,43330
2023,10564,华南农业大学,214,1531,1531,563,59460
2023,10564,华南农业大学,218,494,494,593,32294
2023,10564,华南农业大学,219,403,403,589,35131
2023,10564,华南农业大学,221,145,145,579,44276
2023,10564,华南农业大学,230,68,68,589,35374
2023,10564,华南农业大学,231,81,81,583,40670
2023,10564,华南农业大学,232,60,60,576,46473
2023,10564,华南农业大学(国际班),251,150,150,550,74516
2023,10564,华南农业大学(中外合作办学),252,44,44,558,65952
2023,10564,华南农业大学(中外合作办学),253,92,92,551,73711
2023,10564,华南农业大学(地方专项),271,319,319,540,86683
2023,10564,试华南农业大学(地方专项),272,131,131,541,86008
2023,10566,广东海洋大学,201,513,513,544,81565
2023,10566,考广东海洋大学,202,162,162,526,105554
2023,10566,广东海洋大学,203,325,325,515,121000
2023,10566,广东海洋大学,204,1585,1585,531,98357
2023,10566,育广东海洋大学,205,399,399,505,134507
2023,10566,广东海洋大学,206,115,115,508,129649
2023,10566,广东海洋大学,207,104,104,506,133441
2023,10566,教广东海洋大学,208,551,551,498,145435
2023,10566,广东海洋大学,209,344,344,515,120125
2023,10566,省广东海洋大学,210,860,860,501,140166
2023,10566,广东海洋大学,211,29,29,521,112197
2023,10566,广东海洋大学,212,10,10,527,103950
2023,10566,广东海洋大学(地方专项),214,30,30,542,83864
2023,10566,广东海洋大学(地方专项),215,10,10,517,117356
2023,10566,广东海洋大学,217,278,278,510,127182
2023,10566,广东海洋大学,218,352,352,539,88203
2023,10566,广东海洋大学,219,348,348,528,102518
2023,10566,广东海洋大学,220,326,326,507,132492
2023,10566,省广东海洋大学(中外合作办学),233,6,6,525,106315
2023,10570,广州医科大学,201,1253,1253,570,52908
2023,10570,广州医科大学,202,176,176,563,59885
2023,10570,东广州医科大学,203,131,131,554,70299
2023,10570,广州医科大学(地方专项),204,25,25,577,45772
2023,10570,广州医科大学(地方专项),205,10,10,560,62685
2023,10570,广广州医科大学(地方专项),206,10,10,542,83805
2023,10571,广东医科大学,201,1065,1065,561,62406
2023,10571,广东医科大学,202,813,813,531,98488
2023,10571,广东医科大学,203,572,572,520,113343
2023,10571,广东医科大学,204,1128,1128,515,120750
2023,10571,广东医科大学(地方专项),208,72,72,564,58646
2023,10571,广东医科大学(地方专项),209,28,28,538,89187
2023,10571,广东医科大学,211,30,30,535,92756
2023,10571,广东医科大学,212,30,30,541,86073
2023,10571,广东医科大学(协同培养),214,35,35,504,135456
2023,10571,广东医科大学(协同培养),215,35,35,508,130661
2023,10572,广州中医药大学,201,119,119,611,19845
2023,10572,广州中医药大学,202,652,652,578,44607
2023,10572,广州中医药大学,203,588,588,554,70308
2023,10572,广州中医药大学,204,306,306,551,73829
2023,10572,广州中医药大学(地方专项),206,20,20,569,53536
2023,10572,广州中医药大学(地方专项),207,20,20,549,75915
2023,10572,试广州中医药大学(地方专项),208,5,5,539,87647
2023,10573,广东药科大学,201,254,254,567,56344
2023,10573,考广东药科大学,202,2400,2400,511,125899
2023,10573,广东药科大学,203,452,452,514,122118
2023,10573,广东药科大学,204,1429,1429,509,129006
2023,10574,育华南师范大学,211,509,509,602,25502
2023,10574,华南师范大学,212,30,30,612,18864
2023,10574,华南师范大学,213,57,57,614,17696
2023,10574,教华南师范大学,214,161,161,609,20668
2023,10574,华南师范大学,215,35,35,613,18516
2023,10574,省华南师范大学(地方专项),216,52,52,582,41100
2023,10574,华南师范大学(地方专项),217,15,15,602,25565
2023,10574,华南师范大学(中外合作办学),218,300,300,578,44927
2023,10574,华南师范大学(联合培养),220,190,190,583,40324
2023,10574,华南师范大学,221,1578,1578,588,36157
2023,10574,华南师范大学,223,91,91,594,31513
2023,10574,华南师范大学,224,85,85,599,27257
2023,10574,华南师范大学,225,62,62,601,26296
2023,10574,华南师范大学(地方专项),226,5,5,607,22000
2023,10576,省韶关学院,214,110,110,500,141408
2023,10576,韶关学院,215,70,70,508,131001
2023,10576,韶关学院,217,187,187,496,147270
2023,10576,东韶关学院,218,230,230,494,150992
2023,10576,韶关学院,219,141,141,544,82229
2023,10576,韶关学院(协同培养),220,20,20,495,149861
2023,10576,广韶关学院,221,110,110,513,122941
2023,10576,韶关学院,222,30,30,519,114468
2023,10576,韶关学院,223,166,166,510,126968
2023,10576,韶关学院,224,135,135,499,143437
2023,10576,韶关学院,225,57,57,495,149493
2023,10576,韶关学院,226,55,55,492,154409
2023,10576,韶关学院,227,40,40,498,144269
2023,10576,韶关学院(学分互认),229,25,25,496,148580
2023,10576,韶关学院(学分互认),230,25,25,492,153171
2023,10576,韶关学院,233,110,110,516,119669
2023,10576,韶关学院,234,233,233,494,150845
2023,10576,韶关学院,250,50,50,513,123753
2023,10576,韶关学院,251,60,60,509,128240
2023,10576,韶关学院,252,150,150,502,139308
2023,10576,韶关学院,253,200,200,496,148067
2023,10576,韶关学院,254,90,90,522,111053
2023,10576,韶关学院,255,88,88,504,135448
2023,10576,试韶关学院,256,392,392,504,136061
2023,10576,韶关学院,257,448,448,511,125580
2023,10576,考韶关学院,259,45,45,507,131975
2023,10577,惠州学院,220,10,10,540,86704
2023,10577,惠州学院,221,107,107,517,117793
2023,10577,育惠州学院,222,212,212,511,126455
2023,10577,惠州学院,223,141,141,508,130810
2023,10577,惠州学院,224,21,21,513,123020
2023,10577,教惠州学院,225,25,25,534,94852
2023,10577,惠州学院,226,55,55,544,81983
2023,10577,省惠州学院,227,40,40,538,89748
2023,10577,惠州学院,228,173,173,534,95119
2023,10577,惠州学院,229,85,85,533,96369
2023,10577,惠州学院,231,240,240,501,140895
2023,10577,惠州学院,232,37,37,525,106376
2023,10577,惠州学院,234,163,163,496,147903
2023,10577,惠州学院,235,481,481,523,109616
2023,10577,惠州学院,236,137,137,519,115182
2023,10577,惠州学院,237,494,494,521,111589
2023,10577,省惠州学院,238,122,122,501,140362
2023,10577,惠州学院,239,48,48,523,109168
2023,10577,惠州学院,240,193,193,499,142917
2023,10577,东惠州学院,241,52,52,500,142564
2023,10577,惠州学院(中外合作办学),242,67,67,471,186547
2023,10578,韩山师范学院,201,40,40,522,110991
2023,10578,广韩山师范学院,202,40,40,519,114962
2023,10578,韩山师范学院,203,200,200,503,138089
2023,10578,韩山师范学院,204,131,131,502,138395
2023,10578,韩山师范学院,205,2141,2141,494,151155
2023,10578,韩山师范学院(协同培养),207,20,20,495,149228
2023,10578,韩山师范学院(协同培养),210,25,25,501,140543
2023,10578,韩山师范学院(协同培养),214,50,50,501,140648
2023,10578,韩山师范学院(中外合作办学),216,40,40,484,165042
2023,10579,岭南师范学院,208,277,277,516,119485
2023,10579,岭南师范学院,210,123,123,522,110978
2023,10579,岭南师范学院,211,1045,1045,509,129532
2023,10579,岭南师范学院,212,238,238,499,143992
2023,10579,岭南师范学院,213,486,486,498,145155
2023,10579,岭南师范学院,214,866,866,499,142794
2023,10579,岭南师范学院,215,15,15,506,133095
2023,10579,岭南师范学院,216,20,20,505,134882
2023,10579,岭南师范学院,217,20,20,502,138325
2023,10579,试岭南师范学院,218,20,20,515,120927
2023,10579,岭南师范学院,219,20,20,509,128698
2023,10579,考岭南师范学院,220,20,20,521,111921
2023,10579,岭南师范学院,221,50,50,517,118014
2023,10579,岭南师范学院(中外合作办学),222,50,50,481,170927
2023,10579,育岭南师范学院(协同培养),223,40,40,502,138700
2023,10579,岭南师范学院(协同培养),224,40,40,504,136375
2023,10580,肇庆学院,207,888,888,497,145798
2023,10580,教肇庆学院,208,435,435,509,129448
2023,10580,肇庆学院,209,338,338,497,146720
2023,10580,省肇庆学院,210,272,272,498,145500
2023,10580,肇庆学院,211,37,37,508,130633
2023,10580,肇庆学院,212,50,50,514,121632
2023,10580,肇庆学院,214,82,82,523,108889
2023,10580,肇庆学院,215,20,20,529,101831
2023,10582,嘉应学院,202,385,385,496,148399
2023,10582,嘉应学院,203,86,86,508,129826
2023,10582,嘉应学院,204,516,516,494,150672
2023,10582,嘉应学院,205,1633,1633,494,150674
2023,10582,省嘉应学院,206,525,525,494,151394
2023,10582,嘉应学院,207,44,44,517,118011
2023,10582,嘉应学院,208,2,2,524,108127
2023,10582,东嘉应学院,209,50,50,503,137699
2023,10582,嘉应学院,210,65,65,510,127673
2023,10582,嘉应学院(协同培养),211,50,50,495,149284
2023,10582,广嘉应学院,212,30,30,543,82678
2023,10585,广州体育学院,202,20,20,508,130936
2023,10585,广州体育学院,203,20,20,512,124220
2023,10586,广州美术学院,203,125,125,539,88604
2023,10586,广州美术学院,204,11,11,534,94857
2023,10587,星海音乐学院,203,6,6,550,75130
2023,10588,广东技术师范大学,201,137,137,556,67489
2023,10588,广东技术师范大学,203,3635,3635,522,111071
2023,10588,广东技术师范大学,204,120,120,542,84821
2023,10588,广东技术师范大学,206,69,69,519,115419
2023,10588,广东技术师范大学(少数民族班),207,150,150,424,257415
2023,10588,广东技术师范大学(少数民族班),208,5,5,423,258543
2023,10588,广东技术师范大学(协同培养),209,40,40,512,124175
2023,10588,广东技术师范大学(学分互认),210,202,202,502,138516
2023,10589,海南大学,205,30,30,591,33498
2023,10589,海南大学,206,16,16,584,39880
2023,10589,海南大学,208,5,5,588,35756
2023,10589,试海南大学(中外合作办学),213,12,12,562,60678
2023,10589,海南大学(中外合作办学),214,1,1,578,45067
2023,10589,考海南大学,215,3,3,603,24776
2023,10590,深圳大学,221,150,150,601,26449
2023,10590,深圳大学,222,30,30,606,23035
2023,10590,育深圳大学,223,404,404,614,18137
2023,10590,深圳大学,224,588,588,608,21138
2023,10590,深圳大学,225,113,113,609,20565
2023,10590,教深圳大学,226,21,21,616,16737
2023,10590,深圳大学,227,7,7,614,18067
2023,10590,省深圳大学,228,7,7,615,17414
2023,10590,深圳大学,229,201,201,599,27316
2023,10590,深圳大学,230,55,55,597,28787
2023,10590,深圳大学,232,186,186,623,13330
2023,10590,深圳大学,233,99,99,595,30791
2023,10590,深圳大学,235,44,44,602,25769
2023,10590,深圳大学,236,138,138,595,30508
2023,10590,深圳大学,237,72,72,598,28622
2023,10590,深圳大学,238,23,23,592,33087
2023,10590,省深圳大学,239,25,25,601,26255
2023,10590,深圳大学,240,48,48,605,23211
2023,10590,深圳大学,241,88,88,600,27036
2023,10590,东深圳大学,242,109,109,602,25519
2023,10590,深圳大学,243,89,89,608,21639
2023,10590,深圳大学,244,294,294,597,29220
2023,10590,广深圳大学(中外合作办学),245,180,180,584,39565
2023,10590,深圳大学(地方专项),251,90,90,602,25136
2023,10590,深圳大学(地方专项),252,15,15,584,39946
2023,10590,深圳大学(地方专项),253,30,30,574,48663
2023,10590,深圳大学(地方专项),254,15,15,586,37857
2023,10590,深圳大学(地方专项),255,45,45,580,43120
2023,10592,广东财经大学,202,3105,3105,545,81148
2023,10592,广东财经大学,206,63,63,546,78966
2023,10592,广东财经大学(地方专项),210,20,20,554,69560
2023,10593,广西大学,201,83,83,581,42310
2023,10594,广西科技大学,201,3,3,520,113731
2023,10594,广西科技大学,202,33,33,522,110089
2023,10594,广西科技大学,203,8,8,506,133495
2023,10594,广西科技大学,204,9,9,481,170954
2023,10595,桂林电子科技大学(本科预科班),202,2,2,538,89475
2023,10595,桂林电子科技大学,203,81,81,563,59533
2023,10595,桂林电子科技大学,204,8,8,552,72771
2023,10595,试桂林电子科技大学,205,32,32,563,60399
2023,10596,桂林理工大学,203,52,52,524,108291
2023,10596,考桂林理工大学,204,4,4,535,93069
2023,10596,桂林理工大学,205,4,4,479,173945
2023,10596,桂林理工大学(中外合作办学),207,8,8,521,111795
2023,10598,育广西医科大学,201,7,7,495,149914
2023,10598,广西医科大学,202,16,16,566,56411
2023,10598,广西医科大学(联合培养),203,5,5,544,82486
2023,10599,教右江民族医学院,204,1,1,502,138788
2023,10599,右江民族医学院,205,2,2,494,150324
2023,10599,省右江民族医学院,206,5,5,522,111289
2023,10599,右江民族医学院,207,9,9,513,123172
2023,10599,右江民族医学院,208,11,11,551,73012
2023,10600,广西中医药大学,204,6,6,574,48707
2023,10600,广西中医药大学,205,6,6,568,54278
2023,10600,广西中医药大学,207,1,1,573,50220
2023,10600,广西中医药大学,208,4,4,521,111846
2023,10600,广西中医药大学,209,3,3,547,77941
2023,10601,桂林医学院,201,15,15,553,71503
2023,10601,省桂林医学院,202,2,2,518,115591
2023,10602,广西师范大学,203,3,3,576,47104
2023,10602,广西师范大学,204,18,18,542,83951
2023,10602,东广西师范大学,205,4,4,571,51531
2023,10602,广西师范大学,206,2,2,574,48475
2023,10602,广西师范大学,207,4,4,567,55902
2023,10602,广广西师范大学,217,1,1,530,99854
2023,10603,南宁师范大学,202,19,19,527,104392
2023,10603,南宁师范大学,203,4,4,552,72027
2023,10603,南宁师范大学,204,2,2,516,119343
2023,10603,南宁师范大学,205,4,4,552,72052
2023,10603,南宁师范大学(内地台湾合作办学),208,3,3,522,110913
2023,10605,河池学院,201,5,5,504,135832
2023,10606,玉林师范学院,203,23,23,497,145791
2023,10606,玉林师范学院,204,25,25,494,151160
2023,10606,玉林师范学院,206,5,5,499,143409
2023,10607,广西艺术学院,202,7,7,495,149032
2023,10608,广西民族大学,204,3,3,529,101650
2023,10608,广西民族大学,205,23,23,500,141701
2023,10608,广西民族大学,206,1,1,536,92588
2023,10608,广西民族大学,207,12,12,512,124422
2023,10608,广西民族大学(联合培养),208,3,3,505,134411
2023,10608,广西民族大学,212,3,3,509,128565
2023,10608,试广西民族大学,213,5,5,521,112531
2023,10608,广西民族大学(联合培养),218,5,5,529,101672
2023,10610,考四川大学,203,78,78,624,12705
2023,10610,四川大学,204,4,4,631,9904
2023,10610,四川大学,205,19,19,623,13313
2023,10610,育四川大学(中外合作办学),208,16,16,620,14637
2023,10610,四川大学(中外合作办学),211,4,4,621,14237
2023,10610,四川大学,213,6,6,650,4071
2023,10610,教四川大学,214,2,2,668,1165
2023,10611,重庆大学,202,84,84,623,13567
2023,10611,省重庆大学,203,10,10,620,15003
2023,10611,重庆大学(中外合作办学),209,8,8,620,14553
2023,10613,西南交通大学,203,76,76,610,20101
2023,10613,西南交通大学,205,17,17,609,20949
2023,10613,西南交通大学(中外合作办学),207,6,6,580,42900
2023,10613,西南交通大学(中外合作办学),209,16,16,591,33640
2023,10614,电子科技大学,201,126,126,645,5130
2023,10615,西南石油大学,206,47,47,571,51451
2023,10615,西南石油大学,207,6,6,570,52300
2023,10615,省西南石油大学,209,4,4,578,44624
2023,10615,西南石油大学,210,10,10,573,49713
2023,10615,西南石油大学,211,16,16,566,57013
2023,10615,东西南石油大学,212,9,9,560,63743
2023,10616,成都理工大学,203,22,22,565,57838
2023,10616,成都理工大学,204,3,3,568,55041
2023,10616,广成都理工大学,205,4,4,577,46026
2023,10616,成都理工大学,206,8,8,573,49650
2023,10616,成都理工大学(中外合作办学),208,4,4,576,46360
2023,10616,成都理工大学(中外合作办学),209,6,6,553,70853
2023,10616,成都理工大学,210,27,27,564,59253
2023,10616,成都理工大学,211,15,15,574,48360
2023,10616,成都理工大学,212,12,12,590,34097
2023,10616,成都理工大学,215,8,8,567,56222
2023,10617,重庆邮电大学,201,2,2,571,51430
2023,10617,重庆邮电大学(中外合作办学),206,20,20,576,46564
2023,10618,重庆交通大学,203,3,3,547,77932
2023,10618,重庆交通大学,204,101,101,548,77424
2023,10618,重庆交通大学,205,9,9,552,72056
2023,10619,西南科技大学,205,40,40,546,79201
2023,10619,西南科技大学,206,12,12,533,96119
2023,10619,西南科技大学,207,9,9,537,90584
2023,10619,西南科技大学(中外合作办学),209,3,3,519,115317
2023,10621,试成都信息工程大学,202,29,29,570,53180
2023,10622,四川轻化工大学,202,16,16,536,92043
2023,10622,考四川轻化工大学,203,4,4,531,99176
2023,10622,四川轻化工大学,204,3,3,530,99763
2023,10623,西华大学(本科预科班),203,2,2,464,197374
2023,10623,育西华大学,204,32,32,548,77446
2023,10624,中国民用航空飞行学院,204,6,6,529,101374
2023,10624,中国民用航空飞行学院,205,99,99,527,103528
2023,10624,教中国民用航空飞行学院,206,7,7,526,104733
2023,10624,中国民用航空飞行学院,207,1,1,524,108432
2023,10624,省中国民用航空飞行学院,208,37,37,522,110774
2023,10624,中国民用航空飞行学院,209,23,23,540,86627
2023,10626,四川农业大学,201,63,63,555,69190
2023,10626,四川农业大学,203,4,4,571,51687
2023,10626,四川农业大学,204,4,4,572,50439
2023,10631,重庆医科大学,202,2,2,567,56232
2023,10631,重庆医科大学,203,11,11,599,27794
2023,10631,重庆医科大学(中外合作办学),204,4,4,596,29647
2023,10632,西南医科大学,201,15,15,554,70054
2023,10632,省西南医科大学,202,8,8,537,91041
2023,10632,西南医科大学,203,2,2,558,65710
2023,10633,成都中医药大学,202,2,2,544,81922
2023,10633,东成都中医药大学,203,12,12,581,42255
2023,10633,成都中医药大学(联合培养),204,4,4,551,73055
2023,10633,成都中医药大学(中外合作办学),206,2,2,546,80081
2023,10633,广成都中医药大学(中外合作办学),207,5,5,530,99892
2023,10633,成都中医药大学(联合培养),209,2,2,541,85434
2023,10633,成都中医药大学,211,4,4,559,64656
2023,10634,川北医学院,203,13,13,557,66020
2023,10634,川北医学院,204,5,5,558,65784
2023,10635,西南大学,204,18,18,606,22785
2023,10635,西南大学,205,4,4,598,28618
2023,10635,西南大学(中外合作办学),215,23,23,600,26900
2023,10635,西南大学(中外合作办学),216,5,5,578,45396
2023,10635,西南大学,218,1,1,607,21930
2023,10635,西南大学,219,2,2,604,23791
2023,10635,西南大学(中外合作办学),220,3,3,604,24148
2023,10635,西南大学(中外合作办学),221,8,8,586,38002
2023,10636,四川师范大学,205,49,49,512,124138
2023,10636,四川师范大学,206,14,14,545,80985
2023,10636,四川师范大学,207,2,2,566,56682
2023,10636,四川师范大学,208,4,4,562,60896
2023,10637,试重庆师范大学,203,17,17,546,79997
2023,10637,重庆师范大学,204,3,3,552,72069
2023,10637,考重庆师范大学,205,4,4,545,80989
2023,10637,重庆师范大学,206,1,1,592,33122
2023,10638,西华师范大学,202,12,12,515,120190
2023,10638,育西华师范大学,203,3,3,540,86956
2023,10640,内江师范学院,204,8,8,504,135615
2023,10640,内江师范学院,205,5,5,500,141392
2023,10640,教内江师范学院,206,1,1,519,115249
2023,10640,内江师范学院,207,2,2,506,133693
2023,10643,省重庆三峡学院,203,1,1,528,102804
2023,10643,重庆三峡学院,204,8,8,511,126113
2023,10644,四川文理学院,202,6,6,494,151452
2023,10647,长江师范学院(中外合作办学),203,8,8,490,156803
2023,10649,乐山师范学院,202,6,6,502,139612
2023,10650,四川外国语大学,203,10,10,544,82438
2023,10650,四川外国语大学,204,5,5,551,73655
2023,10650,四川外国语大学(中外合作办学),207,3,3,537,90925
2023,10650,四川外国语大学(中外合作办学),208,2,2,542,83933
2023,10651,省西南财经大学,202,40,40,610,19970
2023,10651,西南财经大学(中外合作办学),205,21,21,596,29738
2023,10652,西南政法大学,203,4,4,599,27385
2023,10652,东西南政法大学,204,88,88,602,25653
2023,10652,西南政法大学(中外合作办学),206,4,4,624,13041
2023,10654,四川音乐学院,202,5,5,536,92381
2023,10654,广四川音乐学院,204,2,2,550,74502
2023,10654,四川音乐学院(联合培养),205,1,1,534,94999
2023,10655,四川美术学院,202,4,4,540,87428
2023,10656,西南民族大学,202,35,35,536,92092
2023,10656,西南民族大学,205,18,18,533,95954
2023,10656,西南民族大学,206,10,10,546,79172
2023,10657,贵州大学,202,12,12,587,37366
2023,10657,贵州大学,204,4,4,578,44824
2023,10657,贵州大学(中外合作办学),205,3,3,574,48842
2023,10657,贵州大学(中外合作办学),208,3,3,570,52622
2023,10660,贵州医科大学,201,7,7,570,52997
2023,10660,贵州医科大学(中外合作办学),203,2,2,524,107978
2023,10661,遵义医科大学,203,66,66,513,122743
2023,10661,遵义医科大学,204,85,85,550,75031
2023,10661,遵义医科大学,205,6,6,529,101342
2023,10661,遵义医科大学,207,2,2,507,131855
2023,10661,遵义医科大学,208,2,2,511,125368
2023,10661,试遵义医科大学,209,27,27,526,105703
2023,10661,遵义医科大学,210,4,4,529,101168
2023,10661,考遵义医科大学,211,20,20,516,119083
2023,10661,遵义医科大学,212,108,108,566,57029
2023,10662,贵州中医药大学,203,3,3,568,54472
2023,10662,育贵州中医药大学,204,10,10,542,84709
2023,10662,贵州中医药大学(中外合作办学),205,5,5,502,139239
2023,10663,贵州师范大学,206,4,4,537,90497
2023,10663,教贵州师范大学,207,4,4,557,66914
2023,10663,贵州师范大学(中外合作办学),208,5,5,531,98314
2023,10667,省安顺学院,204,3,3,495,148691
2023,10667,安顺学院,205,1,1,500,141314
2023,10668,贵州工程应用技术学院,202,2,2,495,149950
2023,10669,凯里学院(中外合作办学),205,13,13,491,155297
2023,10671,贵州财经大学,202,5,5,536,92161
2023,10673,云南大学,204,5,5,594,31078
2023,10673,云南大学,205,8,8,588,36169
2023,10673,云南大学,206,1,1,605,23273
2023,10673,云南大学,207,1,1,598,28100
2023,10673,省云南大学(中外合作办学),209,5,5,560,63475
2023,10674,昆明理工大学,202,42,42,557,66449
2023,10674,昆明理工大学,203,6,6,553,70778
2023,10674,东昆明理工大学,204,4,4,558,65901
2023,10676,云南农业大学,201,8,8,531,98336
2023,10676,云南农业大学,202,5,5,538,89889
2023,10676,广云南农业大学(中外合作办学),203,2,2,508,130472
2023,10677,西南林业大学,201,5,5,532,96578
2023,10677,西南林业大学,202,8,8,521,111808
2023,10677,西南林业大学,203,3,3,520,113335
2023,10677,西南林业大学,204,1,1,540,86711
2023,10677,西南林业大学,205,1,1,529,100669
2023,10677,西南林业大学,206,1,1,490,156181
2023,10678,昆明医科大学,202,7,7,560,63552
2023,10678,昆明医科大学,203,3,3,536,92322
2023,10678,昆明医科大学(中外合作办学),205,7,7,504,136701
2023,10679,大理大学,202,4,4,525,106892
2023,10679,大理大学,203,6,6,544,82002
2023,10679,大理大学,204,2,2,523,109701
2023,10679,大理大学,205,4,4,516,119203
2023,10680,云南中医药大学,203,2,2,541,85407
2023,10680,云南中医药大学,204,1,1,529,100714
2023,10681,云南师范大学,202,6,6,545,81033
2023,10681,试云南师范大学,203,3,3,566,56835
2023,10681,云南师范大学,204,4,4,556,67384
2023,10685,考普洱学院,201,5,5,496,147275
2023,10687,红河学院,202,14,14,493,152291
2023,10687,红河学院,203,2,2,494,150571
2023,10689,育云南财经大学,203,38,38,517,117248
2023,10689,云南财经大学,204,4,4,540,87228
2023,10689,云南财经大学,205,2,2,524,108536
2023,10689,教云南财经大学(中外合作办学),207,19,19,525,106677
2023,10689,云南财经大学(中外合作办学),208,6,6,497,146194
2023,10694,省西藏大学,203,17,17,538,89428
2023,10694,西藏大学,204,2,2,546,78897
2023,10694,西藏大学,205,2,2,555,68802
2023,10697,西北大学,202,21,21,609,20911
2023,10697,西北大学(中外合作办学),203,3,3,585,39094
2023,10698,西安交通大学(学分互认),203,23,24,651,3854
2023,10698,西安交通大学(中外合作办学),204,24,24,617,16018
2023,10699,西北工业大学,202,85,85,640,6628
2023,10699,西北工业大学,203,5,5,636,8040
2023,10700,省西安理工大学,201,36,36,566,57157
2023,10700,西安理工大学(中外合作办学),202,8,8,556,67536
2023,10701,西安电子科技大学,201,101,101,633,9055
2023,10701,东西安电子科技大学(中外合作办学),202,30,30,613,18375
2023,10702,西安工业大学,202,10,10,550,74773
2023,10702,西安工业大学(中外合作办学),203,3,3,545,80784
2023,10703,广西安建筑科技大学,201,34,34,555,69310
2023,10703,西安建筑科技大学,202,14,14,548,76633
2023,10703,西安建筑科技大学(中外合作办学),203,4,4,550,74343
2023,10703,西安建筑科技大学(中外合作办学),204,2,2,545,80304
2023,10704,西安科技大学,203,38,38,549,75692
2023,10704,西安科技大学,204,2,2,549,76181
2023,10704,西安科技大学,205,4,4,554,70320
2023,10704,西安科技大学(中外合作办学),208,2,2,536,92448
2023,10705,西安石油大学,203,2,2,525,107271
2023,10705,西安石油大学,205,4,4,563,60278
2023,10705,西安石油大学,206,3,3,543,83175
2023,10705,西安石油大学,207,2,2,541,85709
2023,10708,陕西科技大学,202,19,19,556,67816
2023,10708,陕西科技大学,203,3,3,553,71571
2023,10708,陕西科技大学(中外合作办学),205,8,8,544,82100
2023,10709,西安工程大学,201,8,8,554,70333
2023,10709,西安工程大学,202,5,5,528,102307
2023,10709,试西安工程大学,203,4,4,523,109171
2023,10710,长安大学,202,170,170,589,35328
2023,10710,考长安大学,203,18,18,595,30275
2023,10710,长安大学(中外合作办学),204,12,12,576,46451
2023,10710,长安大学(中外合作办学),205,3,3,579,44047
2023,10710,育长安大学(中外合作办学),206,12,12,582,40947
2023,10712,西北农林科技大学,203,23,23,602,25683
2023,10712,西北农林科技大学,204,14,14,594,31134
2023,10712,教西北农林科技大学,205,2,2,606,23059
2023,10712,西北农林科技大学,206,4,4,601,26405
2023,10712,省西北农林科技大学(中外合作办学),208,5,5,582,41708
2023,10712,西北农林科技大学,209,9,9,595,30430
2023,10712,西北农林科技大学,210,2,2,600,26511
2023,10712,西北农林科技大学,213,4,4,597,29169
2023,10716,陕西中医药大学,201,10,10,552,72901
2023,10718,陕西师范大学,203,2,2,619,15241
2023,10718,陕西师范大学,204,84,84,537,90865
2023,10718,陕西师范大学,205,13,13,605,23388
2023,10718,陕西师范大学,206,7,7,606,22932
2023,10718,省陕西师范大学,207,7,7,598,28054
2023,10718,陕西师范大学,208,6,6,605,23450
2023,10719,延安大学,203,6,6,513,123549
2023,10720,东陕西理工大学,203,1,1,531,99115
2023,10720,陕西理工大学,204,2,2,529,100924
2023,10720,陕西理工大学(中外合作办学),206,14,14,509,129405
2023,10720,广陕西理工大学,207,1,1,539,88270
2023,10721,宝鸡文理学院,201,5,5,495,149177
2023,10722,咸阳师范学院,202,4,4,504,135805
2023,10722,咸阳师范学院,203,2,2,513,123489
2023,10724,西安外国语大学,203,6,6,555,69041
2023,10724,西安外国语大学,204,5,5,539,87612
2023,10726,西北政法大学,202,5,5,600,26576
2023,10730,兰州大学,210,26,26,613,18632
2023,10730,兰州大学,211,10,10,611,19581
2023,10730,兰州大学,215,6,6,615,17394
2023,10730,兰州大学,216,17,17,615,17206
2023,10730,兰州大学,217,7,7,620,14587
2023,10730,兰州大学,218,3,3,626,12103
2023,10731,兰州理工大学,202,52,52,514,121591
2023,10731,兰州理工大学,203,15,15,505,133933
2023,10731,兰州理工大学,205,4,4,542,84761
2023,10732,兰州交通大学,202,25,25,544,82501
2023,10733,试甘肃农业大学,202,23,23,495,148869
2023,10735,甘肃中医药大学,201,9,9,501,140490
2023,10735,考甘肃中医药大学,202,21,21,514,121968
2023,10735,甘肃中医药大学,203,5,5,506,132865
2023,10735,甘肃中医药大学,204,2,2,545,80822
2023,10735,育甘肃中医药大学,205,3,3,508,129624
2023,10736,西北师范大学,206,11,11,532,96846
2023,10736,西北师范大学,207,4,4,532,97370
2023,10736,教西北师范大学,208,3,3,533,96137
2023,10738,陇东学院,203,2,2,489,158872
2023,10738,省陇东学院,204,18,18,492,153515
2023,10738,陇东学院,205,2,2,493,153015
2023,10738,陇东学院,206,2,2,493,151607
2023,10739,天水师范学院,204,12,12,493,152871
2023,10739,天水师范学院,205,3,3,491,154977
2023,10741,兰州财经大学(联合培养),204,2,2,506,133035
2023,10742,西北民族大学,204,8,8,516,119310
2023,10742,西北民族大学,206,2,2,506,133336
2023,10743,青海大学,201,46,46,548,76634
2023,10743,省青海大学,202,12,12,549,76067
2023,10743,青海大学,203,3,3,554,69649
2023,10746,青海师范大学,204,18,18,519,114256
2023,10746,东青海师范大学,205,3,3,520,113177
2023,10746,青海师范大学,206,6,6,511,126491
2023,10749,宁夏大学,202,13,13,572,50975
2023,10749,广宁夏大学(中外合作办学),204,5,5,530,100111
2023,10752,宁夏医科大学,201,4,4,505,134499
2023,10752,宁夏医科大学,202,18,18,553,70780
2023,10752,宁夏医科大学,203,7,7,511,125525
2023,10752,宁夏医科大学,204,3,3,540,86922
2023,10755,新疆大学,203,14,14,553,71146
2023,10755,新疆大学,204,1,1,556,67620
2023,10755,新疆大学,206,1,1,564,58788
2023,10755,新疆大学,207,4,4,559,64341
2023,10757,塔里木大学,201,23,23,492,154278
2023,10757,塔里木大学,202,5,5,490,156612
2023,10757,塔里木大学,203,12,12,490,156821
2023,10758,新疆农业大学,202,64,64,493,151602
2023,10758,新疆农业大学,203,15,15,493,152942
2023,10758,新疆农业大学,204,10,10,492,154455
2023,10758,新疆农业大学(中外合作办学),205,5,5,487,161777
2023,10758,新疆农业大学,207,5,5,493,151617
2023,10759,试石河子大学,201,2,2,546,80084
2023,10759,石河子大学,202,12,12,544,81683
2023,10759,考石河子大学,203,14,14,542,84171
2023,10759,石河子大学,204,12,12,543,83715
2023,10760,新疆医科大学,201,41,41,538,90039
2023,10760,育新疆医科大学,202,19,19,521,111930
2023,10760,新疆医科大学,203,25,25,524,107718
2023,10762,新疆师范大学,204,1,1,526,105890
2023,10762,教新疆师范大学,205,1,1,519,114536
2023,10762,新疆师范大学,206,10,10,501,139836
2023,10762,省新疆师范大学,207,5,5,511,126473
2023,10763,喀什大学,204,7,7,493,152587
2023,10763,喀什大学,205,1,1,509,129596
2023,10763,喀什大学,207,1,1,492,154231
2023,10764,伊犁师范大学,203,15,15,489,158766
2023,10764,伊犁师范大学,205,2,2,498,144899
2023,10764,伊犁师范大学,206,4,4,492,153928
2023,10766,新疆财经大学,203,13,13,493,152023
2023,10766,新疆财经大学,204,1,1,497,146807
2023,10766,省新疆财经大学,205,2,2,501,140966
2023,10792,天津城建大学,202,50,50,507,131239
2023,10792,天津城建大学,203,2,2,525,106219
2023,10792,东天津城建大学,204,4,4,504,135424
2023,10792,天津城建大学(中外合作办学),205,11,11,494,151354
2023,10809,山西中医药大学,204,7,7,537,90980
2023,10809,广山西中医药大学,205,2,2,554,69782
2023,10809,山西中医药大学,206,2,2,520,114044
2023,10812,吕梁学院,202,4,4,502,138486
2023,10822,广东白云学院,201,767,767,470,186608
2023,10822,广东白云学院,202,139,139,461,201835
2023,10822,广东白云学院,203,459,459,467,191889
2023,10822,广东白云学院,204,525,525,470,186995
2023,10822,广东白云学院,206,300,300,476,178300
2023,10822,广东白云学院,207,185,185,463,198557
2023,10822,广东白云学院,209,50,50,440,233819
2023,10822,广东白云学院(学分互认),210,76,76,460,202677
2023,10823,长沙医学院,203,18,18,506,133650
2023,10823,长沙医学院,204,60,60,522,111036
2023,10823,长沙医学院,205,20,20,491,155861
2023,10841,辽宁对外经贸学院,202,4,4,465,194799
2023,10846,江西科技学院,202,4,4,485,163951
2023,10850,南京工业职业技术大学,202,45,45,509,128552
2023,10856,试上海工程技术大学,202,30,30,547,78373
2023,10856,上海工程技术大学,203,12,12,541,85753
2023,10876,考浙江万里学院,202,10,10,515,120510
2023,10878,安徽建筑大学,201,15,15,516,118480
2023,10878,安徽建筑大学,202,4,4,506,133721
2023,10878,育安徽建筑大学,203,3,3,524,107679
2023,10894,景德镇学院,202,2,2,506,132577
2023,10895,萍乡学院,202,5,5,502,138471
2023,10895,教萍乡学院,203,2,2,497,146304
2023,10895,萍乡学院,204,2,2,495,148605
2023,10904,省枣庄学院,201,5,5,500,142261
2023,10908,山东工艺美术学院,201,4,4,502,139304
2023,10908,山东工艺美术学院,202,5,5,492,153397
2023,10918,黄淮学院,202,10,10,493,152866
2023,10918,黄淮学院(中外合作办学),204,5,5,493,152265
2023,10920,湖北理工学院,203,6,6,525,106727
2023,10920,湖北理工学院,204,4,4,543,82754
2023,10920,湖北理工学院,205,2,2,520,113437
2023,10927,湖北科技学院,201,15,15,519,114585
2023,10927,省湖北科技学院,202,5,5,542,84657
2023,10929,湖北医药学院,201,8,8,559,64765
2023,10964,吉林外国语大学,206,26,26,482,168398
2023,10964,东吉林外国语大学(中外合作办学),211,2,2,466,194001
2023,10994,新疆工程学院,201,16,16,491,154919
2023,10994,新疆工程学院,202,4,4,491,154699
2023,11035,广沈阳大学,202,17,17,523,109848
2023,11035,沈阳大学,203,3,3,516,118643
2023,11035,沈阳大学(中外合作办学),204,8,8,511,126517
2023,11047,上海立信会计金融学院,202,14,14,552,71982
2023,11047,上海立信会计金融学院,203,3,3,567,55407
2023,11048,金陵科技学院,202,14,14,529,101051
2023,11049,淮阴工学院,201,4,4,507,131836
2023,11049,淮阴工学院,203,2,2,506,133092
2023,11049,淮阴工学院,204,2,2,504,136136
2023,11053,徐州工程学院,204,1,1,528,101898
2023,11055,常州工学院,201,15,15,501,140706
2023,11057,浙江科技学院(联合培养),201,5,5,540,86389
2023,11057,浙江科技学院,202,29,29,536,92583
2023,11058,宁波工程学院,202,29,29,525,106139
2023,11058,宁波工程学院(中外合作办学),203,6,6,519,114802
2023,11059,合肥学院,201,14,14,518,116293
2023,11059,合肥学院,202,2,2,509,128945
2023,11062,试厦门理工学院,203,23,23,553,71353
2023,11062,厦门理工学院(中外合作办学),205,3,3,545,80113
2023,11065,考青岛大学,202,37,37,562,61084
2023,11065,青岛大学,203,3,3,553,71225
2023,11065,青岛大学,204,4,4,546,79301
2023,11065,育青岛大学,205,13,13,546,79412
2023,11066,烟台大学(本科预科班),204,3,3,457,207890
2023,11066,烟台大学,205,12,12,532,97304
2023,11067,教潍坊学院,203,10,10,496,148310
2023,11067,潍坊学院,204,2,2,497,146142
2023,11068,省郑州工程技术学院,203,17,17,500,142236
2023,11068,郑州工程技术学院,204,5,5,490,156344
2023,11068,郑州工程技术学院,205,1,1,494,150123
2023,11070,洛阳理工学院(中外合作办学),203,14,14,492,153725
2023,11075,三峡大学,202,12,12,560,63086
2023,11075,三峡大学,206,4,4,548,77203
2023,11075,三峡大学,207,24,24,586,37472
2023,11077,长沙学院,202,22,22,530,100244
2023,11077,长沙学院,203,2,2,528,102829
2023,11077,省长沙学院,208,13,13,518,115729
2023,11077,长沙学院,209,2,2,517,117449
2023,11078,广州大学,201,469,469,584,39665
2023,11078,东广州大学,202,458,458,573,49397
2023,11078,广州大学,203,1143,1143,570,52687
2023,11078,广州大学,204,652,652,453,213265
2023,11078,广广州大学,205,145,145,560,63250
2023,11078,广州大学,206,45,45,569,53769
2023,11078,广州大学,207,423,423,557,66714
2023,11078,广州大学,208,194,194,562,60866
2023,11078,广州大学,209,55,55,566,56891
2023,11078,广州大学,210,106,106,570,52506
2023,11078,广州大学,211,326,326,557,66223
2023,11078,广州大学(中外合作办学),241,15,15,546,79813
2023,11079,成都大学,203,21,21,560,63053
2023,11079,成都大学,205,10,10,554,70009
2023,11079,成都大学,206,2,2,559,64771
2023,11079,成都大学,207,2,2,557,66994
2023,11079,成都大学(中外合作办学),213,16,16,539,88740
2023,11079,成都大学(中外合作办学),214,6,6,541,85133
2023,11080,西安文理学院,203,2,2,522,111082
2023,11080,西安文理学院,204,4,4,502,138522
2023,11100,海南热带海洋学院,203,6,6,515,120438
2023,11100,试海南热带海洋学院,204,13,13,500,142406
2023,11100,海南热带海洋学院,205,2,2,499,143780
2023,11100,考海南热带海洋学院(中外合作办学),210,4,4,492,154328
2023,11100,海南热带海洋学院,211,4,4,503,138038
2023,11100,海南热带海洋学院,212,2,2,516,119077
2023,11100,育海南热带海洋学院,213,2,2,507,132007
2023,11100,海南热带海洋学院(中外合作办学),218,2,2,491,155129
2023,11104,华北科技学院,203,44,44,508,130078
2023,11104,教华北科技学院,204,20,20,494,151127
2023,11104,华北科技学院,207,6,6,500,141796
2023,11104,省华北科技学院,208,5,5,489,158350
2023,11104,华北科技学院,209,8,8,517,118132
2023,11104,华北科技学院,210,6,6,494,150458
2023,11105,中国人民警察大学,201,24,24,539,88475
2023,11106,广州航海学院,201,1258,1258,517,117289
2023,11106,广州航海学院,203,353,353,505,134620
2023,11106,广州航海学院(中外合作办学),204,120,120,494,151096
2023,11106,广州航海学院(联合培养),205,30,30,511,126498
2023,11106,广州航海学院(联合培养),206,12,12,506,132596
2023,11106,省广州航海学院(联合培养),207,10,10,504,136716
2023,11106,广州航海学院(中外合作办学),208,80,80,479,173784
2023,11110,广东警官学院,201,55,55,536,91585
2023,11110,东广东警官学院,203,23,23,540,87411
2023,11113,深圳职业技术大学,201,15,15,570,53155
2023,11113,深圳职业技术大学,202,93,93,557,66729
2023,11113,广深圳职业技术大学,203,62,62,555,69130
2023,11116,成都工业学院,201,2,2,542,84694
2023,11117,扬州大学,203,12,12,559,63806
2023,11117,扬州大学,204,1,1,559,63920
2023,11122,三江学院,203,12,12,471,185131
2023,11122,三江学院,204,60,60,484,166453
2023,11122,三江学院,205,4,4,482,168413
2023,11230,齐齐哈尔医学院,203,2,2,513,123391
2023,11232,北京信息科技大学,201,18,18,576,47014
2023,11242,太原学院,204,3,3,497,146265
2023,11258,大连大学,201,5,5,545,80134
2023,11261,吉林工商学院,202,8,8,494,151055
2023,11261,吉林工商学院,203,2,2,497,146224
2023,11276,南京工程学院,202,16,16,568,54351
2023,11287,南京审计大学,202,24,24,576,47042
2023,11287,南京审计大学(中外合作办学),204,12,12,567,55406
2023,11311,三明学院,203,3,3,509,129268
2023,11311,试三明学院,205,2,2,527,104428
2023,11311,三明学院,206,1,1,508,129980
2023,11318,考江西科技师范大学,205,1,1,552,72583
2023,11318,江西科技师范大学,206,26,26,516,119110
2023,11318,江西科技师范大学,207,5,5,513,122630
2023,11318,育江西科技师范大学,208,6,6,506,133061
2023,11319,南昌工程学院,203,26,26,523,108665
2023,11319,南昌工程学院,204,2,2,518,116795
2023,11319,教南昌工程学院(中外合作办学),207,4,4,494,151332
2023,11326,信阳农林学院,203,4,4,500,141861
2023,11326,省信阳农林学院,204,4,4,496,147973
2023,11326,信阳农林学院,205,4,4,491,154684
2023,11330,安阳工学院(中外合作办学),203,2,2,495,150065
2023,11342,湖南工程学院,202,14,14,524,108443
2023,11342,湖南工程学院,203,3,3,500,142511
2023,11347,仲恺农业工程学院,203,869,869,505,134039
2023,11347,仲恺农业工程学院,204,722,722,530,100072
2023,11347,仲恺农业工程学院,205,169,169,510,127256
2023,11347,仲恺农业工程学院,206,118,118,504,135551
2023,11347,省仲恺农业工程学院,207,263,263,505,134244
2023,11347,仲恺农业工程学院(协同培养),208,40,40,494,150687
2023,11349,五邑大学,201,39,39,513,123833
2023,11349,东五邑大学,202,29,29,499,143370
2023,11349,五邑大学,203,482,482,499,143925
2023,11349,五邑大学,204,217,217,488,159891
2023,11349,广五邑大学,205,176,176,517,117769
2023,11349,五邑大学,206,107,107,498,145229
2023,11349,五邑大学,207,925,925,527,103241
2023,11349,五邑大学,208,390,390,509,128852
2023,11349,五邑大学,209,403,403,516,118554
2023,11349,五邑大学,210,274,274,489,157965
2023,11354,梧州学院,204,32,32,497,145742
2023,11354,梧州学院,206,6,6,492,153183
2023,11354,梧州学院,209,2,2,500,142160
2023,11390,玉溪师范学院,202,4,4,502,139350
2023,11393,昆明学院,205,12,12,512,124574
2023,11393,昆明学院,206,4,4,496,147844
2023,11393,昆明学院,207,2,2,542,84538
2023,11396,商洛学院,202,3,3,492,153526
2023,11396,商洛学院,203,1,1,507,131885
2023,11400,西安培华学院,203,2,2,486,162718
2023,11400,西安培华学院,204,5,5,479,173249
2023,11406,试甘肃政法大学,203,3,3,547,77828
2023,11407,北方民族大学,203,12,12,506,132673
2023,11407,考北方民族大学(中外合作办学),206,3,3,501,140785
2023,11413,中国矿业大学(北京),201,34,34,593,31686
2023,11414,中国石油大学(北京),203,22,22,607,22349
2023,11414,育中国石油大学(北京),204,1,1,607,22198
2023,11415,中国地质大学(北京),202,14,14,600,26552
2023,11415,中国地质大学(北京),203,17,17,591,33781
2023,11415,教中国地质大学(北京),204,1,1,613,18674
2023,11417,北京联合大学,202,9,9,550,74970
2023,11418,省北京城市学院,202,10,10,489,157797
2023,11418,北京城市学院,203,1,1,500,141692
2023,11418,北京城市学院(国际班),212,1,1,487,161978
2023,11437,长春工程学院(本科预科班),202,2,2,440,233835
2023,11437,长春工程学院,203,30,30,493,152324
2023,11439,吉林农业科技学院,204,10,10,494,151030
2023,11446,黑龙江东方学院,201,40,40,462,199633
2023,11458,上海电机学院,202,9,9,543,83665
2023,11458,上海电机学院(中外合作办学),205,6,6,537,90834
2023,11463,省江苏理工学院,202,2,2,549,75345
2023,11463,江苏理工学院,203,3,3,529,100905
2023,11463,江苏理工学院,204,2,2,527,103250
2023,11482,东浙江财经大学,202,29,29,556,67751
2023,11482,浙江财经大学(中外合作办学),204,3,3,563,60320
2023,11504,江西警察学院,202,9,9,524,108383
2023,11508,广新余学院,202,6,6,501,140226
2023,11508,新余学院,203,1,1,510,127804
2023,11508,新余学院,204,1,1,496,148507
2023,11510,山东交通学院,201,6,6,503,137441
2023,11510,山东交通学院,202,2,2,512,124130
2023,11517,河南工程学院,203,20,20,504,136206
2023,11517,河南工程学院,204,2,2,495,149617
2023,11517,河南工程学院,206,2,2,503,137265
2023,11517,河南工程学院,208,12,12,500,141781
2023,11528,湖南工学院,201,25,25,508,130700
2023,11532,湖南财政经济学院,202,23,23,509,129237
2023,11534,湖南警察学院,203,7,7,529,100740
2023,11535,湖南工业大学,202,172,172,543,82799
2023,11535,湖南工业大学,203,9,9,539,88379
2023,11535,湖南工业大学,204,22,22,526,105099
2023,11538,湖南女子学院,202,4,4,499,142837
2023,11540,广东金融学院,221,3322,3322,510,128057
2023,11540,试广东金融学院(学分互认),222,236,236,512,125244
2023,11540,广东金融学院(地方专项),223,50,50,533,95421
2023,11545,考电子科技大学中山学院,201,429,429,484,166448
2023,11545,电子科技大学中山学院,202,872,872,485,164930
2023,11545,电子科技大学中山学院,203,112,112,480,171442
2023,11545,育电子科技大学中山学院,204,110,110,481,170983
2023,11545,电子科技大学中山学院,207,305,305,481,170776
2023,11546,广西科技师范学院,203,27,27,502,138809
2023,11546,教广西科技师范学院,204,4,4,500,142423
2023,11548,广西财经学院,202,5,5,527,104492
2023,11548,省广西财经学院(中外合作办学),203,7,7,502,139558
2023,11549,南宁学院,202,41,41,482,168204
2023,11549,南宁学院,203,6,6,470,187673
2023,11552,四川旅游学院(中外合作办学),202,2,2,487,161192
2023,11560,西安财经大学,202,6,6,542,84159
2023,11600,湖北经济学院,202,12,12,533,96008
2023,11607,北部湾大学,203,8,8,509,128903
2023,11607,北部湾大学,204,7,7,506,133727
2023,11607,北部湾大学,205,2,2,517,117172
2023,11607,省北部湾大学(中外合作办学),206,21,21,490,156324
2023,11607,北部湾大学(中外合作办学),208,10,10,494,150372
2023,11629,北华航天工业学院,202,12,12,519,114650
2023,11632,东沈阳工程学院,201,6,6,544,81547
2023,11646,宁波大学,202,36,36,584,39655
2023,11646,宁波大学,203,7,7,577,45414
2023,11646,广宁波大学,204,15,15,574,48722
2023,11646,宁波大学,206,3,3,575,47545
2023,11647,浙江传媒学院,203,1,1,576,46763
2023,11647,浙江传媒学院,204,59,59,542,84445
2023,11647,浙江传媒学院(中外合作办学),210,1,1,574,49237
2023,11647,浙江传媒学院,211,4,4,530,100271
2023,11652,河南财政金融学院,202,6,6,499,143591
2023,11653,南阳理工学院,204,40,40,497,147030
2023,11653,南阳理工学院,205,8,8,493,151647
2023,11653,南阳理工学院,207,3,3,495,148685
2023,11653,南阳理工学院,208,3,3,501,140320
2023,11656,广东石油化工学院,201,576,576,497,145677
2023,11656,广东石油化工学院,202,714,714,506,132779
2023,11656,广东石油化工学院,203,421,421,510,127807
2023,11656,广东石油化工学院,204,21,21,511,126167
2023,11656,广东石油化工学院,205,17,17,510,127935
2023,11656,广东石油化工学院,206,74,74,500,142551
2023,11656,试广东石油化工学院,207,1429,1429,499,142726
2023,11656,广东石油化工学院,208,613,613,496,148524
2023,11656,考广东石油化工学院,209,688,688,497,145663
2023,11658,海南师范大学,205,4,4,564,58591
2023,11658,海南师范大学,206,20,20,544,82344
2023,11658,育海南师范大学,207,2,2,564,59132
2023,11658,海南师范大学,208,2,2,563,60036
2023,11658,海南师范大学,209,2,2,569,53879
2023,11658,教海南师范大学(中外合作办学),213,2,2,516,118961
2023,11658,海南师范大学,216,5,5,553,71110
2023,11658,省海南师范大学,217,4,4,556,68112
2023,11658,海南师范大学,218,4,4,539,88238
2023,11660,重庆理工大学,203,37,37,558,65219
2023,11660,重庆理工大学,206,2,2,555,68579
2023,11664,西安邮电大学(本科预科班),203,2,2,503,136986
2023,11688,山东工商学院,204,19,19,496,147057
2023,11726,长春大学,203,17,17,514,121820
2023,11726,长春大学,204,2,2,508,130051
2023,11726,长春大学(中外合作办学),206,10,10,492,153139
2023,11726,省长春大学(中外合作办学),207,2,2,491,155555
2023,11726,长春大学(中外合作办学),208,8,8,492,153689
2023,11731,贵州商学院,202,4,4,494,150688
2023,11731,东贵州商学院,203,2,2,506,133737
2023,11731,贵州商学院(中外合作办学),206,3,3,489,158522
2023,11736,西安航空学院(中外合作办学),203,8,8,509,128595
2023,11765,广河南城建学院,201,20,20,495,149035
2023,11775,防灾科技学院,202,44,44,505,134236
2023,11775,防灾科技学院,203,2,2,520,112888
2023,11775,防灾科技学院,204,4,4,514,121738
2023,11799,重庆工商大学,202,33,33,537,91056
2023,11799,重庆工商大学,207,2,2,543,83024
2023,11800,汉口学院,202,25,25,479,173073
2023,11802,黑龙江工程学院,203,6,6,492,153879
2023,11802,黑龙江工程学院,204,4,4,494,150906
2023,11810,海南医学院(中外合作办学),204,3,3,488,160478
2023,11810,海南医学院(中外合作办学),205,5,5,475,179149
2023,11819,东莞理工学院,201,295,295,563,60270
2023,11819,东莞理工学院,202,1920,1920,541,86175
2023,11819,东莞理工学院,203,44,44,543,82629
2023,11819,东莞理工学院,204,592,592,525,106434
2023,11819,东莞理工学院,205,19,19,531,97999
2023,11819,东莞理工学院(地方专项),215,72,72,552,72184
2023,11819,试东莞理工学院(地方专项),216,18,18,528,101975
2023,11819,东莞理工学院(粤台联合培养),217,243,243,540,86534
2023,11819,考东莞理工学院(中外合作办学),219,88,88,536,92392
2023,11819,东莞理工学院,222,60,60,549,75990
2023,11819,东莞理工学院,223,30,30,538,89430
2023,11825,育桂林航天工业学院,202,36,36,513,123663
2023,11833,上海杉达学院,202,3,3,511,126273
2023,11833,上海杉达学院(中外合作办学),204,1,1,524,108132
2023,11834,教黄河科技学院,202,15,15,486,163429
2023,11835,上海政法学院,203,2,2,574,48680
2023,11835,省上海政法学院,204,33,33,579,43811
2023,11835,上海政法学院,206,4,4,602,25548
2023,11837,桂林旅游学院,204,1,1,508,130637
2023,11837,桂林旅游学院,206,2,2,500,141711
2023,11837,桂林旅游学院,207,2,2,493,151927
2023,11838,贺州学院,202,39,39,502,139683
2023,11843,九江学院,202,7,7,501,140047
2023,11843,九江学院,203,3,3,550,75176
2023,11845,广东工业大学,205,595,595,596,30039
2023,11845,省广东工业大学,206,182,182,588,36120
2023,11845,广东工业大学,208,216,216,567,55815
2023,11845,广东工业大学,209,78,78,570,52992
2023,11845,东广东工业大学,210,175,175,578,45361
2023,11845,广东工业大学,211,703,703,579,44454
2023,11845,广东工业大学,213,181,181,566,56552
2023,11845,广广东工业大学,214,611,611,590,34813
2023,11845,广东工业大学,215,328,328,560,63213
2023,11845,广东工业大学,216,685,685,592,32464
2023,11845,广东工业大学,218,183,183,559,64662
2023,11845,广东工业大学,219,5,5,560,63762
2023,11845,广东工业大学,220,398,398,585,38997
2023,11845,广东工业大学,221,111,111,571,51743
2023,11845,广东工业大学,223,267,267,597,29231
2023,11845,广东工业大学,225,250,250,574,48569
2023,11845,广东工业大学,227,170,170,559,64669
2023,11845,广东工业大学,228,106,106,556,68028
2023,11845,广东工业大学,229,33,33,573,49723
2023,11845,广东工业大学,230,126,126,562,61457
2023,11845,广东工业大学,231,126,126,577,45586
2023,11845,广东工业大学,232,159,159,556,67659
2023,11845,广东工业大学,233,105,105,556,67610
2023,11845,广东工业大学(联合培养),262,301,301,558,65895
2023,11845,试广东工业大学(地方专项),272,240,240,548,76711
2023,11845,广东工业大学,283,76,76,555,68262
2023,11846,考广东外语外贸大学,210,425,425,546,80062
2023,11846,广东外语外贸大学,211,127,127,582,41297
2023,11846,广东外语外贸大学,212,95,95,568,54613
2023,11846,育广东外语外贸大学,213,523,523,561,62266
2023,11846,广东外语外贸大学,214,385,385,557,66700
2023,11846,广东外语外贸大学,215,93,93,576,47267
2023,11846,教广东外语外贸大学,216,247,247,574,49004
2023,11846,广东外语外贸大学,217,57,57,571,51287
2023,11846,省广东外语外贸大学,218,10,10,579,44336
2023,11846,广东外语外贸大学(内地澳门合作办学),219,60,60,543,83146
2023,11846,广东外语外贸大学(地方专项),220,72,72,556,67250
2023,11847,佛山科学技术学院,202,267,267,542,84970
2023,11847,佛山科学技术学院,203,538,538,546,79065
2023,11847,佛山科学技术学院,205,360,360,535,93449
2023,11847,佛山科学技术学院,206,100,100,540,87154
2023,11847,佛山科学技术学院,207,21,21,549,76004
2023,11847,佛山科学技术学院,208,30,30,569,53900
2023,11847,省佛山科学技术学院,209,92,92,530,100060
2023,11847,佛山科学技术学院,210,78,78,533,95885
2023,11847,佛山科学技术学院,211,25,25,541,85175
2023,11847,东佛山科学技术学院,212,10,10,549,76438
2023,11847,佛山科学技术学院,213,45,45,533,96146
2023,11847,佛山科学技术学院(粤台联合培养),214,60,60,550,74868
2023,11847,广佛山科学技术学院(中外合作办学),215,60,60,490,156164
2023,11847,佛山科学技术学院(联合培养),216,30,30,525,106731
2023,11847,佛山科学技术学院(联合培养),217,40,40,497,146136
2023,11847,佛山科学技术学院(地方专项),218,61,61,514,121977
2023,12026,大连民族大学,202,25,25,496,147608
2023,12044,上海第二工业大学,202,11,11,551,73965
2023,12044,上海第二工业大学,203,2,2,551,73833
2023,12048,南京特殊教育师范学院,203,3,3,519,115149
2023,12048,南京特殊教育师范学院,208,3,3,530,99992
2023,12056,南通理工学院,202,72,72,477,177061
2023,12056,南通理工学院,203,14,14,467,191430
2023,12059,广东培正学院,201,1185,1185,468,190165
2023,12059,广东培正学院,202,593,593,475,179076
2023,12059,广东培正学院(学分互认),206,15,15,466,193060
2023,12107,贵州警察学院,202,1,1,518,116441
2023,12107,贵州警察学院,203,4,4,519,114464
2023,12121,南方医科大学,206,45,45,653,3258
2023,12121,试南方医科大学,207,836,836,607,22283
2023,12121,南方医科大学,208,444,444,580,43256
2023,12121,考南方医科大学,209,112,112,592,32516
2023,12121,南方医科大学(地方专项),210,39,39,563,60206
2023,12121,南方医科大学(地方专项),211,36,36,556,67967
2023,12214,育湖南医药学院,202,5,5,544,82104
2023,12214,湖南医药学院,203,2,2,535,93791
2023,12216,安徽新华学院,202,12,12,481,170356
2023,12303,教湖南涉外经济学院,202,32,32,474,180842
2023,12308,海口经济学院,202,18,18,458,205742
2023,12309,省武昌首义学院,202,9,9,489,158422
2023,12310,武昌理工学院,202,16,16,481,169802
2023,12332,烟台南山学院,202,2,2,489,157701
2023,12362,武汉生物工程学院,202,24,24,489,158943
2023,12362,武汉生物工程学院,203,16,16,491,155249
2023,12453,中国劳动关系学院,202,18,18,535,93098
2023,12453,中国劳动关系学院,203,2,2,545,80533
2023,12544,宁夏理工学院(联合培养),203,6,6,487,161045
2023,12560,云南经济管理学院,203,11,11,479,172834
2023,12560,省云南经济管理学院,204,2,2,489,158861
2023,12574,广东东软学院,201,131,131,482,168523
2023,12574,广东东软学院,202,35,35,481,170099
2023,12574,东广东东软学院,203,110,110,480,171255
2023,12574,广东东软学院,204,120,120,482,168410
2023,12574,广东东软学院,205,160,160,480,172399
2023,12574,广广东东软学院,206,55,55,475,179945
2023,12574,广东东软学院,207,48,48,470,187552
2023,12574,广东东软学院,208,35,35,471,185111
2023,12574,广东东软学院,209,59,59,471,186573
2023,12574,广东东软学院,210,30,30,471,185023
2023,12574,广东东软学院,211,27,27,479,174023
2023,12574,广东东软学院,212,19,19,480,172315
2023,12574,广东东软学院,214,110,110,473,182805
2023,12574,广东东软学院,215,35,35,469,189197
2023,12574,广东东软学院(中外合作办学),217,120,115,439,236023
2023,12599,湘潭大学兴湘学院,202,3,3,497,146619
2023,12599,湘潭大学兴湘学院,203,2,2,495,149975
2023,12604,湖南工业大学科技学院,202,12,12,493,152217
2023,12617,广州城市理工学院,201,83,83,490,156339
2023,12617,广州城市理工学院,202,1913,1913,487,161311
2023,12618,广州软件学院,201,1634,1634,474,180809
2023,12618,广州软件学院,204,208,208,474,181136
2023,12618,试广州软件学院,205,40,40,472,183575
2023,12618,广州软件学院(国际班),206,20,20,462,199165
2023,12619,考广州南方学院,203,1365,1365,481,170275
2023,12619,广州南方学院,204,129,129,480,171800
2023,12619,广州南方学院,205,92,92,481,169618
2023,12619,育广州南方学院(联合培养),206,15,15,478,175207
2023,12619,广州南方学院(中外合作办学),207,55,55,472,184123
2023,12620,广东外语外贸大学南国商学院,203,415,415,483,167663
2023,12620,教广东外语外贸大学南国商学院,204,223,223,481,170485
2023,12620,广东外语外贸大学南国商学院(联合培养),205,34,34,479,173664
2023,12620,省广东外语外贸大学南国商学院,207,78,78,476,178435
2023,12621,广州华商学院,211,2717,2717,458,205970
2023,12621,广州华商学院,212,280,280,468,190176
2023,12622,湛江科技学院,201,3530,3530,444,228364
2023,12622,湛江科技学院,202,65,65,439,234864
2023,12623,华南农业大学珠江学院,202,406,406,469,188464
2023,12631,厦门医学院,201,7,7,554,69885
2023,12631,厦门医学院,202,8,8,558,65527
2023,12636,成都东软学院,202,6,6,496,148038
2023,12649,省湖南科技大学潇湘学院,202,4,4,496,147149
2023,12650,南华大学船山学院,202,8,8,492,153873
2023,12650,南华大学船山学院,203,2,2,493,152184
2023,12651,东湘潭理工学院,202,5,5,482,168932
2023,12652,湖南师范大学树达学院,202,17,17,492,153136
2023,12657,湖南文理学院芙蓉学院,203,4,4,492,153931
2023,12658,广湖南理工学院南湖学院,202,2,2,500,142055
2023,12659,衡阳师范学院南岳学院,202,2,2,498,145400
2023,12659,衡阳师范学院南岳学院,203,3,3,497,146479
2023,12660,湖南工程学院应用技术学院,201,5,5,493,152062
2023,12661,湖南中医药大学湘杏学院,203,4,4,520,113425
2023,12661,湖南中医药大学湘杏学院,204,2,2,521,112442
2023,12662,吉首大学张家界学院,202,4,4,491,154695
2023,12689,东南大学成贤学院,203,23,23,492,154149
2023,12709,厦门华厦学院,203,2,2,487,160974
2023,12710,闽南理工学院,202,2,2,493,152289
2023,12712,西安欧亚学院,202,14,14,476,177639
2023,12712,西安欧亚学院(中外合作办学),203,2,2,475,180166
2023,12713,西安外事学院,202,6,6,479,172811
2023,12715,西京学院,202,10,10,482,168169
2023,12747,郑州工业应用技术学院,202,2,2,489,158277
2023,12747,郑州工业应用技术学院,203,2,2,489,158393
2023,12779,山西应用科技学院,202,6,6,484,165106
2023,12792,试浙江越秀外国语学院,203,2,2,483,167013
2023,12792,浙江越秀外国语学院,204,13,13,475,179360
2023,12795,考南昌理工学院,203,51,51,483,166567
2023,12799,上海建桥学院,202,41,41,482,168600
2023,12799,上海建桥学院,204,3,3,479,173423
2023,12799,育上海建桥学院(中外合作办学),205,2,2,486,162270
2023,12915,上海中侨职业技术大学,202,14,14,475,179085
2023,12928,泉州职业技术大学,202,10,10,486,163328
2023,12938,教江西应用科技学院,202,31,31,476,177962
2023,12938,江西应用科技学院,207,3,3,462,199727
2023,12992,省闽南科技学院,203,1,1,485,164835
2023,12992,闽南科技学院,204,5,5,479,172717
2023,13006,山东英才学院,201,5,5,471,186060
2023,13022,浙大宁波理工学院,202,41,41,537,90169
2023,13023,杭州医学院,201,4,4,528,102401
2023,13065,安徽外国语学院,202,7,7,474,181176
2023,13115,厦门工学院,202,11,11,483,166725
2023,13121,西安思源学院,202,4,4,484,165036
2023,13188,武汉晴川学院,203,6,6,485,164021
2023,13198,省大连理工大学城市学院,202,14,14,478,175770
2023,13201,沈阳工学院,201,10,10,473,183054
2023,13208,沈阳城市建设学院,202,8,8,470,186766
2023,13212,东大连医科大学中山学院,202,2,2,508,130150
2023,13212,大连医科大学中山学院,203,2,2,489,158567
2023,13213,锦州医科大学医疗学院,201,7,7,520,113193
2023,13215,广辽宁师范大学海华学院,202,7,7,474,180363
2023,13218,大连财经学院,202,16,16,474,181675
2023,13220,沈阳城市学院,202,6,6,459,203644
2023,13220,沈阳城市学院,203,7,7,476,177813
2023,13234,湖北大学知行学院,202,6,6,488,160135
2023,13234,湖北大学知行学院,203,1,1,490,156925
2023,13235,武汉城市学院,202,12,12,483,166657
2023,13236,三峡大学科技学院,202,14,14,491,155537
2023,13236,三峡大学科技学院,203,5,5,528,102628
2023,13239,武汉工程大学邮电与信息工程学院,202,2,2,495,149773
2023,13239,武汉工程大学邮电与信息工程学院,203,2,2,487,161168
2023,13240,武汉纺织大学外经贸学院,203,2,2,479,174186
2023,13240,武汉纺织大学外经贸学院,204,7,7,482,168459
2023,13242,武汉工商学院,202,6,6,483,167154
2023,13246,长江大学文理学院,202,3,3,486,162331
2023,13247,湖北商贸学院,202,15,15,477,176990
2023,13249,湖北医药学院药护学院,201,8,8,524,108570
2023,13250,试湖北恩施学院,203,4,4,523,109694
2023,13250,湖北恩施学院,204,3,3,485,164491
2023,13251,考湖北经济学院法商学院,202,7,7,487,161637
2023,13253,武汉体育学院体育科技学院,202,2,2,493,152045
2023,13256,湖北师范大学文理学院,203,1,1,499,144060
2023,13256,育湖北师范大学文理学院,204,13,13,486,162120
2023,13257,湖北文理学院理工学院,201,5,5,486,162094
2023,13262,文华学院,203,12,12,487,161292
2023,13279,教杭州电子科技大学信息工程学院,201,12,12,497,145951
2023,13290,浙江工商大学杭州商学院,202,26,26,483,166650
2023,13291,省嘉兴南湖学院,201,2,2,504,135897
2023,13292,中国计量大学现代科技学院,201,10,10,486,163451
2023,13296,黑龙江外国语学院,206,5,5,451,217710
2023,13301,哈尔滨远东理工学院,201,40,40,467,191581
2023,13307,哈尔滨华德学院,202,54,54,456,209087
2023,13324,山东协和学院,204,2,2,543,83247
2023,13324,山东协和学院,205,13,13,479,172904
2023,13326,云南大学滇池学院,203,6,6,484,165598
2023,13328,丽江文化旅游学院,203,2,2,482,169154
2023,13328,省丽江文化旅游学院,204,4,4,483,167209
2023,13328,丽江文化旅游学院,205,2,2,486,162571
2023,13330,昆明城市学院,202,8,8,482,169507
2023,13332,东昆明医科大学海源学院,202,16,16,532,97405
2023,13332,昆明医科大学海源学院,203,7,7,487,161768
2023,13378,青岛城市学院,202,8,8,479,173069
2023,13386,广山东石油化工学院,202,13,13,499,143758
2023,13402,河北外国语学院,202,6,6,477,177142
2023,13408,华北理工大学轻工学院,202,5,5,482,168783
2023,13415,河北医科大学临床学院,202,4,4,494,151420
2023,13415,河北医科大学临床学院,203,3,3,523,109617
2023,13415,河北医科大学临床学院,204,2,2,501,140117
2023,13415,河北医科大学临床学院,205,4,4,537,90175
2023,13421,南昌工学院,203,13,13,480,171454
2023,13429,南昌大学科学技术学院,202,36,36,491,155766
2023,13432,赣东学院,203,9,9,499,143078
2023,13433,南昌航空大学科技学院,202,60,60,489,158199
2023,13434,赣南科技学院,202,14,14,497,146805
2023,13434,赣南科技学院,203,2,2,493,152575
2023,13435,景德镇艺术职业大学,203,6,6,486,163182
2023,13435,景德镇艺术职业大学,204,2,2,473,183275
2023,13436,江西农业大学南昌商学院,203,17,17,488,160112
2023,13437,南昌医学院,202,2,2,552,72737
2023,13437,试南昌医学院,203,3,3,550,74909
2023,13437,南昌医学院,204,4,4,552,71859
2023,13437,考南昌医学院,209,2,2,544,81488
2023,13437,南昌医学院,210,4,4,522,110219
2023,13437,南昌医学院,211,4,4,510,127359
2023,13437,育南昌医学院,212,1,1,504,136314
2023,13437,南昌医学院,213,2,2,534,95093
2023,13437,南昌医学院,214,4,4,527,103391
2023,13437,教南昌医学院,215,5,5,517,117286
2023,13437,南昌医学院,216,3,3,522,110649
2023,13437,省南昌医学院,217,3,3,531,98269
2023,13437,南昌医学院,218,4,4,519,115193
2023,13437,南昌医学院,219,4,4,529,100936
2023,13439,赣南师范大学科技学院,203,2,2,501,141012
2023,13439,赣南师范大学科技学院,204,20,20,492,153286
2023,13440,南昌应用技术师范学院,204,1,1,499,144058
2023,13441,江西财经大学现代经济管理学院,203,2,2,492,153201
2023,13441,江西财经大学现代经济管理学院,204,46,46,488,160172
2023,13468,阳光学院,203,15,15,475,179033
2023,13468,省阳光学院(中外合作办学),205,4,4,459,204926
2023,13469,厦门大学嘉庚学院,203,3,3,492,154390
2023,13469,厦门大学嘉庚学院,204,78,78,491,155096
2023,13470,东福州大学至诚学院,203,42,42,489,157844
2023,13470,福州大学至诚学院,204,6,6,489,158398
2023,13471,集美大学诚毅学院,203,27,27,495,149498
2023,13472,广福建师范大学协和学院,202,3,3,491,155924
2023,13472,福建师范大学协和学院(国际班),203,1,1,488,159905
2023,13497,郑州财经学院,202,24,24,485,163572
2023,13500,商丘工学院,201,10,10,483,167991
2023,13503,信阳学院,202,2,2,498,144421
2023,13505,新乡医学院三全学院,201,5,5,530,100045
2023,13514,兰州博文科技学院,202,4,4,476,178038
2023,13534,山西工学院,202,1,1,505,134873
2023,13538,山西晋中理工学院,202,2,2,489,158857
2023,13560,新疆第二医学院,201,20,20,524,108526
2023,13560,新疆第二医学院,202,6,6,539,87802
2023,13560,新疆第二医学院,203,3,3,478,175479
2023,13560,新疆第二医学院,204,4,4,517,117448
2023,13571,无锡太湖学院,204,78,78,470,188097
2023,13578,河北工程大学科信学院,202,24,24,488,159504
2023,13579,中国矿业大学徐海学院,203,23,23,487,160649
2023,13588,重庆外语外事学院,203,3,3,491,155502
2023,13588,试重庆外语外事学院,204,9,9,486,163356
2023,13589,重庆对外经贸学院,202,12,12,489,158304
2023,13590,考重庆财经学院,202,10,10,491,155590
2023,13593,石家庄铁道大学四方学院,202,13,13,489,158507
2023,13594,河北地质大学华信学院,202,12,12,480,172571
2023,13597,育山西科技学院,202,2,2,502,138921
2023,13597,山西科技学院,203,1,1,508,129655
2023,13602,长春电子科技学院,202,8,8,478,174365
2023,13603,教长春财经学院,202,8,8,476,177624
2023,13604,吉林建筑科技学院,201,10,10,471,185108
2023,13606,省长春科技学院,201,15,15,486,163034
2023,13609,辽宁中医药大学杏林学院,203,8,8,504,136523
2023,13609,辽宁中医药大学杏林学院,204,4,4,508,130522
2023,13610,辽宁何氏医学院,202,8,8,479,172668
2023,13611,蚌埠工商学院,202,4,4,484,165836
2023,13615,合肥城市学院,202,11,11,483,167760
2023,13618,安徽医科大学临床医学院,201,30,30,522,111119
2023,13622,吉林师范大学博达学院,204,7,7,483,167301
2023,13625,昆明文理学院,203,17,17,482,169246
2023,13626,省昆明理工大学津桥学院,203,1,1,490,157152
2023,13626,昆明理工大学津桥学院,204,16,16,480,171557
2023,13626,昆明理工大学津桥学院,205,1,1,487,161354
2023,13626,东昆明理工大学津桥学院,206,3,3,477,175908
2023,13626,昆明理工大学津桥学院,207,19,19,483,167409
2023,13627,重庆移通学院(中外合作办学),202,3,3,474,181095
2023,13628,广新疆政法学院,203,2,2,489,158427
2023,13628,新疆政法学院,204,15,15,490,156072
2023,13628,新疆政法学院,205,2,2,498,145426
2023,13631,大连东软信息学院,202,18,18,475,180011
2023,13632,上海视觉艺术学院,202,2,2,530,100216
2023,13634,武汉学院,202,16,16,489,158917
2023,13635,长沙理工大学城南学院,202,35,35,493,152616
2023,13639,柳州工学院,204,5,5,479,172992
2023,13640,广西民族大学相思湖学院,202,37,37,489,158845
2023,13643,广西中医药大学赛恩斯新医药学院,203,108,108,501,141225
2023,13643,广西中医药大学赛恩斯新医药学院,204,5,5,493,152992
2023,13643,广西中医药大学赛恩斯新医药学院,205,34,34,490,156068
2023,13643,广西中医药大学赛恩斯新医药学院,206,18,18,489,158308
2023,13644,桂林信息科技学院,203,4,4,488,160310
2023,13644,桂林信息科技学院,204,68,68,481,170847
2023,13645,南宁理工学院,202,10,10,476,178210
2023,13647,贵州中医药大学时珍学院,201,4,4,490,157301
2023,13651,试贵阳人文科技学院,202,2,2,487,161738
2023,13653,遵义医科大学医学与科技学院,201,10,10,537,90658
2023,13654,考南京理工大学紫金学院,202,159,159,489,158888
2023,13654,南京理工大学紫金学院,203,15,15,487,161992
2023,13656,广州华立学院,201,1155,1155,451,216981
2023,13656,育广州华立学院(国际班),202,80,80,445,225656
2023,13656,广州华立学院,203,1402,1402,446,224073
2023,13657,广州应用科技学院,203,2504,2504,455,211470
2023,13657,教广州应用科技学院(联合培养),204,56,56,451,217177
2023,13660,天津商业大学宝德学院,204,1,1,486,162665
2023,13660,省天津商业大学宝德学院,205,1,1,483,167925
2023,13660,天津商业大学宝德学院,206,5,5,484,165610
2023,13661,天津医科大学临床医学院,203,1,1,504,136774
2023,13661,天津医科大学临床医学院,205,5,5,491,155068
2023,13661,天津医科大学临床医学院,206,3,3,541,85734
2023,13662,长春人文学院,202,2,2,475,178988
2023,13662,长春人文学院,203,2,2,473,182611
2023,13665,电子科技大学成都学院,202,38,38,491,155567
2023,13665,电子科技大学成都学院,203,4,4,487,161103
2023,13666,省武汉华夏理工学院,202,21,21,483,166614
2023,13667,广州商学院,205,2980,2980,462,199917
2023,13667,广州商学院(中外合作办学),206,68,39,439,235813
2023,13667,东广州商学院(联合培养),207,95,95,448,221069
2023,13667,广州商学院,208,175,175,453,213913
2023,13668,成都理工大学工程技术学院,202,20,20,488,159514
2023,13670,广成都银杏酒店管理学院,202,5,5,482,169520
2023,13673,四川外国语大学成都学院,202,16,16,488,160278
2023,13675,北京理工大学珠海学院,201,504,504,496,148111
2023,13675,北京理工大学珠海学院(中外合作办学),202,50,50,483,167967
2023,13675,北京理工大学珠海学院(国际班),203,72,72,489,158991
2023,13677,西安交通大学城市学院,201,4,4,492,153872
2023,13678,西北大学现代学院,202,1,1,487,160687
2023,13682,西安工商学院,202,8,8,474,181530
2023,13684,珠海科技学院,208,2680,2680,490,156478
2023,13684,珠海科技学院,210,80,80,490,157492
2023,13684,珠海科技学院,211,50,50,490,156571
2023,13686,武汉传媒学院,202,16,16,482,168627
2023,13705,成都医学院,201,30,30,558,65740
2023,13714,广州工商学院,205,2194,2194,445,225942
2023,13714,广州工商学院,206,310,239,439,236072
2023,13714,广州工商学院,207,159,159,440,234135
2023,13714,广州工商学院,208,110,73,439,236076
2023,13714,试广州工商学院(中外合作办学),209,120,36,439,235525
2023,13717,广州科技职业技术大学,203,2327,2327,439,235906
2023,13717,考广州科技职业技术大学,204,131,131,445,226027
2023,13717,广州科技职业技术大学,205,157,157,448,221454
2023,13719,广东科技学院,205,4285,4285,448,222218
2023,13719,育广东科技学院(联合培养),206,20,20,442,230969
2023,13719,广东科技学院,213,90,90,441,232514
2023,13720,广东理工学院,201,3831,3409,439,236084
2023,13720,教广东理工学院,202,200,54,439,236039
2023,13720,广东理工学院,203,753,644,439,236085
2023,13721,省广东工商职业技术大学,205,1561,1000,439,236080
2023,13721,广东工商职业技术大学,206,151,151,439,236062
2023,13721,广东工商职业技术大学,208,55,55,444,227415
2023,13744,黑河学院,203,3,3,494,151105
2023,13744,黑河学院,204,8,8,491,154961
2023,13762,福州外语外贸学院,202,20,20,478,174434
2023,13763,福建江夏学院,202,6,6,511,125589
2023,13766,泉州信息工程学院,202,21,21,481,169675
2023,13766,泉州信息工程学院(中外合作办学),204,6,6,464,196543
2023,13774,省豫章师范学院,203,4,4,495,148734
2023,13774,豫章师范学院,204,2,2,495,148905
2023,13776,江西软件职业技术大学,202,2,2,483,168062
2023,13776,东江西软件职业技术大学,203,1,1,474,181020
2023,13809,湖南应用技术学院,203,3,3,484,166250
2023,13811,琼台师范学院,203,10,10,506,133619
2023,13811,广琼台师范学院,204,2,2,509,129033
2023,13816,四川工业科技学院,202,5,5,489,158592
2023,13830,广西外国语学院,202,20,20,479,173929
2023,13842,南京理工大学泰州科技学院,201,50,50,487,160759
2023,13844,东莞城市学院,205,2375,2375,464,197053
2023,13844,东莞城市学院,207,100,100,469,189152
2023,13892,三亚学院,205,29,29,471,185850
2023,13892,三亚学院(中外合作办学),211,1,1,476,178198
2023,13892,三亚学院,213,3,3,485,164716
2023,13894,西安明德理工学院,202,6,6,480,172111
2023,13897,天津理工大学中环信息学院,202,17,17,486,163463
2023,13898,北京科技大学天津学院,203,14,14,485,164155
2023,13898,北京科技大学天津学院,209,4,4,483,166855
2023,13899,北京中医药大学东方学院,203,12,12,500,142173
2023,13899,北京中医药大学东方学院,204,2,2,519,114880
2023,13899,北京中医药大学东方学院,205,6,6,492,153496
2023,13902,广州新华学院,203,1762,1762,482,169083
2023,13902,试广州新华学院,204,359,359,481,170670
2023,13902,广州新华学院,205,60,60,482,168490
2023,13903,考成都锦城学院,202,40,40,491,155787
2023,13905,南京工业大学浦江学院,202,54,54,487,160859
2023,13905,南京工业大学浦江学院,203,14,14,487,161740
2023,13905,育南京工业大学浦江学院,204,2,2,486,162158
2023,13906,南京师范大学中北学院,203,13,13,489,158702
2023,13906,南京师范大学中北学院,204,8,8,485,164394
2023,13920,教广西城市职业大学,203,140,140,472,184604
2023,13920,广西城市职业大学,204,10,10,467,191918
2023,13924,省湖南交通工程学院,202,4,4,484,165520
2023,13980,南京医科大学康达学院,203,8,8,486,162463
2023,13980,南京医科大学康达学院,204,18,18,528,102130
2023,13980,南京医科大学康达学院,207,2,2,498,145060
2023,13980,南京医科大学康达学院,208,10,10,488,160448
2023,13983,苏州城市学院,204,21,21,522,110898
2023,13984,苏州大学应用技术学院,202,23,23,488,159134
2023,13986,江苏大学京江学院,202,68,68,487,161609
2023,13986,江苏大学京江学院,203,3,3,493,152640
2023,13987,省扬州大学广陵学院,203,2,2,489,158361
2023,13987,扬州大学广陵学院,204,44,44,490,157470
2023,13988,江苏师范大学科文学院,203,2,2,490,157112
2023,13988,东江苏师范大学科文学院,204,27,27,488,159205
2023,13989,南京邮电大学通达学院,202,69,69,489,158233
2023,13989,南京邮电大学通达学院,203,6,6,488,159920
2023,13990,广南京财经大学红山学院,202,16,16,485,163734
2023,13991,江苏科技大学苏州理工学院,202,20,20,490,157326
2023,13991,江苏科技大学苏州理工学院,203,3,3,488,159249
2023,13992,常州大学怀德学院,202,24,24,486,163100
2023,13992,常州大学怀德学院,203,10,10,484,165268
2023,13993,南通大学杏林学院,201,19,19,486,162531
2023,13993,南通大学杏林学院,202,25,25,483,166821
2023,13995,青岛工学院,203,2,2,480,172548
2023,13995,青岛工学院,204,21,21,479,174169
2023,13998,齐鲁理工学院,204,10,10,478,174665
2023,14030,西安信息职业大学,202,4,4,479,172666
2023,14037,西南财经大学天府学院,202,4,4,492,154262
2023,14038,天津仁爱学院,203,61,61,475,179462
2023,14039,四川大学锦江学院,202,7,7,490,156732
2023,14042,西安科技大学高新学院,202,4,4,486,163210
2023,14046,福建农林大学金山学院(中外合作办学),204,2,2,478,174828
2023,14087,天津财经大学珠江学院,202,13,13,485,164812
2023,14098,试合肥师范学院,201,10,10,498,144987
2023,14099,湖北第二师范学院,202,3,3,519,114852
2023,14099,考湖北第二师范学院(中外合作办学),204,4,4,502,138703
2023,14101,太原工业学院,201,21,21,493,152092
2023,14101,太原工业学院,202,9,9,492,153145
2023,14160,育宿迁学院,202,27,27,494,151397
2023,14160,宿迁学院,203,8,8,492,153559
2023,14172,海南科技职业大学,202,8,8,475,179387
2023,14202,教沧州交通学院,203,3,3,484,165585
2023,14202,沧州交通学院,204,22,22,484,165166
2023,14203,省皖江工学院,201,5,5,483,167265
2023,14207,上海财经大学浙江学院,202,12,12,487,160616
2023,14225,河北东方学院,202,5,5,483,166654
2023,14225,河北东方学院,205,3,3,484,166088
2023,14226,运城职业技术大学,202,5,5,482,169461
2023,14278,广东第二师范学院,202,80,80,532,97377
2023,14278,广东第二师范学院,203,50,50,527,103699
2023,14278,广东第二师范学院,204,80,80,493,152850
2023,14278,广东第二师范学院,205,159,159,512,124985
2023,14278,省广东第二师范学院,206,57,57,551,73651
2023,14278,广东第二师范学院,207,60,60,524,107982
2023,14278,广东第二师范学院,208,25,25,541,86065
2023,14278,东广东第二师范学院,209,72,72,518,115880
2023,14278,广东第二师范学院,210,15,15,533,95968
2023,14278,广东第二师范学院,211,199,199,507,132308
2023,14278,广广东第二师范学院,212,74,74,550,75138
2023,14278,广东第二师范学院,213,115,115,532,96673
2023,14278,广东第二师范学院,214,180,180,533,95264
2023,14278,广东第二师范学院,215,198,198,530,99742
2023,14278,广东第二师范学院,216,80,80,544,81438
2023,14278,广东第二师范学院,217,90,90,518,115876
2023,14278,广东第二师范学院,218,100,100,546,79786
2023,14278,广东第二师范学院(学分互认),240,28,28,487,161257
2023,14278,广东第二师范学院(协同培养),243,15,15,505,134812
2023,14389,成都师范学院,204,12,12,526,104947
2023,14410,四川电影电视学院,202,5,5,478,175482
2023,14432,河北中医药大学,202,4,4,576,47198
2023,14432,河北中医药大学,203,7,7,529,101138
2023,14432,河北中医药大学,204,2,2,531,98306
2023,14434,山西传媒学院,202,4,4,515,120191
2023,14437,南昌师范学院,203,8,8,496,147105
2023,14440,贵州理工学院,201,4,4,510,127895
2023,14440,试贵州理工学院(联合培养),202,4,4,508,130744
2023,14527,山西工程技术学院,201,28,28,495,149637
2023,14527,考山西工程技术学院,202,2,2,498,145504
2023,14596,中国社会科学院大学,204,4,4,629,10650
2023,14623,滇西应用技术大学,203,10,10,495,148834
2023,14623,育滇西应用技术大学,204,1,1,503,137987
2023,14625,茅台学院,201,10,10,494,151316
2023,14654,郑州西亚斯学院(中外合作办学),204,29,29,470,187955
2023,14655,教深圳技术大学,201,260,260,568,55210
2023,14655,深圳技术大学,202,199,199,566,56624
2023,14655,省深圳技术大学,203,421,421,571,51308
2023,14655,深圳技术大学,204,234,234,564,58741
2023,14655,深圳技术大学,205,1663,1663,575,47496
2023,16202,河北石油职业技术大学,202,34,34,494,150924
2023,16203,河北科技工程职业技术大学,202,24,24,496,148463
2023,16205,广西农业职业技术大学,203,13,13,494,151535
2023,16206,贵阳康养职业大学,203,2,2,501,140426
2023,16206,贵阳康养职业大学,204,4,4,495,149866
2023,16208,兰州资源环境职业技术大学,201,5,5,492,153075
2023,16209,省兰州石化职业技术大学,201,5,5,493,152853
2023,16301,宁波诺丁汉大学,208,12,12,593,32235
2023,16301,宁波诺丁汉大学,209,22,22,594,31251
2023,16302,东西交利物浦大学,204,16,16,600,26515
2023,16401,北京师范大学-香港浸会大学联合国际学院,202,72,72,581,42591
2023,16405,温州肯恩大学,204,25,25,543,82690
2023,16409,广深圳北理莫斯科大学,201,11,11,542,84342
2023,16409,深圳北理莫斯科大学,202,3,1,568,54667
2023,16410,广东以色列理工学院,201,203,203,543,82571
2023,16410,广东以色列理工学院,202,50,50,542,84979
2023,16410,广东以色列理工学院,203,20,15,539,88787
2023,18213,哈尔滨工业大学(深圳),202,333,333,659,2326
2023,19001,北京大学医学部,203,2,2,684,268
2023,19001,北京大学医学部,205,25,26,685,253
2023,19002,中国人民大学(苏州校区)(中外合作办学),204,6,6,644,5600
2023,19004,北京交通大学(威海校区)(中外合作办学),205,3,3,585,38872
2023,19013,北京邮电大学(宏福校区)(中外合作办学),202,30,30,619,15298
2023,19013,北京邮电大学(宏福校区)(中外合作办学),203,11,11,615,17510
2023,19027,北京师范大学(珠海校区),202,160,160,630,10125
2023,19027,北京师范大学(珠海校区),203,82,82,627,11453
2023,19141,大连理工大学(盘锦校区),202,6,6,613,18514
2023,19141,大连理工大学(盘锦校区)(中外合作办学),203,6,6,607,22362
2023,19141,大连理工大学(盘锦校区)(中外合作办学),204,4,4,603,24792
2023,19145,试东北大学秦皇岛分校,204,63,63,606,22935
2023,19145,东北大学秦皇岛分校(中外合作办学),205,15,15,606,22533
2023,19213,考哈尔滨工业大学(威海),201,8,8,644,5576
2023,19213,哈尔滨工业大学(威海)(中外合作办学),202,5,5,615,17612
2023,19213,哈尔滨工业大学(威海),203,9,9,625,12500
2023,19246,育复旦大学医学院,201,5,5,686,210
2023,19246,复旦大学医学院,202,21,21,664,1617
2023,19248,上海交通大学医学院,202,3,3,686,213
2023,19248,教上海交通大学医学院(联合培养),203,12,12,671,931
2023,19335,浙江大学医学院,201,23,23,659,2354
2023,19359,省合肥工业大学(宣城校区),203,49,49,601,26101
2023,19414,中国石油大学(北京)克拉玛依校区,201,34,34,562,60986
2023,19422,山东大学威海分校,203,52,52,613,18275
2023,19422,山东大学威海分校(中外合作办学),206,2,2,614,18103
2023,19614,电子科技大学(沙河校区),201,40,40,643,5707
2023,19614,电子科技大学(沙河校区)(中外合作办学),203,10,10,621,14462
2023,19635,西南大学(荣昌校区),202,12,12,589,35666
2023,19635,西南大学(荣昌校区),203,19,19,577,46291
2023,19635,西南大学(荣昌校区),204,6,6,571,51555
2023,51721,省河北环境工程学院,203,5,5,496,147683
2023,51721,河北环境工程学院,204,12,12,492,153331
2023,51721,河北环境工程学院,205,3,3,492,153615
2023,80001,东汕头大学医学院,211,159,159,606,22783
2023,80001,汕头大学医学院,212,177,177,594,31063
2023,80001,汕头大学医学院,213,105,105,535,93852
2023,80001,广汕头大学医学院,214,81,81,556,67206
2023,80002,华南师范大学(汕尾校区),203,130,130,586,38080
2023,80002,华南师范大学(汕尾校区),204,385,385,585,38747
2023,80003,广东工业大学(揭阳校区),252,796,796,566,56790
2023,80004,广东技术师范大学(河源校区),201,158,158,518,116168
2023,81012,香港珠海学院,202,9,9,526,105138
2023,91004,陆军工程大学,201,5,5,584,39714
2023,91012,陆军军医大学,002,5,5,638,7276
2023,91012,陆军军医大学,003,6,6,618,15724
2023,91012,陆军军医大学,005,3,3,588,36140
2024,10001,北京大学,203,24,28,689,85
2024,10002,中国人民大学,202,28,28,663,1215
2024,10002,中国人民大学,203,21,21,667,831
2024,10003,清华大学,202,10,10,692,53
2024,10003,清华大学,203,49,51,688,97
2024,10004,北京交通大学,202,15,15,594,25890
2024,10004,北京交通大学,204,74,74,615,13369
2024,10004,北京交通大学(中外合作办学),205,5,5,606,18214
2024,10004,试北京交通大学(中外合作办学),206,2,2,606,18307
2024,10004,北京交通大学,207,7,7,627,8570
2024,10005,北京工业大学,201,4,4,610,16132
2024,10005,考北京工业大学,202,5,5,600,21717
2024,10005,北京工业大学,203,3,3,617,12677
2024,10005,北京工业大学,204,4,4,613,14430
2024,10006,育北京航空航天大学,202,108,108,657,1822
2024,10006,北京航空航天大学(中外合作办学),206,7,7,641,4528
2024,10007,北京理工大学(中外合作办学),202,2,2,611,15502
2024,10007,教北京理工大学,203,57,59,656,1983
2024,10007,北京理工大学(珠海校区),204,10,10,665,1031
2024,10008,省北京科技大学,204,4,4,614,13928
2024,10008,北京科技大学,205,19,19,613,14438
2024,10008,北京科技大学,206,44,44,612,14724
2024,10010,北京化工大学,203,51,51,601,21313
2024,10010,北京化工大学(中外合作办学),204,8,8,589,29569
2024,10011,北京工商大学,201,10,10,568,49203
2024,10011,教北京工商大学,202,15,15,550,70559
2024,10012,北京服装学院,202,1,1,538,87266
2024,10012,北京服装学院,203,9,9,529,100249
2024,10013,省北京邮电大学,201,8,8,651,2681
2024,10013,北京邮电大学,202,108,108,628,8242
2024,10015,北京印刷学院,202,2,2,543,79037
2024,10015,东北京印刷学院,203,3,3,540,83275
2024,10016,北京建筑大学,201,2,2,558,60428
2024,10016,北京建筑大学,202,2,2,569,47773
2024,10016,广北京建筑大学,203,4,4,567,49883
2024,10017,北京石油化工学院,201,2,2,514,123780
2024,10017,北京石油化工学院,202,4,4,550,70044
2024,10017,北京石油化工学院,203,3,3,544,78746
2024,10019,中国农业大学,202,7,7,610,16237
2024,10019,中国农业大学(中外合作办学),203,7,7,593,27048
2024,10019,中国农业大学,204,69,69,610,15801
2024,10022,北京林业大学,207,17,17,580,37424
2024,10022,北京林业大学,211,5,5,590,29366
2024,10022,北京林业大学,212,12,12,578,39221
2024,10022,北京林业大学,215,27,27,594,26094
2024,10022,北京林业大学(中外合作办学),216,5,5,573,44688
2024,10022,北京林业大学,217,2,2,581,36675
2024,10022,北京林业大学,219,8,8,592,27772
2024,10026,北京中医药大学,203,2,2,583,34968
2024,10026,北京中医药大学,204,28,29,592,27086
2024,10027,北京师范大学,204,8,8,637,5671
2024,10027,北京师范大学,206,27,27,642,4352
2024,10028,首都师范大学,203,10,10,594,25639
2024,10029,首都体育学院,202,5,5,539,84624
2024,10030,北京外国语大学,204,6,6,619,11520
2024,10030,北京外国语大学,205,11,11,605,18756
2024,10030,北京外国语大学,206,2,2,612,14729
2024,10030,北京外国语大学,207,2,2,615,13205
2024,10031,试北京第二外国语学院,204,1,1,579,37918
2024,10031,北京第二外国语学院,205,9,9,551,68743
2024,10032,北京语言大学,203,16,16,560,58696
2024,10032,考北京语言大学,204,4,4,530,99398
2024,10032,北京语言大学,205,15,15,576,41271
2024,10032,北京语言大学,206,3,3,568,49380
2024,10033,育中国传媒大学,204,15,15,595,25017
2024,10033,中国传媒大学(中外合作办学),205,5,5,596,24675
2024,10033,中国传媒大学,206,31,31,604,19473
2024,10033,教中国传媒大学(中外合作办学),207,12,12,580,37261
2024,10033,中国传媒大学,208,3,3,610,15867
2024,10034,省中央财经大学,202,63,63,614,13853
2024,10034,中央财经大学(中外合作办学),203,15,15,601,21505
2024,10036,对外经济贸易大学,203,35,35,611,15363
2024,10037,北京物资学院,202,2,2,546,76243
2024,10037,北京物资学院,203,3,3,546,75028
2024,10041,中国人民公安大学,201,3,3,608,17162
2024,10043,教北京体育大学,204,2,2,588,30768
2024,10043,北京体育大学,205,3,3,587,31463
2024,10043,北京体育大学(中外合作办学),206,2,2,547,74647
2024,10043,省北京体育大学(中外合作办学),207,2,2,533,94685
2024,10043,北京体育大学,208,1,1,585,32762
2024,10043,北京体育大学,209,2,2,588,30620
2024,10046,东中国音乐学院,202,1,1,586,32552
2024,10047,中央美术学院,203,2,2,577,40208
2024,10047,中央美术学院(中外合作办学),204,4,4,577,39804
2024,10047,广中央美术学院,205,3,3,607,17794
2024,10050,北京电影学院,202,2,2,590,29195
2024,10050,北京电影学院,203,2,2,601,21271
2024,10050,北京电影学院,209,2,2,592,27700
2024,10050,北京电影学院,210,3,3,595,25117
2024,10050,北京电影学院,211,3,3,593,26790
2024,10052,中央民族大学,205,20,20,600,21985
2024,10052,中央民族大学,206,38,38,601,21410
2024,10053,中国政法大学,205,3,3,613,14448
2024,10053,中国政法大学,206,2,2,611,15372
2024,10054,华北电力大学(北京),203,14,14,590,29146
2024,10054,华北电力大学(北京),204,82,82,601,21168
2024,10055,南开大学,202,10,10,642,4387
2024,10055,南开大学,203,61,61,641,4434
2024,10056,天津大学,203,38,38,632,6799
2024,10056,天津大学,204,35,35,628,8065
2024,10057,天津科技大学,203,3,3,546,75328
2024,10057,天津科技大学(中外合作办学),204,3,3,537,88316
2024,10057,天津科技大学,205,43,43,532,96192
2024,10057,天津科技大学(中外合作办学),206,3,3,549,71700
2024,10058,天津工业大学,202,4,4,555,64137
2024,10058,天津工业大学,203,2,2,576,40754
2024,10058,天津工业大学,204,38,38,561,56721
2024,10058,天津工业大学,205,12,12,556,63244
2024,10058,试天津工业大学,206,4,4,560,58401
2024,10058,天津工业大学,207,2,2,595,25421
2024,10058,天津工业大学(中外合作办学),208,6,6,572,45570
2024,10059,考中国民航大学,205,21,21,550,71000
2024,10059,中国民航大学,208,167,167,552,67555
2024,10060,天津理工大学,201,16,16,535,91606
2024,10060,育天津理工大学(中外合作办学),202,8,8,537,88248
2024,10060,天津理工大学,203,71,71,544,77934
2024,10060,天津理工大学(中外合作办学),204,10,10,554,64963
2024,10061,教天津农学院,201,4,4,507,136054
2024,10061,天津农学院,202,5,5,505,139118
2024,10061,省天津农学院,203,26,26,496,155405
2024,10061,天津农学院,204,1,1,521,112071
2024,10063,天津中医药大学,203,1,1,545,76584
2024,10063,天津中医药大学,205,13,13,569,48302
2024,10063,天津中医药大学,206,5,5,556,63130
2024,10063,天津中医药大学,208,3,3,541,82520
2024,10065,教天津师范大学,205,14,14,532,95089
2024,10065,天津师范大学,207,1,1,566,51678
2024,10065,天津师范大学,208,9,9,538,87041
2024,10065,省天津师范大学,209,4,4,561,57076
2024,10065,天津师范大学,210,2,2,569,48434
2024,10065,天津师范大学,211,10,10,552,67717
2024,10065,东天津师范大学,213,7,7,563,54804
2024,10065,天津师范大学,215,3,3,549,72038
2024,10065,天津师范大学,216,2,2,559,59650
2024,10066,广天津职业技术师范大学,201,2,2,521,112022
2024,10066,天津职业技术师范大学,202,4,4,506,137525
2024,10066,天津职业技术师范大学,203,31,31,510,130128
2024,10068,天津外国语大学,207,11,11,536,89111
2024,10068,天津外国语大学,208,3,3,533,94533
2024,10068,天津外国语大学,211,1,1,567,50750
2024,10068,天津外国语大学,212,1,1,546,76001
2024,10069,天津商业大学,204,27,27,516,120495
2024,10069,天津商业大学,206,28,28,520,114451
2024,10070,天津财经大学,203,13,13,550,70755
2024,10070,天津财经大学,205,7,7,555,64189
2024,10070,天津财经大学,207,14,14,547,74953
2024,10071,天津体育学院,202,4,4,502,144666
2024,10076,河北工程大学,201,3,3,522,111719
2024,10076,河北工程大学,202,13,13,530,98638
2024,10076,河北工程大学,203,2,2,549,72239
2024,10076,河北工程大学,204,2,2,541,82282
2024,10076,河北工程大学,206,2,2,526,104689
2024,10077,河北地质大学,202,9,9,513,126282
2024,10077,河北地质大学,203,18,18,514,124006
2024,10078,华北水利水电大学,201,27,27,546,75758
2024,10078,华北水利水电大学(中外合作办学),202,2,2,525,106059
2024,10079,华北电力大学(保定),203,15,15,584,34305
2024,10079,华北电力大学(保定),204,97,97,597,24010
2024,10080,试河北工业大学,201,17,17,600,21636
2024,10080,河北工业大学,202,6,6,591,28637
2024,10080,河北工业大学,203,2,2,597,23607
2024,10080,考河北工业大学,204,3,3,604,19217
2024,10080,河北工业大学(联合培养),205,6,6,580,37396
2024,10080,河北工业大学(联合培养),206,2,2,589,30124
2024,10081,育华北理工大学(中外合作办学),204,2,2,479,185964
2024,10081,华北理工大学,205,2,2,508,133212
2024,10081,华北理工大学,206,8,8,524,108215
2024,10081,教华北理工大学,207,8,8,526,105246
2024,10081,华北理工大学,208,4,4,526,104290
2024,10081,省华北理工大学,211,2,2,560,57907
2024,10089,河北医科大学,202,6,6,532,96093
2024,10089,河北医科大学,203,12,12,534,92155
2024,10092,河北北方学院,201,10,10,507,135935
2024,10093,承德医学院,201,3,3,553,66501
2024,10094,河北师范大学,203,2,2,550,70971
2024,10094,教河北师范大学,204,4,4,558,60199
2024,10094,河北师范大学,205,2,2,548,73336
2024,10101,衡水学院,202,4,4,494,158029
2024,10101,省衡水学院,203,12,12,492,162181
2024,10101,衡水学院(中外合作办学),204,2,2,489,168047
2024,10103,邯郸学院,201,7,7,490,165802
2024,10103,东邯郸学院,202,6,6,493,159677
2024,10104,邢台学院,202,2,2,500,148327
2024,10105,沧州师范学院,203,13,13,492,161651
2024,10107,广石家庄铁道大学,202,1,1,532,95760
2024,10107,石家庄铁道大学,203,6,6,532,96285
2024,10107,石家庄铁道大学,204,2,2,563,55074
2024,10108,山西大学,202,12,12,545,76569
2024,10108,山西大学,203,11,11,569,48524
2024,10109,太原科技大学,201,12,12,525,106507
2024,10110,中北大学,203,5,5,534,92215
2024,10110,中北大学,204,9,9,525,106082
2024,10110,中北大学,206,40,40,528,102046
2024,10110,中北大学,207,6,6,530,99268
2024,10112,太原理工大学,201,84,84,584,33690
2024,10113,山西农业大学,203,7,7,510,130495
2024,10113,山西农业大学,204,4,4,504,141615
2024,10113,山西农业大学,205,7,7,506,136719
2024,10114,山西医科大学,201,8,8,521,112651
2024,10114,山西医科大学,202,12,12,534,92402
2024,10117,长治医学院,201,9,9,513,125833
2024,10117,长治医学院,202,1,1,526,104646
2024,10118,山西师范大学,202,1,1,537,88645
2024,10118,山西师范大学,203,6,6,516,121480
2024,10118,山西师范大学,204,8,8,507,136137
2024,10120,山西大同大学,202,10,10,538,86678
2024,10124,忻州师范学院,201,1,1,496,154600
2024,10124,忻州师范学院,202,4,4,496,154917
2024,10124,试忻州师范学院,203,2,2,492,161664
2024,10125,山西财经大学,202,13,13,519,115172
2024,10125,山西财经大学,203,5,5,537,87651
2024,10126,考内蒙古大学,205,5,5,540,84001
2024,10126,内蒙古大学,206,5,5,551,69892
2024,10126,内蒙古大学,207,12,12,567,49972
2024,10126,育内蒙古大学,208,16,16,543,79896
2024,10126,内蒙古大学,209,3,3,579,38197
2024,10126,内蒙古大学,210,6,6,569,47788
2024,10126,教内蒙古大学,211,6,6,544,78298
2024,10126,内蒙古大学,212,12,12,543,80025
2024,10127,省内蒙古科技大学,203,5,5,494,158088
2024,10127,内蒙古科技大学,204,38,38,493,161050
2024,10127,内蒙古科技大学,205,1,1,502,144905
2024,10128,内蒙古工业大学,202,6,6,495,157037
2024,10128,内蒙古工业大学,203,19,19,500,148312
2024,10128,内蒙古工业大学,205,4,4,531,97212
2024,10128,教内蒙古工业大学,206,4,4,527,102729
2024,10129,内蒙古农业大学,202,4,4,497,153238
2024,10129,内蒙古农业大学,203,8,8,490,165051
2024,10129,省内蒙古农业大学,204,11,11,492,161825
2024,10132,内蒙古医科大学,201,13,13,493,160262
2024,10132,内蒙古医科大学,202,2,2,545,77349
2024,10135,东内蒙古师范大学,202,13,13,489,167609
2024,10135,内蒙古师范大学,203,4,4,519,115180
2024,10136,内蒙古民族大学,202,1,1,495,157180
2024,10136,广内蒙古民族大学,203,10,10,489,167127
2024,10136,内蒙古民族大学,204,12,12,489,167074
2024,10136,内蒙古民族大学,205,1,1,496,155002
2024,10140,辽宁大学,211,8,8,564,53749
2024,10140,辽宁大学,212,5,5,575,42045
2024,10140,辽宁大学(中外合作办学),213,3,3,565,52364
2024,10140,辽宁大学(中外合作办学),214,3,3,544,78148
2024,10140,辽宁大学(中外合作办学),215,4,4,545,77221
2024,10140,辽宁大学(联合培养),217,1,1,583,34852
2024,10141,大连理工大学,202,33,33,630,7482
2024,10142,沈阳工业大学,202,22,22,516,120183
2024,10142,沈阳工业大学,203,38,38,530,98781
2024,10142,沈阳工业大学,204,4,4,530,98117
2024,10142,沈阳工业大学,205,2,2,535,90647
2024,10143,沈阳航空航天大学,201,7,7,543,79727
2024,10144,沈阳理工大学,201,20,20,536,89968
2024,10144,沈阳理工大学,202,1,1,530,98541
2024,10144,沈阳理工大学,203,1,1,522,110721
2024,10144,沈阳理工大学,204,1,1,551,68930
2024,10145,东北大学,201,10,10,603,20204
2024,10145,东北大学,202,2,2,603,20061
2024,10145,东北大学,203,64,64,614,13747
2024,10145,东北大学,204,6,6,610,15756
2024,10145,东北大学,205,5,5,624,9454
2024,10145,试东北大学,206,6,6,609,16599
2024,10145,东北大学,207,15,15,617,12246
2024,10145,东北大学(中外合作办学),208,17,17,592,27591
2024,10145,考东北大学(中外合作办学),209,18,18,595,25600
2024,10146,辽宁科技大学,201,12,12,512,127217
2024,10146,辽宁科技大学(中外合作办学),202,4,4,490,164774
2024,10147,育辽宁工程技术大学,202,9,9,532,95162
2024,10147,辽宁工程技术大学,203,3,3,512,127533
2024,10147,辽宁工程技术大学,204,4,4,537,87899
2024,10148,教辽宁石油化工大学,201,10,10,525,106600
2024,10148,辽宁石油化工大学(中外合作办学),202,5,5,515,122096
2024,10149,省沈阳化工大学,201,1,1,523,109496
2024,10149,沈阳化工大学,202,6,6,529,100247
2024,10149,沈阳化工大学,203,12,12,515,122625
2024,10150,大连交通大学(中外合作办学),202,2,2,529,100646
2024,10150,大连交通大学,203,3,3,522,110376
2024,10150,大连交通大学,205,2,2,539,84831
2024,10150,教大连交通大学(中外合作办学),206,7,7,526,105531
2024,10151,大连海事大学,203,19,19,576,41344
2024,10151,大连海事大学(中外合作办学),204,2,2,596,24806
2024,10151,省大连海事大学,205,69,69,581,36665
2024,10151,大连海事大学(中外合作办学),206,14,14,571,45862
2024,10152,大连工业大学,204,3,3,521,113122
2024,10152,东大连工业大学,205,5,5,537,88817
2024,10152,大连工业大学,206,1,1,517,118480
2024,10152,大连工业大学,207,4,4,521,113223
2024,10152,广大连工业大学,208,3,3,520,114410
2024,10152,大连工业大学,210,1,1,527,102733
2024,10152,大连工业大学,211,2,2,530,99274
2024,10152,大连工业大学,212,2,2,526,104556
2024,10152,大连工业大学(学术互认),213,2,2,539,84674
2024,10152,大连工业大学(中外合作办学),214,3,3,530,98741
2024,10153,沈阳建筑大学,201,2,2,544,78516
2024,10153,沈阳建筑大学,202,7,7,508,134641
2024,10153,沈阳建筑大学,204,17,17,506,138155
2024,10153,沈阳建筑大学(中外合作办学),205,6,6,519,116156
2024,10158,大连海洋大学,202,16,16,506,138145
2024,10158,大连海洋大学,203,9,9,503,142884
2024,10159,中国医科大学,201,19,19,574,42810
2024,10159,中国医科大学(中外合作办学),202,6,6,549,72258
2024,10160,锦州医科大学,201,11,11,545,76869
2024,10160,锦州医科大学,202,8,8,508,133544
2024,10160,锦州医科大学(中外合作办学),203,5,5,490,165727
2024,10161,大连医科大学,201,2,2,572,45358
2024,10161,大连医科大学,202,3,3,601,20970
2024,10161,大连医科大学,203,12,12,585,33204
2024,10162,辽宁中医药大学,201,26,26,507,134930
2024,10163,沈阳药科大学,202,3,3,536,89842
2024,10163,沈阳药科大学,203,31,31,521,113319
2024,10164,沈阳医学院,201,4,4,550,70968
2024,10165,试辽宁师范大学(中外合作办学),202,3,3,520,113861
2024,10167,渤海大学,203,1,1,491,164379
2024,10167,渤海大学,204,1,1,529,99846
2024,10169,考鞍山师范学院,202,1,1,498,152189
2024,10172,大连外国语大学,203,1,1,546,76067
2024,10172,大连外国语大学,204,12,12,532,96431
2024,10172,育大连外国语大学,205,2,2,544,78481
2024,10173,东北财经大学,209,23,23,555,64113
2024,10173,东北财经大学(中外合作办学),210,2,2,538,85969
2024,10173,教东北财经大学(中外合作办学),211,4,4,552,68214
2024,10173,东北财经大学(中外合作办学),212,3,3,574,43132
2024,10173,省东北财经大学(中外合作办学),213,3,3,556,63481
2024,10173,东北财经大学(中外合作办学),214,2,2,537,88730
2024,10173,东北财经大学(中外合作办学),215,3,3,555,63945
2024,10183,吉林大学,206,7,7,619,11407
2024,10183,吉林大学,207,28,28,603,19791
2024,10183,吉林大学,209,32,32,605,18795
2024,10183,教吉林大学,210,15,15,618,12157
2024,10183,吉林大学,211,28,28,617,12262
2024,10183,吉林大学(联合培养),212,5,5,610,15953
2024,10183,省吉林大学,213,10,10,623,10077
2024,10183,吉林大学,215,18,18,618,12002
2024,10183,吉林大学,216,3,3,609,16282
2024,10184,东延边大学,202,19,19,562,55335
2024,10184,延边大学,203,4,4,571,46601
2024,10186,长春理工大学,204,4,4,523,110109
2024,10186,广长春理工大学,205,16,16,516,121426
2024,10186,长春理工大学,206,7,7,529,100052
2024,10186,长春理工大学,207,117,117,547,74069
2024,10186,长春理工大学,208,8,8,560,58745
2024,10186,长春理工大学,209,16,16,524,108596
2024,10186,长春理工大学,210,18,18,532,95043
2024,10186,长春理工大学(中外合作办学),211,13,13,554,65497
2024,10186,长春理工大学(中外合作办学),212,4,4,527,102842
2024,10186,长春理工大学,214,2,2,535,91188
2024,10188,东北电力大学,202,3,3,548,73475
2024,10188,东北电力大学(中外合作办学),205,3,3,574,43530
2024,10190,长春工业大学,201,7,7,513,126281
2024,10190,长春工业大学(中外合作办学),202,5,5,504,141214
2024,10190,长春工业大学,203,3,3,540,83274
2024,10190,长春工业大学,204,19,19,509,132187
2024,10190,长春工业大学,205,1,1,525,105851
2024,10190,长春工业大学,206,5,5,537,88183
2024,10190,长春工业大学(中外合作办学),207,5,5,521,112293
2024,10191,吉林建筑大学,201,8,8,500,147353
2024,10191,吉林建筑大学(中外合作办学),202,3,3,506,138127
2024,10191,吉林建筑大学,203,17,17,497,153047
2024,10191,吉林建筑大学(中外合作办学),204,2,2,508,134481
2024,10193,吉林农业大学,201,2,2,509,131999
2024,10193,吉林农业大学,202,6,6,505,139885
2024,10193,试吉林农业大学,203,3,3,510,131285
2024,10199,长春中医药大学,201,1,1,534,92484
2024,10199,长春中医药大学,202,32,32,521,112724
2024,10200,考东北师范大学,204,13,13,588,30487
2024,10200,东北师范大学,205,3,3,596,24576
2024,10201,北华大学,203,2,2,497,153925
2024,10201,育北华大学,204,2,2,512,127893
2024,10201,北华大学,205,18,18,509,131759
2024,10201,北华大学,206,14,14,501,145694
2024,10203,教吉林师范大学,203,11,11,514,124702
2024,10205,长春师范大学,203,2,2,525,106831
2024,10205,省长春师范大学,204,6,6,516,120397
2024,10206,白城师范学院,201,5,5,495,157066
2024,10207,吉林财经大学,206,10,10,527,103949
2024,10207,吉林财经大学,208,7,7,525,106261
2024,10212,黑龙江大学,202,8,8,521,113074
2024,10212,黑龙江大学,204,40,40,507,134831
2024,10212,教黑龙江大学,205,2,2,552,67910
2024,10213,哈尔滨工业大学(中外合作办学),201,3,3,626,8917
2024,10213,哈尔滨工业大学(中外合作办学),202,5,5,605,18515
2024,10213,省哈尔滨工业大学,203,29,29,664,1117
2024,10213,哈尔滨工业大学(中外合作办学),204,2,2,626,8878
2024,10213,哈尔滨工业大学(中外合作办学),206,3,3,624,9654
2024,10213,东哈尔滨工业大学(中外合作办学),207,3,3,617,12663
2024,10214,哈尔滨理工大学,203,23,23,527,103368
2024,10214,哈尔滨理工大学,204,10,10,511,128484
2024,10214,广哈尔滨理工大学,205,36,36,538,86937
2024,10214,哈尔滨理工大学,206,42,42,527,103221
2024,10214,哈尔滨理工大学,207,24,24,554,65611
2024,10214,哈尔滨理工大学,208,64,64,538,86242
2024,10214,哈尔滨理工大学,209,72,72,539,85661
2024,10214,哈尔滨理工大学,210,20,20,525,106490
2024,10214,哈尔滨理工大学,211,8,8,532,95622
2024,10214,哈尔滨理工大学,212,8,8,555,64060
2024,10216,燕山大学,204,38,38,554,66021
2024,10217,哈尔滨工程大学,203,46,46,609,16311
2024,10217,哈尔滨工程大学(中外合作办学),205,12,12,577,40385
2024,10217,哈尔滨工程大学(中外合作办学),206,8,8,601,21246
2024,10219,黑龙江科技大学,204,9,9,504,141117
2024,10219,黑龙江科技大学,205,58,58,511,128297
2024,10220,东北石油大学,203,2,2,521,113274
2024,10220,东北石油大学,204,11,11,529,100944
2024,10220,东北石油大学,205,7,7,526,105369
2024,10222,佳木斯大学,203,10,10,493,160965
2024,10222,佳木斯大学,204,33,33,491,163414
2024,10222,佳木斯大学,205,27,27,492,161776
2024,10222,佳木斯大学,206,5,5,504,140333
2024,10224,东北农业大学,204,8,8,557,61275
2024,10224,东北农业大学,205,3,3,558,60589
2024,10224,东北农业大学,206,37,37,563,55214
2024,10224,试东北农业大学,207,36,36,552,68339
2024,10224,东北农业大学,208,4,4,563,54228
2024,10224,东北农业大学(中外合作办学),209,2,2,545,77490
2024,10224,考东北农业大学(中外合作办学),210,2,2,555,63641
2024,10224,东北农业大学(中外合作办学),211,2,2,548,72919
2024,10224,东北农业大学(中外合作办学),212,2,2,544,78361
2024,10225,育东北林业大学,202,6,6,562,56098
2024,10225,东北林业大学,203,21,21,567,50657
2024,10225,东北林业大学(中外合作办学),205,2,2,554,65996
2024,10225,教东北林业大学(中外合作办学),206,2,2,559,59679
2024,10225,东北林业大学(中外合作办学),207,2,2,574,43552
2024,10226,省哈尔滨医科大学,201,4,4,542,81101
2024,10226,哈尔滨医科大学,202,28,28,553,66992
2024,10226,哈尔滨医科大学,203,1,1,590,28970
2024,10228,黑龙江中医药大学,202,26,26,509,131743
2024,10228,黑龙江中医药大学,203,27,27,556,62558
2024,10229,牡丹江医科大学,202,7,7,538,87095
2024,10231,教哈尔滨师范大学,204,3,3,532,95958
2024,10231,哈尔滨师范大学,205,5,5,515,122484
2024,10231,哈尔滨师范大学,206,5,5,545,76808
2024,10231,省哈尔滨师范大学,207,26,26,507,135733
2024,10232,齐齐哈尔大学,204,3,3,496,154227
2024,10232,齐齐哈尔大学,205,3,3,498,151583
2024,10232,东齐齐哈尔大学,206,38,38,497,153601
2024,10232,齐齐哈尔大学,207,45,45,490,166412
2024,10233,牡丹江师范学院,203,2,2,493,161003
2024,10233,广牡丹江师范学院,204,20,20,491,163979
2024,10233,牡丹江师范学院,205,2,2,494,158407
2024,10234,哈尔滨学院,204,12,12,493,159252
2024,10240,哈尔滨商业大学,203,6,6,504,141605
2024,10240,哈尔滨商业大学,204,62,62,498,151126
2024,10240,哈尔滨商业大学,205,54,54,496,154294
2024,10242,哈尔滨体育学院,203,20,20,490,165386
2024,10245,哈尔滨金融学院,202,9,9,497,153693
2024,10246,复旦大学,204,4,4,687,111
2024,10246,复旦大学,205,34,34,677,316
2024,10247,同济大学,202,59,59,650,2722
2024,10247,同济大学,203,9,9,643,4165
2024,10247,同济大学(中外合作办学),204,7,7,642,4348
2024,10247,同济大学,207,22,22,643,4094
2024,10248,上海交通大学,202,4,4,687,104
2024,10248,上海交通大学,203,93,93,674,478
2024,10248,上海交通大学(中外合作办学),204,50,50,668,796
2024,10251,华东理工大学,202,4,4,605,18546
2024,10251,华东理工大学,203,38,38,609,16440
2024,10252,上海理工大学,203,21,21,588,30169
2024,10252,上海理工大学(中外合作办学),204,10,10,577,39975
2024,10254,上海海事大学,202,8,8,575,41797
2024,10254,上海海事大学,203,93,93,553,67150
2024,10255,东华大学,204,33,33,595,25293
2024,10256,试上海电力大学,201,8,8,602,20292
2024,10256,上海电力大学(中外合作办学),202,2,2,603,19713
2024,10259,上海应用技术大学,201,17,17,559,59546
2024,10259,考上海应用技术大学,203,5,5,563,54837
2024,10259,上海应用技术大学,204,2,2,558,60820
2024,10262,上海健康医学院,201,20,20,518,116846
2024,10262,育上海健康医学院,202,10,10,520,114893
2024,10264,上海海洋大学(中外合作办学),203,15,15,554,64970
2024,10264,上海海洋大学,204,24,24,568,48970
2024,10264,教上海海洋大学,205,11,11,564,53448
2024,10269,华东师范大学,204,2,2,633,6502
2024,10269,省华东师范大学,205,34,34,630,7430
2024,10270,上海师范大学(中外合作办学),202,3,3,547,74433
2024,10271,上海外国语大学(中外合作办学),205,2,2,600,21572
2024,10272,上海财经大学,203,34,34,615,13602
2024,10272,上海财经大学,204,10,10,625,9258
2024,10274,上海海关学院,203,10,10,568,48989
2024,10276,教华东政法大学,202,14,14,604,19638
2024,10277,上海体育大学,202,2,2,553,67282
2024,10277,上海体育大学,203,3,3,559,59351
2024,10280,省上海大学(中外合作办学),201,6,6,606,18244
2024,10284,南京大学,202,3,3,665,1009
2024,10284,南京大学,203,91,91,667,894
2024,10284,东南京大学(中外合作办学),204,6,6,645,3701
2024,10285,苏州大学,205,4,4,586,32512
2024,10285,苏州大学,206,1,1,612,14816
2024,10285,广苏州大学,207,20,20,610,16148
2024,10285,苏州大学,208,24,24,596,24393
2024,10285,苏州大学,209,1,1,621,10754
2024,10285,苏州大学,210,2,2,586,31886
2024,10286,东南大学,203,77,77,651,2614
2024,10287,南京航空航天大学,201,65,65,615,13550
2024,10287,南京航空航天大学(中外合作办学),203,2,2,606,17913
2024,10288,南京理工大学,202,8,8,601,20947
2024,10289,江苏科技大学,203,2,2,558,60626
2024,10289,江苏科技大学,204,3,3,563,54182
2024,10289,江苏科技大学,206,17,17,543,79717
2024,10289,江苏科技大学,207,14,14,537,88631
2024,10290,中国矿业大学,203,12,12,581,36276
2024,10290,中国矿业大学,205,98,98,598,23052
2024,10290,中国矿业大学(中外合作办学),207,3,3,572,45282
2024,10290,中国矿业大学(中外合作办学),209,3,3,577,40553
2024,10291,南京工业大学,202,28,28,566,50966
2024,10292,常州大学,202,1,1,565,53009
2024,10292,常州大学,203,14,14,534,92115
2024,10292,常州大学,204,8,8,541,83055
2024,10292,常州大学,205,5,5,534,93178
2024,10293,南京邮电大学,201,146,146,603,20104
2024,10294,河海大学,204,9,9,589,30034
2024,10294,河海大学,205,140,140,581,36697
2024,10294,试河海大学(中外合作办学),206,6,6,575,42160
2024,10295,江南大学(中外合作办学),204,3,3,580,37097
2024,10295,江南大学,205,12,12,591,28478
2024,10295,考江南大学,206,22,22,591,28518
2024,10295,江南大学,207,2,2,613,14236
2024,10295,江南大学(中外合作办学),208,6,6,586,31987
2024,10298,育南京林业大学,203,9,9,562,55576
2024,10298,南京林业大学,204,40,40,558,60388
2024,10298,南京林业大学,205,53,53,551,69387
2024,10299,教江苏大学,202,3,3,569,47998
2024,10299,江苏大学,203,39,39,572,45491
2024,10300,省南京信息工程大学,204,12,12,579,38062
2024,10300,南京信息工程大学(中外合作办学),205,3,3,563,55112
2024,10300,南京信息工程大学,206,62,62,583,34749
2024,10304,南通大学,205,4,4,534,92770
2024,10304,南通大学,206,20,20,532,95327
2024,10305,盐城工学院,201,2,2,530,98626
2024,10305,教盐城工学院,202,3,3,502,145012
2024,10307,南京农业大学,204,18,18,576,40786
2024,10307,南京农业大学,205,73,73,580,37746
2024,10312,省南京医科大学,202,2,2,575,42688
2024,10312,南京医科大学,203,11,11,578,39262
2024,10315,南京中医药大学,201,18,18,556,63237
2024,10316,东中国药科大学,203,22,22,605,18894
2024,10316,中国药科大学,204,11,11,602,20740
2024,10316,中国药科大学(中外合作办学),205,4,4,596,24848
2024,10319,广南京师范大学,202,4,4,587,31341
2024,10319,南京师范大学,203,11,11,583,34341
2024,10320,江苏师范大学(中外合作办学),205,2,2,531,96561
2024,10320,江苏师范大学,206,7,7,551,69382
2024,10320,江苏师范大学(中外合作办学),207,10,10,525,106173
2024,10324,盐城师范学院,202,10,10,497,152835
2024,10324,盐城师范学院,203,2,2,505,139681
2024,10324,盐城师范学院,204,16,16,498,150531
2024,10327,南京财经大学(中外合作办学),205,2,2,535,91335
2024,10327,南京财经大学,206,6,6,552,67693
2024,10331,南京艺术学院,202,1,1,542,80513
2024,10332,苏州科技大学,203,4,4,546,76125
2024,10332,苏州科技大学(中外合作办学),204,2,2,527,103292
2024,10332,苏州科技大学,205,5,5,543,79590
2024,10332,苏州科技大学(中外合作办学),206,2,2,527,104045
2024,10333,常熟理工学院,201,10,10,528,102019
2024,10335,浙江大学,202,59,59,674,455
2024,10335,浙江大学,203,41,41,644,3968
2024,10336,杭州电子科技大学,202,32,32,544,78890
2024,10336,杭州电子科技大学,203,56,56,594,25965
2024,10336,杭州电子科技大学(中外合作办学),204,10,10,592,27446
2024,10337,浙江工业大学,201,3,3,562,55318
2024,10337,浙江工业大学,202,27,27,558,61058
2024,10337,浙江工业大学,203,5,5,565,52717
2024,10337,试浙江工业大学,204,70,70,576,41026
2024,10337,浙江工业大学,205,18,18,571,46497
2024,10337,浙江工业大学(中外合作办学),206,5,5,579,38168
2024,10337,考浙江工业大学(中外合作办学),207,5,5,538,86022
2024,10337,浙江工业大学,208,5,5,556,62446
2024,10338,浙江理工大学,202,31,31,545,76647
2024,10338,育浙江理工大学,203,10,10,550,71159
2024,10338,浙江理工大学(中外合作办学),204,9,9,536,89408
2024,10338,浙江理工大学,205,73,73,555,64322
2024,10338,教浙江理工大学,206,17,17,554,65944
2024,10340,浙江海洋大学,201,33,33,520,114720
2024,10340,省浙江海洋大学,202,8,8,530,99306
2024,10340,浙江海洋大学,203,3,3,534,93141
2024,10340,浙江海洋大学(中外合作办学),204,4,4,523,110071
2024,10341,浙江农林大学,203,44,44,522,110506
2024,10341,浙江农林大学(中外合作办学),204,3,3,534,92694
2024,10343,温州医科大学,202,19,19,586,32313
2024,10344,教浙江中医药大学,204,30,30,549,71589
2024,10344,浙江中医药大学,205,1,1,551,69256
2024,10345,浙江师范大学,206,10,10,540,84144
2024,10345,省浙江师范大学,207,2,2,545,76946
2024,10345,浙江师范大学(中外合作办学),208,5,5,526,104376
2024,10345,浙江师范大学,209,39,39,560,58488
2024,10345,东浙江师范大学,210,6,6,557,61251
2024,10345,浙江师范大学,211,5,5,552,68320
2024,10345,浙江师范大学(中外合作办学),212,8,8,556,62545
2024,10346,广杭州师范大学,202,3,3,556,63315
2024,10346,杭州师范大学,203,4,4,550,70342
2024,10346,杭州师范大学,204,6,6,540,83497
2024,10346,杭州师范大学(中外合作办学),205,4,4,540,84264
2024,10346,杭州师范大学(中外合作办学),206,8,8,533,94229
2024,10347,湖州师范学院,202,6,6,530,98449
2024,10347,湖州师范学院,203,2,2,507,134871
2024,10351,温州大学,204,2,2,541,82615
2024,10351,温州大学,206,2,2,540,83490
2024,10351,温州大学(中外合作办学),207,5,5,536,89043
2024,10352,丽水学院,202,9,9,507,135192
2024,10352,丽水学院,203,15,15,496,155688
2024,10352,丽水学院,204,3,3,521,112823
2024,10353,浙江工商大学,203,15,15,539,85047
2024,10353,浙江工商大学,204,4,4,539,85116
2024,10353,浙江工商大学,205,6,6,539,85173
2024,10354,嘉兴大学,201,55,55,538,86050
2024,10355,中国美术学院,202,7,7,588,30762
2024,10356,中国计量大学,201,7,7,563,54245
2024,10356,中国计量大学,202,63,63,563,55222
2024,10356,中国计量大学,203,5,5,553,67069
2024,10356,中国计量大学,204,2,2,571,45770
2024,10357,安徽大学,203,2,2,597,23993
2024,10357,安徽大学,204,14,14,580,37622
2024,10357,试安徽大学,205,46,46,595,25079
2024,10357,安徽大学(中外合作办学),207,3,3,586,32067
2024,10357,安徽大学(中外合作办学),208,1,1,596,24263
2024,10358,考中国科学技术大学,201,90,90,670,652
2024,10359,合肥工业大学,203,16,16,591,28362
2024,10359,合肥工业大学(中外合作办学),205,8,8,567,50256
2024,10359,育合肥工业大学,206,81,81,605,18816
2024,10360,安徽工业大学,202,13,13,533,93763
2024,10360,安徽工业大学,203,5,5,520,113997
2024,10361,教安徽理工大学,201,14,14,526,104196
2024,10361,安徽理工大学,202,6,6,529,100662
2024,10361,省安徽理工大学,203,68,68,531,97911
2024,10361,安徽理工大学,204,18,18,532,96047
2024,10361,安徽理工大学,205,4,4,529,101024
2024,10363,安徽工程大学,202,5,5,511,128285
2024,10363,安徽工程大学(中外合作办学),203,2,2,532,95836
2024,10364,安徽农业大学,203,32,32,526,104760
2024,10364,教安徽农业大学,204,3,3,535,91339
2024,10366,安徽医科大学,201,2,2,530,98343
2024,10366,安徽医科大学,202,11,11,582,35940
2024,10369,省安徽中医药大学,201,1,1,517,118639
2024,10369,安徽中医药大学,202,1,1,518,117594
2024,10369,安徽中医药大学,203,8,8,527,104124
2024,10370,东安徽师范大学,202,24,24,533,94271
2024,10372,安庆师范大学,202,10,10,522,110540
2024,10373,淮北师范大学,204,4,4,512,127317
2024,10373,广淮北师范大学,205,4,4,523,109865
2024,10378,安徽财经大学,203,16,16,529,100521
2024,10378,安徽财经大学,204,13,13,536,89265
2024,10378,安徽财经大学(中外合作办学),205,2,2,531,96669
2024,10383,铜陵学院,202,4,4,509,132390
2024,10383,铜陵学院,203,5,5,491,164470
2024,10384,厦门大学,205,11,11,620,11294
2024,10384,厦门大学,206,11,11,629,7968
2024,10384,厦门大学(马来西亚分校),208,6,6,599,22846
2024,10384,厦门大学(马来西亚分校),209,36,36,599,22843
2024,10385,华侨大学,208,90,90,540,83511
2024,10385,华侨大学,209,5,5,561,56748
2024,10385,华侨大学,212,33,33,544,78414
2024,10386,福州大学(闽台合作),202,7,7,566,51704
2024,10386,福州大学,203,24,24,597,24063
2024,10386,福州大学,204,7,7,592,27352
2024,10386,福州大学(闽台合作),206,8,8,599,22674
2024,10388,福建理工大学,202,18,18,518,117470
2024,10388,福建理工大学,203,21,21,533,94264
2024,10389,福建农林大学,204,3,3,541,82435
2024,10389,福建农林大学,205,2,2,539,84822
2024,10389,福建农林大学(中外合作办学),206,5,5,491,164178
2024,10389,福建农林大学(中外合作办学),207,5,5,484,175644
2024,10389,福建农林大学,208,33,33,528,101297
2024,10389,试福建农林大学,209,72,72,530,98844
2024,10389,福建农林大学,210,2,2,548,72957
2024,10390,集美大学,203,2,2,543,80178
2024,10390,考集美大学,204,6,6,558,60231
2024,10390,集美大学,205,14,14,549,72223
2024,10390,集美大学,206,3,3,550,70104
2024,10390,育集美大学,207,5,5,551,69125
2024,10390,集美大学,208,8,8,535,91135
2024,10392,福建医科大学,201,2,2,527,104080
2024,10392,教福建医科大学,202,2,2,549,72416
2024,10392,福建医科大学,203,18,18,547,74754
2024,10393,省福建中医药大学,201,7,7,544,78545
2024,10393,福建中医药大学,202,6,6,576,41330
2024,10393,福建中医药大学(中外合作办学),203,8,8,511,129475
2024,10394,福建师范大学,207,53,53,531,97216
2024,10394,福建师范大学,208,43,43,556,62432
2024,10395,闽江学院,202,2,2,528,102384
2024,10395,教闽江学院,203,4,4,528,101568
2024,10397,武夷学院,202,4,4,502,143672
2024,10397,武夷学院,203,6,6,504,141356
2024,10397,省武夷学院,204,5,5,498,151016
2024,10399,泉州师范学院,203,2,2,516,120877
2024,10399,泉州师范学院,204,3,3,502,143939
2024,10399,东泉州师范学院,205,8,8,517,119469
2024,10399,泉州师范学院,206,4,4,503,141902
2024,10399,泉州师范学院,207,2,2,503,142927
2024,10399,广泉州师范学院,208,2,2,532,95653
2024,10399,泉州师范学院,209,2,2,519,115105
2024,10402,闽南师范大学(联合培养),201,3,3,514,124644
2024,10402,闽南师范大学,202,2,2,516,120466
2024,10402,闽南师范大学(联合培养),203,3,3,488,168204
2024,10402,闽南师范大学,204,12,12,533,94231
2024,10403,南昌大学,203,6,6,586,32007
2024,10403,南昌大学,204,11,11,583,34914
2024,10403,南昌大学,206,23,23,577,39834
2024,10403,南昌大学,207,3,3,605,18644
2024,10403,南昌大学,209,2,2,606,18062
2024,10403,南昌大学,210,5,5,570,47419
2024,10404,华东交通大学,204,4,4,541,82825
2024,10404,华东交通大学,205,9,9,541,81864
2024,10404,华东交通大学,206,6,6,547,74167
2024,10404,华东交通大学(联合培养),207,2,2,534,93186
2024,10404,华东交通大学(中外合作办学),208,9,9,528,101359
2024,10404,华东交通大学,209,109,109,542,81727
2024,10404,华东交通大学,210,6,6,555,63886
2024,10404,华东交通大学(联合培养),211,5,5,539,85492
2024,10404,华东交通大学,212,4,4,541,82143
2024,10405,东华理工大学(联合培养),203,6,6,455,230476
2024,10405,东华理工大学,204,49,49,528,102556
2024,10406,南昌航空大学,202,7,7,547,74912
2024,10406,试南昌航空大学,203,96,96,545,77494
2024,10406,南昌航空大学(中外合作办学),204,8,8,547,74070
2024,10407,江西理工大学,203,3,3,535,90988
2024,10407,考江西理工大学,204,23,23,530,99395
2024,10407,江西理工大学,205,4,4,557,61386
2024,10407,江西理工大学,206,106,106,530,98138
2024,10407,育江西理工大学(中外合作办学),207,2,2,548,73243
2024,10407,江西理工大学,209,5,5,555,64265
2024,10408,景德镇陶瓷大学,203,2,2,522,111225
2024,10408,教景德镇陶瓷大学,204,14,14,525,106018
2024,10410,江西农业大学,204,16,16,516,120706
2024,10410,省江西农业大学,206,2,2,549,71495
2024,10410,江西农业大学,207,32,32,518,117434
2024,10412,江西中医药大学,202,3,3,516,120299
2024,10412,江西中医药大学,204,7,7,527,103270
2024,10412,江西中医药大学,205,15,15,558,60483
2024,10413,赣南医科大学,203,4,4,519,115566
2024,10414,教江西师范大学,205,42,42,495,155947
2024,10414,江西师范大学,206,8,8,566,51296
2024,10414,江西师范大学,207,103,103,524,108495
2024,10414,省江西师范大学,213,1,1,524,107983
2024,10416,上饶师范学院,208,2,2,509,132983
2024,10416,上饶师范学院,209,4,4,501,145966
2024,10416,东上饶师范学院,210,11,11,494,158339
2024,10416,上饶师范学院,211,5,5,508,133245
2024,10416,上饶师范学院,212,4,4,493,160705
2024,10416,广上饶师范学院,213,4,4,503,142073
2024,10417,宜春学院,204,3,3,499,150229
2024,10417,宜春学院,205,7,7,504,141526
2024,10417,宜春学院,206,7,7,499,149544
2024,10417,宜春学院,207,14,14,517,119171
2024,10417,宜春学院,208,5,5,510,131139
2024,10418,赣南师范大学,208,14,14,492,162371
2024,10418,赣南师范大学,209,4,4,537,88672
2024,10418,赣南师范大学,211,12,12,534,92074
2024,10418,赣南师范大学,212,12,12,522,110717
2024,10419,井冈山大学,202,2,2,522,111364
2024,10419,井冈山大学,203,6,6,514,123252
2024,10419,井冈山大学,204,14,14,517,118405
2024,10419,井冈山大学,205,26,26,502,143441
2024,10421,江西财经大学,203,1,1,551,68875
2024,10421,江西财经大学,204,60,60,546,76205
2024,10421,江西财经大学,205,30,30,557,62327
2024,10421,江西财经大学,206,27,27,554,65057
2024,10421,江西财经大学,207,37,37,551,69088
2024,10421,江西财经大学(中外合作办学),235,2,2,547,74755
2024,10421,江西财经大学(中外合作办学),237,2,2,551,69421
2024,10422,山东大学,202,6,6,609,16275
2024,10422,山东大学,203,113,113,616,13067
2024,10422,山东大学,204,22,22,612,14824
2024,10422,试山东大学,205,4,4,636,5770
2024,10423,中国海洋大学,205,8,8,599,22642
2024,10423,中国海洋大学,206,6,6,606,18196
2024,10423,考中国海洋大学,207,57,57,606,18165
2024,10423,中国海洋大学,208,59,59,602,20388
2024,10423,中国海洋大学,209,9,9,616,13108
2024,10423,育中国海洋大学(中外合作办学),210,6,6,602,20526
2024,10423,中国海洋大学(中外合作办学),211,2,2,605,18839
2024,10423,中国海洋大学(中外合作办学),212,3,3,608,17266
2024,10423,教中国海洋大学(中外合作办学),213,4,4,601,21388
2024,10423,中国海洋大学(中外合作办学),214,4,4,598,23512
2024,10424,省山东科技大学,202,8,8,550,70366
2024,10425,中国石油大学(华东),202,4,4,582,35261
2024,10425,中国石油大学(华东),203,50,50,592,27846
2024,10425,中国石油大学(华东),205,5,5,591,28390
2024,10425,中国石油大学(华东),207,2,2,586,32588
2024,10426,青岛科技大学,202,15,15,537,88231
2024,10426,教青岛科技大学,203,24,24,536,89080
2024,10426,青岛科技大学,204,2,2,538,86728
2024,10427,济南大学,205,19,19,534,92712
2024,10427,省济南大学,206,4,4,531,97295
2024,10427,济南大学,207,94,94,528,101159
2024,10427,济南大学,208,5,5,529,101015
2024,10427,东济南大学,209,3,3,545,77693
2024,10427,济南大学,210,2,2,576,41602
2024,10427,济南大学,211,5,5,546,76015
2024,10427,广济南大学,215,20,20,532,95763
2024,10429,青岛理工大学,203,9,9,532,96138
2024,10429,青岛理工大学,204,23,23,538,86178
2024,10430,山东建筑大学,203,4,4,519,116350
2024,10430,山东建筑大学,204,15,15,504,139987
2024,10430,山东建筑大学(中外合作办学),205,2,2,505,139048
2024,10430,山东建筑大学(中外合作办学),206,2,2,497,152293
2024,10431,齐鲁工业大学,203,12,12,508,134443
2024,10433,山东理工大学,201,2,2,536,90293
2024,10433,山东理工大学,202,16,16,533,93837
2024,10434,山东农业大学,202,95,95,514,123116
2024,10435,青岛农业大学,201,22,22,501,146613
2024,10435,青岛农业大学,202,36,36,504,141358
2024,10435,青岛农业大学(中外合作办学),203,1,1,506,137730
2024,10435,青岛农业大学(中外合作办学),204,1,1,501,145366
2024,10438,山东第二医科大学,201,16,16,510,131223
2024,10439,山东第一医科大学,202,2,2,534,91863
2024,10439,山东第一医科大学,203,3,3,542,80754
2024,10439,山东第一医科大学,204,2,2,593,27003
2024,10439,山东第一医科大学,205,2,2,581,36631
2024,10439,山东第一医科大学,206,5,5,530,98801
2024,10439,山东第一医科大学,207,6,6,528,102359
2024,10439,山东第一医科大学,208,12,12,515,121734
2024,10440,滨州医学院,201,10,10,497,153497
2024,10441,试山东中医药大学,202,19,19,511,129138
2024,10443,济宁医学院,201,6,6,536,90033
2024,10445,山东师范大学,207,1,1,565,52872
2024,10445,考山东师范大学,208,12,12,538,86190
2024,10445,山东师范大学,209,2,2,559,59774
2024,10445,山东师范大学,210,7,7,529,100593
2024,10445,育山东师范大学,211,4,4,555,64245
2024,10445,山东师范大学,212,18,18,547,74087
2024,10445,山东师范大学,213,17,17,529,100503
2024,10445,教山东师范大学(中外合作办学),214,3,3,525,106912
2024,10447,聊城大学,201,2,2,533,94367
2024,10447,省聊城大学,202,3,3,507,135933
2024,10449,山东航空学院,202,1,1,512,127807
2024,10449,山东航空学院,203,3,3,522,110790
2024,10452,临沂大学,202,26,26,513,125814
2024,10452,临沂大学,203,4,4,513,126300
2024,10455,菏泽学院,202,2,2,502,144346
2024,10455,教菏泽学院,203,3,3,497,152557
2024,10456,山东财经大学,202,14,14,542,80763
2024,10456,山东财经大学,203,8,8,546,75139
2024,10459,省郑州大学,202,7,7,585,33301
2024,10459,郑州大学,203,14,14,597,23654
2024,10459,郑州大学,204,12,12,589,29773
2024,10460,东河南理工大学,203,3,3,534,92485
2024,10460,河南理工大学,204,23,23,533,94117
2024,10460,河南理工大学(中外合作办学),205,8,8,534,92556
2024,10460,广河南理工大学(中外合作办学),206,6,6,533,93434
2024,10462,郑州轻工业大学,202,96,96,513,125434
2024,10462,郑州轻工业大学(中外合作办学),203,7,7,530,98792
2024,10463,河南工业大学,203,13,13,528,101369
2024,10463,河南工业大学,204,24,24,527,102793
2024,10463,河南工业大学,205,25,25,522,110378
2024,10463,河南工业大学(豫台合作办学),206,2,2,540,83199
2024,10463,河南工业大学(中外合作办学),207,4,4,513,125671
2024,10464,河南科技大学,203,43,43,542,81445
2024,10464,河南科技大学,204,19,19,507,135261
2024,10464,河南科技大学(中外合作办学),206,6,6,523,109901
2024,10464,河南科技大学(中外合作办学),208,4,4,528,101257
2024,10465,中原工学院,202,10,10,492,162180
2024,10466,河南农业大学,203,5,5,526,104273
2024,10466,河南农业大学,204,11,11,533,93531
2024,10466,河南农业大学,205,6,6,526,104464
2024,10466,河南农业大学(中外合作办学),206,5,5,490,165313
2024,10467,河南科技学院,203,8,8,495,157137
2024,10467,河南科技学院,204,25,25,490,164607
2024,10471,河南中医药大学,201,17,17,521,113418
2024,10471,河南中医药大学,202,3,3,529,99571
2024,10472,新乡医学院,201,23,23,544,77730
2024,10475,河南大学,205,15,15,543,79902
2024,10475,河南大学,206,4,4,558,61011
2024,10475,试河南大学,207,7,7,554,65257
2024,10475,河南大学,208,18,18,541,82109
2024,10475,河南大学,209,35,35,543,80196
2024,10475,考河南大学,210,85,85,558,60587
2024,10475,河南大学,212,4,4,578,39447
2024,10476,河南师范大学,203,3,3,553,66492
2024,10476,育河南师范大学,204,12,12,519,116662
2024,10477,信阳师范大学(中外合作办学),201,7,7,484,176689
2024,10477,信阳师范大学(中外合作办学),202,6,6,488,169311
2024,10478,教周口师范学院,202,5,5,495,156884
2024,10478,周口师范学院,203,8,8,496,155243
2024,10481,省南阳师范学院,204,3,3,508,134671
2024,10481,南阳师范学院,205,9,9,496,155347
2024,10481,南阳师范学院,206,17,17,500,148621
2024,10481,南阳师范学院(中外合作办学),208,6,6,488,169858
2024,10481,南阳师范学院(中外合作办学),209,5,5,485,175046
2024,10482,洛阳师范学院,202,18,18,512,127160
2024,10483,教商丘师范学院,202,2,2,495,156393
2024,10483,商丘师范学院,203,5,5,497,153701
2024,10483,商丘师范学院,204,1,1,499,149886
2024,10483,省商丘师范学院,205,2,2,492,162199
2024,10484,河南财经政法大学,202,5,5,544,77922
2024,10484,河南财经政法大学,203,10,10,520,114641
2024,10485,东郑州航空工业管理学院,202,8,8,513,125893
2024,10485,郑州航空工业管理学院,203,8,8,525,106925
2024,10486,武汉大学,202,41,41,630,7509
2024,10486,广武汉大学,203,168,168,642,4350
2024,10486,武汉大学,204,9,9,645,3639
2024,10486,武汉大学(中外合作办学),205,10,10,603,20111
2024,10486,武汉大学(公共卫生类),208,10,10,623,10042
2024,10487,华中科技大学,203,137,137,643,4089
2024,10487,华中科技大学,204,8,8,649,2884
2024,10487,华中科技大学(中外合作办学),211,16,16,614,14159
2024,10487,华中科技大学,212,23,23,620,11083
2024,10488,武汉科技大学,204,19,19,543,79245
2024,10488,武汉科技大学,205,68,68,560,58636
2024,10489,长江大学,203,2,2,541,83119
2024,10489,长江大学,204,1,1,539,85309
2024,10489,长江大学,205,42,42,535,91014
2024,10489,长江大学(中外合作办学),206,5,5,504,141712
2024,10490,武汉工程大学,202,8,8,535,91534
2024,10490,武汉工程大学,203,25,25,554,65585
2024,10490,武汉工程大学(中外合作办学),204,4,4,537,88337
2024,10491,中国地质大学(武汉),204,7,7,582,35425
2024,10491,中国地质大学(武汉),205,101,101,586,32264
2024,10491,中国地质大学(武汉)(中外合作办学),206,2,2,572,44956
2024,10491,中国地质大学(武汉),209,8,8,593,26692
2024,10495,武汉纺织大学,203,8,8,545,77646
2024,10495,武汉纺织大学,204,30,30,528,102122
2024,10496,武汉轻工大学,203,12,12,540,83286
2024,10497,试武汉理工大学(中外合作办学),204,3,3,587,31198
2024,10497,武汉理工大学,205,221,221,597,23630
2024,10497,武汉理工大学(中外合作办学),206,6,6,601,20998
2024,10497,考武汉理工大学(中外合作办学),208,6,6,587,30997
2024,10497,武汉理工大学,209,3,3,622,10265
2024,10497,武汉理工大学,210,2,2,623,10128
2024,10497,育武汉理工大学,211,4,4,620,11248
2024,10497,武汉理工大学,212,2,2,618,12146
2024,10500,湖北工业大学,204,23,23,530,98394
2024,10500,教湖北工业大学,205,72,72,542,80436
2024,10500,湖北工业大学(中外合作办学),206,57,57,527,103041
2024,10504,省华中农业大学,203,11,11,581,36198
2024,10504,华中农业大学,204,48,48,585,32946
2024,10504,华中农业大学,206,3,3,588,30982
2024,10507,湖北中医药大学,205,2,2,536,89604
2024,10507,湖北中医药大学,206,61,61,516,120289
2024,10511,华中师范大学,205,33,33,605,18584
2024,10512,教湖北大学,204,2,2,557,61813
2024,10512,湖北大学,205,21,21,539,84941
2024,10512,湖北大学,206,91,91,546,75943
2024,10512,省湖北大学(中外合作办学),207,11,11,550,71088
2024,10513,湖北师范大学,202,2,2,558,60896
2024,10513,湖北师范大学,203,4,4,549,72184
2024,10519,东湖北文理学院,203,3,3,508,134241
2024,10519,湖北文理学院,204,7,7,513,125105
2024,10520,中南财经政法大学,206,8,8,587,31655
2024,10520,广中南财经政法大学,207,2,2,583,34529
2024,10520,中南财经政法大学,208,1,1,598,23519
2024,10520,中南财经政法大学,209,109,109,583,34734
2024,10520,中南财经政法大学(中外合作办学),210,3,3,568,49135
2024,10520,中南财经政法大学,211,17,17,596,24467
2024,10522,武汉体育学院,203,8,8,517,119172
2024,10522,武汉体育学院,204,6,6,522,111083
2024,10524,中南民族大学,203,7,7,538,86940
2024,10524,中南民族大学,205,14,14,541,82365
2024,10524,中南民族大学,206,15,15,542,80657
2024,10525,湖北汽车工业学院(中外合作办学),202,4,4,521,113250
2024,10528,湖北工程学院,202,2,2,508,133907
2024,10528,湖北工程学院,203,1,1,516,119899
2024,10528,湖北工程学院,204,6,6,517,119374
2024,10530,湘潭大学,205,21,21,574,43346
2024,10530,湘潭大学,207,46,46,571,46592
2024,10531,吉首大学,203,14,14,533,94010
2024,10531,吉首大学,204,9,9,523,109813
2024,10531,吉首大学,205,5,5,527,103703
2024,10531,吉首大学,206,8,8,517,119853
2024,10532,湖南大学,203,49,49,606,18133
2024,10532,湖南大学,204,191,191,611,15579
2024,10532,湖南大学(本科预科班),206,2,2,578,38929
2024,10533,中南大学,202,269,269,620,11102
2024,10533,试中南大学(中外合作办学),203,18,18,605,18678
2024,10533,中南大学,204,20,20,629,7946
2024,10533,中南大学,206,3,3,663,1177
2024,10534,考湖南科技大学,206,3,3,541,82478
2024,10534,湖南科技大学,207,1,1,532,95407
2024,10534,湖南科技大学,208,51,51,531,97751
2024,10534,育湖南科技大学,209,3,3,554,65854
2024,10534,湖南科技大学,210,201,201,534,92458
2024,10534,湖南科技大学,211,1,1,564,53903
2024,10536,教长沙理工大学,203,23,23,544,78350
2024,10536,长沙理工大学,204,18,18,551,68886
2024,10536,省长沙理工大学,205,210,210,550,71043
2024,10536,长沙理工大学,206,20,20,549,71912
2024,10536,长沙理工大学,207,9,9,551,69882
2024,10536,长沙理工大学(中外合作办学),209,2,2,538,86395
2024,10536,长沙理工大学(中外合作办学),211,5,5,582,35628
2024,10537,湖南农业大学,205,3,3,540,84074
2024,10537,教湖南农业大学,206,39,39,529,100686
2024,10537,湖南农业大学,207,4,4,535,91204
2024,10537,湖南农业大学(中外合作办学),208,5,5,523,109642
2024,10537,省湖南农业大学,209,3,3,546,76326
2024,10537,湖南农业大学,210,73,73,530,98500
2024,10537,湖南农业大学,211,58,58,520,113520
2024,10537,东湖南农业大学,212,12,12,549,71291
2024,10537,湖南农业大学(中外合作办学),213,30,30,510,129750
2024,10537,湖南农业大学(中外合作办学),214,15,15,518,116818
2024,10537,广湖南农业大学,215,3,3,543,79659
2024,10538,中南林业科技大学,204,40,40,529,100925
2024,10538,中南林业科技大学,205,4,4,550,70891
2024,10538,中南林业科技大学,206,139,139,523,109442
2024,10538,中南林业科技大学,207,2,2,541,82278
2024,10541,湖南中医药大学,201,2,2,537,87736
2024,10541,湖南中医药大学,202,4,4,544,78959
2024,10541,湖南中医药大学,203,2,2,527,103003
2024,10541,湖南中医药大学,205,72,72,547,74977
2024,10542,湖南师范大学,205,27,27,578,39234
2024,10542,湖南师范大学,207,2,2,593,26916
2024,10542,湖南师范大学,208,4,4,596,24863
2024,10542,湖南师范大学,209,32,32,593,26565
2024,10542,湖南师范大学,210,39,39,577,40213
2024,10542,湖南师范大学,212,2,2,603,19839
2024,10543,湖南理工学院,203,2,2,530,99371
2024,10543,湖南理工学院,204,1,1,504,141631
2024,10543,湖南理工学院,205,14,14,532,95753
2024,10543,湖南理工学院,206,10,10,515,122043
2024,10545,湘南学院,202,5,5,506,138174
2024,10545,湘南学院,203,10,10,514,124046
2024,10545,湘南学院,204,10,10,502,143771
2024,10546,衡阳师范学院,204,2,2,513,126026
2024,10546,衡阳师范学院,205,9,9,508,133665
2024,10546,试衡阳师范学院,206,3,3,541,82701
2024,10546,衡阳师范学院,207,5,5,520,115045
2024,10546,衡阳师范学院,208,3,3,508,133300
2024,10546,考衡阳师范学院,209,3,3,531,96902
2024,10547,邵阳学院,204,3,3,499,150049
2024,10547,邵阳学院,205,6,6,499,150244
2024,10547,育邵阳学院,206,4,4,502,144418
2024,10547,邵阳学院,207,15,15,497,153473
2024,10547,邵阳学院,208,15,15,497,152670
2024,10548,教怀化学院,203,7,7,507,135056
2024,10549,湖南文理学院,203,10,10,512,126370
2024,10551,省湖南科技学院,203,18,18,510,131312
2024,10553,湖南人文科技学院,204,4,4,501,145365
2024,10553,湖南人文科技学院(中外合作办学),205,3,3,493,160625
2024,10553,湖南人文科技学院,207,1,1,526,104706
2024,10554,湖南工商大学,203,1,1,538,87185
2024,10554,湖南工商大学,205,1,1,561,56698
2024,10555,教南华大学,202,80,80,524,108168
2024,10555,南华大学,203,142,142,522,111824
2024,10555,南华大学,204,282,282,524,108458
2024,10558,省中山大学,203,280,280,625,9394
2024,10558,中山大学,205,268,268,638,5409
2024,10558,中山大学,206,465,465,633,6535
2024,10558,东中山大学,218,404,404,641,4607
2024,10558,中山大学,219,435,435,643,4019
2024,10558,中山大学,220,323,323,633,6728
2024,10558,广中山大学,221,320,320,624,9420
2024,10559,暨南大学,203,342,342,584,34254
2024,10559,暨南大学(中外合作办学),204,58,58,588,30523
2024,10559,暨南大学,205,243,243,583,34753
2024,10559,暨南大学,206,203,203,593,26901
2024,10559,暨南大学(中外合作办学),207,58,58,594,25767
2024,10559,暨南大学,208,9,9,591,28194
2024,10559,暨南大学,220,173,173,595,25555
2024,10559,暨南大学,222,145,145,590,28916
2024,10560,汕头大学,205,169,169,551,68892
2024,10560,汕头大学,207,1319,1319,555,63811
2024,10560,汕头大学,208,172,172,550,70026
2024,10560,汕头大学(地方专项),209,36,36,535,90392
2024,10561,华南理工大学,202,184,184,637,5640
2024,10561,华南理工大学,203,1166,1166,617,12608
2024,10561,华南理工大学,204,1155,1155,614,13907
2024,10561,华南理工大学,205,304,304,610,15907
2024,10564,华南农业大学,210,311,311,569,48709
2024,10564,华南农业大学,211,124,124,566,51438
2024,10564,华南农业大学,213,82,82,564,54095
2024,10564,华南农业大学,214,34,34,564,53739
2024,10564,华南农业大学,215,87,87,561,57338
2024,10564,华南农业大学,216,578,578,574,43607
2024,10564,华南农业大学,217,456,456,571,46082
2024,10564,试华南农业大学,218,454,454,585,33470
2024,10564,华南农业大学,219,476,476,580,37202
2024,10564,华南农业大学,220,170,170,567,50393
2024,10564,考华南农业大学,221,131,131,569,48091
2024,10564,华南农业大学,222,174,174,566,51573
2024,10564,华南农业大学,223,154,154,562,56126
2024,10564,育华南农业大学,230,37,37,586,32008
2024,10564,华南农业大学,231,152,152,565,52605
2024,10564,华南农业大学,232,51,51,575,42112
2024,10564,教华南农业大学,233,63,63,563,54535
2024,10564,华南农业大学(国际班),251,50,50,544,78822
2024,10564,省华南农业大学(国际班),252,180,180,537,88276
2024,10564,华南农业大学(中外合作办学),253,138,138,542,80535
2024,10564,华南农业大学(地方专项),271,450,450,529,100360
2024,10566,广东海洋大学,202,189,189,524,108463
2024,10566,广东海洋大学,203,488,488,506,136679
2024,10566,广东海洋大学,205,889,889,534,92479
2024,10566,教广东海洋大学,206,831,831,514,123358
2024,10566,广东海洋大学,207,130,130,534,93143
2024,10566,广东海洋大学,208,117,117,509,131573
2024,10566,省广东海洋大学,209,107,107,507,136202
2024,10566,广东海洋大学,210,490,490,505,139369
2024,10566,广东海洋大学,211,281,281,508,133868
2024,10566,东广东海洋大学,212,187,187,525,106726
2024,10566,广东海洋大学,213,134,134,523,110208
2024,10566,广东海洋大学,214,1021,1021,510,130851
2024,10566,广广东海洋大学,215,13,13,529,99737
2024,10566,广东海洋大学(地方专项),216,48,48,525,106037
2024,10566,广东海洋大学(地方专项),217,36,36,535,91438
2024,10566,广东海洋大学(地方专项),218,8,8,514,124373
2024,10566,广东海洋大学,219,108,108,511,128208
2024,10566,广东海洋大学,220,56,56,509,131845
2024,10566,广东海洋大学,221,112,112,541,82948
2024,10566,广东海洋大学,222,58,58,533,94643
2024,10566,广东海洋大学,224,138,138,511,128517
2024,10566,广东海洋大学(中外合作办学),225,16,16,518,116799
2024,10570,广州医科大学,202,1452,1452,557,62058
2024,10570,广州医科大学(地方专项),205,50,50,525,106336
2024,10571,广东医科大学,201,1083,1083,549,71522
2024,10571,广东医科大学,202,1333,1333,509,132150
2024,10571,广东医科大学,203,591,591,520,114506
2024,10571,广东医科大学,204,450,450,523,109148
2024,10571,广东医科大学,205,384,384,518,117201
2024,10571,广东医科大学(地方专项),208,72,72,528,101105
2024,10571,广东医科大学(地方专项),209,28,28,523,110160
2024,10571,广东医科大学,210,60,60,535,90874
2024,10571,广东医科大学,211,30,30,543,80198
2024,10571,广东医科大学(协同培养),212,105,105,507,135597
2024,10571,广东医科大学(协同培养),213,35,35,510,131086
2024,10572,广州中医药大学,201,135,135,603,19907
2024,10572,试广州中医药大学,202,630,630,559,59522
2024,10572,广州中医药大学,203,120,120,564,53284
2024,10572,广州中医药大学,204,374,374,547,74220
2024,10572,考广州中医药大学,205,388,388,549,71740
2024,10572,广州中医药大学,206,69,69,548,72683
2024,10572,广州中医药大学,207,88,88,547,74202
2024,10572,育广州中医药大学(地方专项),210,30,30,559,59606
2024,10572,广州中医药大学(地方专项),211,20,20,540,83738
2024,10572,广州中医药大学(地方专项),212,5,5,542,80992
2024,10573,教广东药科大学,201,260,260,554,65158
2024,10573,广东药科大学,202,1070,1070,522,111811
2024,10573,省广东药科大学,203,361,361,520,113816
2024,10573,广东药科大学,204,144,144,544,78409
2024,10573,广东药科大学,205,2628,2628,502,143557
2024,10573,广东药科大学,207,510,510,505,138472
2024,10574,华南师范大学,216,8,8,613,14654
2024,10574,华南师范大学,218,244,244,599,22739
2024,10574,教华南师范大学,219,27,27,602,20693
2024,10574,华南师范大学,220,180,180,603,19984
2024,10574,华南师范大学,221,220,220,591,28119
2024,10574,省华南师范大学,222,35,35,600,21517
2024,10574,华南师范大学,223,30,30,600,21550
2024,10574,华南师范大学,224,132,132,580,37529
2024,10574,东华南师范大学,225,371,371,582,35890
2024,10574,华南师范大学,226,67,67,589,30121
2024,10574,华南师范大学,227,20,20,590,29067
2024,10574,广华南师范大学,228,836,836,596,24479
2024,10574,华南师范大学,229,208,208,586,32091
2024,10574,华南师范大学(中外合作办学),230,300,300,572,45510
2024,10574,华南师范大学(中外合作办学),231,50,50,575,42093
2024,10574,华南师范大学(联合培养),232,230,230,555,64306
2024,10574,华南师范大学(联合培养),233,100,100,587,31359
2024,10574,华南师范大学(地方专项),234,5,5,571,46422
2024,10574,华南师范大学(地方专项),235,10,10,547,73731
2024,10574,华南师范大学(地方专项),237,5,5,566,51699
2024,10574,华南师范大学(地方专项),238,10,10,573,43959
2024,10574,华南师范大学(地方专项),240,15,15,585,32724
2024,10574,华南师范大学(地方专项),241,5,5,586,32152
2024,10576,韶关学院,214,135,135,499,150084
2024,10576,韶关学院,215,76,76,509,131803
2024,10576,韶关学院,217,110,110,501,145428
2024,10576,韶关学院,218,305,305,493,160299
2024,10576,韶关学院,219,150,150,495,157477
2024,10576,韶关学院(协同培养),220,50,50,488,168364
2024,10576,韶关学院,221,100,100,510,130370
2024,10576,韶关学院,222,25,25,521,112637
2024,10576,韶关学院,223,258,258,506,137672
2024,10576,韶关学院,224,207,207,500,148138
2024,10576,韶关学院,225,45,45,501,146576
2024,10576,韶关学院,226,25,25,499,150371
2024,10576,试韶关学院(协同培养),227,50,50,495,156107
2024,10576,韶关学院(协同培养),228,40,40,504,140599
2024,10576,韶关学院(学分互认),229,15,15,500,148151
2024,10576,考韶关学院(学分互认),230,30,30,497,152924
2024,10576,韶关学院(校企联合培养),232,147,147,510,130645
2024,10576,韶关学院,233,70,70,510,131019
2024,10576,育韶关学院,234,50,50,503,142424
2024,10576,韶关学院,250,80,80,507,135894
2024,10576,韶关学院,251,80,80,504,140295
2024,10576,教韶关学院,252,88,88,541,82372
2024,10576,韶关学院,253,235,235,499,149278
2024,10576,省韶关学院,254,130,130,512,127820
2024,10576,韶关学院,255,152,152,500,146940
2024,10576,韶关学院,256,465,465,497,153236
2024,10576,韶关学院,258,274,274,493,160258
2024,10576,韶关学院,261,111,111,493,159718
2024,10576,韶关学院,263,40,40,499,149992
2024,10577,教惠州学院,220,15,15,538,86643
2024,10577,惠州学院,221,113,113,521,113112
2024,10577,惠州学院,222,176,176,503,143304
2024,10577,省惠州学院,223,451,451,499,149479
2024,10577,惠州学院,224,23,23,509,132109
2024,10577,惠州学院,225,25,25,530,98270
2024,10577,东惠州学院,226,40,40,543,79243
2024,10577,惠州学院,227,40,40,534,92638
2024,10577,惠州学院,228,183,183,526,105410
2024,10577,广惠州学院,229,90,90,525,106105
2024,10577,惠州学院,230,134,134,501,146663
2024,10577,惠州学院,231,43,43,525,106823
2024,10577,惠州学院,232,32,32,520,113619
2024,10577,惠州学院,233,15,15,504,140125
2024,10577,惠州学院,234,145,145,500,148207
2024,10577,惠州学院,235,489,489,518,117196
2024,10577,惠州学院,236,182,182,512,126443
2024,10577,惠州学院,238,176,176,497,152692
2024,10577,惠州学院,239,67,67,523,108858
2024,10577,惠州学院,241,28,28,504,140185
2024,10577,惠州学院(中外合作办学),242,60,60,470,201970
2024,10578,韩山师范学院,201,40,40,523,109707
2024,10578,韩山师范学院,202,56,56,517,118752
2024,10578,韩山师范学院,203,430,430,501,146574
2024,10578,韩山师范学院,204,148,148,502,144055
2024,10578,韩山师范学院,205,483,483,504,140539
2024,10578,韩山师范学院,206,444,444,492,162681
2024,10578,韩山师范学院,207,345,345,490,164836
2024,10578,韩山师范学院,208,489,489,498,150485
2024,10578,韩山师范学院,209,257,257,503,142689
2024,10578,韩山师范学院,210,364,364,499,149849
2024,10578,韩山师范学院(协同培养),213,25,25,501,145794
2024,10578,韩山师范学院(协同培养),214,50,50,497,153669
2024,10578,试韩山师范学院(协同培养),215,40,40,490,165905
2024,10578,韩山师范学院(中外合作办学),216,45,45,482,180282
2024,10579,岭南师范学院,207,34,34,530,98530
2024,10579,考岭南师范学院,208,175,175,520,114345
2024,10579,岭南师范学院,209,362,362,490,165082
2024,10579,岭南师范学院,210,633,633,498,151745
2024,10579,育岭南师范学院,211,969,969,502,143485
2024,10579,岭南师范学院,212,769,769,502,145049
2024,10579,岭南师范学院,213,766,766,499,149376
2024,10579,教岭南师范学院,214,108,108,506,137572
2024,10579,岭南师范学院,215,397,397,504,141434
2024,10579,省岭南师范学院,216,361,361,503,141861
2024,10579,岭南师范学院,217,25,25,502,144374
2024,10579,岭南师范学院,218,50,50,509,132244
2024,10579,岭南师范学院,220,25,25,501,146322
2024,10579,岭南师范学院,221,40,40,504,140570
2024,10579,岭南师范学院,223,50,50,515,121887
2024,10579,教岭南师范学院,224,50,50,514,124010
2024,10579,岭南师范学院,225,50,50,506,137654
2024,10579,岭南师范学院,226,40,40,519,115305
2024,10579,省岭南师范学院,227,60,60,519,116398
2024,10579,岭南师范学院,228,50,50,511,128420
2024,10579,岭南师范学院,229,30,30,519,115320
2024,10579,东岭南师范学院(协同培养),230,40,40,501,146761
2024,10579,岭南师范学院(协同培养),231,40,40,503,141962
2024,10579,岭南师范学院(中外合作办学),232,75,75,478,186761
2024,10580,广肇庆学院,208,225,225,502,143718
2024,10580,肇庆学院,209,134,134,504,140590
2024,10580,肇庆学院,210,25,25,506,137097
2024,10580,肇庆学院,211,280,280,508,134232
2024,10580,肇庆学院,212,422,422,508,134624
2024,10580,肇庆学院,213,598,598,506,136602
2024,10580,肇庆学院,214,464,464,495,157241
2024,10580,肇庆学院,215,370,370,495,156368
2024,10580,肇庆学院,217,40,40,519,116542
2024,10580,肇庆学院,218,30,30,528,102219
2024,10582,嘉应学院,201,842,842,495,156681
2024,10582,嘉应学院,202,516,516,490,165240
2024,10582,嘉应学院,203,1149,1149,490,165415
2024,10582,嘉应学院,204,30,30,541,82821
2024,10582,嘉应学院(协同培养),205,50,50,490,165498
2024,10582,嘉应学院,206,91,91,512,126816
2024,10582,嘉应学院,207,75,75,510,131188
2024,10582,嘉应学院,208,45,45,507,135068
2024,10582,嘉应学院,209,21,21,520,113491
2024,10582,嘉应学院,210,253,253,496,154486
2024,10582,嘉应学院,211,351,351,497,153612
2024,10582,嘉应学院,212,411,411,496,154222
2024,10582,嘉应学院,213,49,49,500,147315
2024,10582,嘉应学院(联合培养),214,15,15,492,162079
2024,10582,试嘉应学院(联合培养),215,15,15,492,162528
2024,10585,广州体育学院,202,15,15,509,131727
2024,10585,广州体育学院,203,20,20,516,120589
2024,10586,考广州美术学院,205,100,100,520,114605
2024,10586,广州美术学院,206,137,137,526,104470
2024,10587,星海音乐学院,203,6,6,524,108278
2024,10588,育广东技术师范大学,201,217,217,547,74643
2024,10588,广东技术师范大学,202,49,49,557,61640
2024,10588,广东技术师范大学,203,79,79,550,70828
2024,10588,教广东技术师范大学,204,120,120,543,79657
2024,10588,广东技术师范大学(地方专项),205,20,20,541,82127
2024,10588,省广东技术师范大学,206,331,331,536,89410
2024,10588,广东技术师范大学,207,332,332,530,99249
2024,10588,广东技术师范大学,208,386,386,537,88077
2024,10588,广东技术师范大学,210,343,343,535,91023
2024,10588,广东技术师范大学,211,115,115,533,94405
2024,10588,广东技术师范大学,213,21,21,525,106901
2024,10588,教广东技术师范大学,214,72,72,534,92287
2024,10588,广东技术师范大学,215,35,35,512,127809
2024,10588,广东技术师范大学,216,5,5,545,77193
2024,10588,省广东技术师范大学,217,68,68,531,96600
2024,10588,广东技术师范大学,218,91,91,531,97846
2024,10588,广东技术师范大学,219,76,76,527,102615
2024,10588,东广东技术师范大学,220,59,59,525,107023
2024,10588,广东技术师范大学,221,170,170,530,98447
2024,10588,广东技术师范大学,222,99,99,537,87626
2024,10588,广广东技术师范大学,223,104,104,520,113582
2024,10588,广东技术师范大学,224,37,37,519,116104
2024,10588,广东技术师范大学(国际班),225,100,100,507,135518
2024,10588,广东技术师范大学(国际班),226,50,50,505,138583
2024,10588,广东技术师范大学(国际班),227,52,52,499,148871
2024,10588,广东技术师范大学(少数民族班),228,15,15,433,267886
2024,10588,广东技术师范大学(少数民族班),229,15,15,422,286797
2024,10588,广东技术师范大学(少数民族班),230,15,15,442,252780
2024,10588,广东技术师范大学(少数民族班),232,15,15,460,219789
2024,10588,广东技术师范大学(少数民族班),233,5,5,457,226278
2024,10588,广东技术师范大学(少数民族班),235,5,5,457,225189
2024,10588,广东技术师范大学(少数民族班),236,5,5,433,268188
2024,10588,广东技术师范大学(少数民族班),237,5,5,445,247821
2024,10588,广东技术师范大学(少数民族班),238,10,10,447,244961
2024,10588,广东技术师范大学(少数民族班),239,15,15,452,235022
2024,10588,广东技术师范大学(少数民族班),240,5,5,461,218007
2024,10588,广东技术师范大学(少数民族班),241,5,5,421,288551
2024,10588,广东技术师范大学(少数民族班),242,20,20,426,279212
2024,10589,海南大学,207,4,4,567,50625
2024,10589,海南大学(中外合作办学),208,8,8,540,84284
2024,10589,海南大学,209,42,42,577,40614
2024,10589,海南大学,210,27,27,567,50804
2024,10589,海南大学,211,14,14,570,47219
2024,10589,海南大学,212,2,2,594,26058
2024,10589,试海南大学,213,15,15,596,24752
2024,10589,海南大学(中外合作办学),214,5,5,571,46335
2024,10590,深圳大学,221,15,15,628,8237
2024,10590,考深圳大学,222,144,144,600,21989
2024,10590,深圳大学,223,31,31,597,23727
2024,10590,深圳大学,224,425,425,610,15759
2024,10590,育深圳大学,225,647,647,604,19452
2024,10590,深圳大学,226,136,136,604,19633
2024,10590,深圳大学,227,29,29,610,16114
2024,10590,教深圳大学,228,16,16,610,16162
2024,10590,深圳大学,229,183,183,596,24428
2024,10590,省深圳大学,230,57,57,594,26086
2024,10590,深圳大学,231,145,145,595,25235
2024,10590,深圳大学,232,189,189,618,12064
2024,10590,深圳大学,234,75,75,589,29998
2024,10590,深圳大学,235,34,34,591,28592
2024,10590,深圳大学,237,166,166,588,30502
2024,10590,教深圳大学,238,77,77,589,29849
2024,10590,深圳大学,239,22,22,596,24701
2024,10590,深圳大学,240,122,122,595,25110
2024,10590,省深圳大学,241,101,101,605,18639
2024,10590,深圳大学,242,271,271,591,28089
2024,10590,深圳大学(中外合作办学),243,180,180,578,39128
2024,10590,东深圳大学(地方专项),251,70,70,578,38998
2024,10590,深圳大学(地方专项),252,15,15,572,45408
2024,10590,深圳大学(地方专项),253,20,20,587,31338
2024,10590,广深圳大学(地方专项),254,15,15,557,61446
2024,10590,深圳大学(地方专项),255,75,75,567,49788
2024,10592,广东财经大学,202,933,933,543,79414
2024,10592,广东财经大学,204,1411,1411,538,86634
2024,10592,广东财经大学,206,156,156,564,54020
2024,10592,广东财经大学,208,120,120,544,78460
2024,10592,广东财经大学,210,75,75,544,78330
2024,10592,广东财经大学,212,729,729,550,71086
2024,10592,广东财经大学(联合培养),214,135,135,533,93683
2024,10592,广东财经大学(联合培养),216,40,40,535,91788
2024,10592,广东财经大学(地方专项),220,10,10,533,93510
2024,10593,广西大学,201,20,20,566,51130
2024,10593,广西大学,202,45,45,584,33599
2024,10593,广西大学,203,20,20,567,50257
2024,10594,广西科技大学,201,3,3,522,110912
2024,10594,广西科技大学,202,7,7,511,128565
2024,10594,广西科技大学,203,43,43,513,125981
2024,10595,桂林电子科技大学,201,21,21,540,83439
2024,10595,桂林电子科技大学,202,99,99,563,54735
2024,10595,桂林电子科技大学(本科预科班),205,5,5,456,228598
2024,10596,桂林理工大学,204,16,16,520,113683
2024,10596,桂林理工大学,205,42,42,520,114042
2024,10596,桂林理工大学(中外合作办学),206,6,6,522,111256
2024,10598,广西医科大学,201,7,7,522,111888
2024,10598,试广西医科大学,202,16,16,553,66235
2024,10598,广西医科大学,203,5,5,541,82091
2024,10599,右江民族医学院,203,1,1,502,144830
2024,10599,考右江民族医学院,204,2,2,497,153990
2024,10599,右江民族医学院,205,27,27,501,145922
2024,10599,右江民族医学院,206,1,1,514,124368
2024,10600,育广西中医药大学,201,19,19,552,67681
2024,10600,广西中医药大学,203,5,5,539,85494
2024,10600,广西中医药大学,204,8,8,514,123215
2024,10600,教广西中医药大学(联合培养),205,4,4,503,142285
2024,10601,桂林医学院,201,12,12,532,95877
2024,10601,省桂林医学院(联合培养),202,5,5,494,157699
2024,10602,广西师范大学,205,2,2,572,45420
2024,10602,广西师范大学,206,11,11,534,92671
2024,10602,广西师范大学,208,2,2,564,53551
2024,10602,广西师范大学,209,4,4,567,49981
2024,10602,广西师范大学,211,10,10,549,71863
2024,10602,教广西师范大学(联合培养),212,1,1,503,143106
2024,10603,南宁师范大学,203,12,12,516,121145
2024,10603,南宁师范大学,204,4,4,549,72005
2024,10603,省南宁师范大学,205,13,13,530,99458
2024,10603,南宁师范大学(桂台合作办学),206,3,3,521,113063
2024,10605,河池学院,201,5,5,501,145403
2024,10605,东河池学院,202,5,5,494,157709
2024,10606,玉林师范学院,205,7,7,496,155187
2024,10606,玉林师范学院,206,25,25,499,150450
2024,10606,广玉林师范学院,207,23,23,491,163305
2024,10606,玉林师范学院,208,18,18,489,166663
2024,10606,玉林师范学院,209,5,5,496,155723
2024,10607,广西艺术学院,203,8,8,498,151331
2024,10608,广西民族大学,204,3,3,528,101372
2024,10608,广西民族大学,205,16,16,507,135766
2024,10608,广西民族大学,206,1,1,541,83029
2024,10608,广西民族大学(联合培养),207,3,3,510,131292
2024,10608,广西民族大学,209,10,10,507,134764
2024,10608,广西民族大学(联合培养),210,5,5,527,103102
2024,10608,广西民族大学,215,1,1,506,136775
2024,10610,四川大学,202,4,4,614,13691
2024,10610,四川大学(中外合作办学),203,6,6,612,14904
2024,10610,四川大学,204,84,84,618,12055
2024,10610,四川大学(中外合作办学),205,18,18,615,13322
2024,10610,四川大学,210,8,8,646,3432
2024,10610,四川大学(中外合作办学),211,4,4,615,13380
2024,10611,重庆大学,203,90,93,616,13017
2024,10611,重庆大学(中外合作办学),204,10,10,608,16889
2024,10613,西南交通大学,203,108,108,586,32283
2024,10613,西南交通大学(中外合作办学),207,19,19,594,26315
2024,10613,西南交通大学(中外合作办学),208,10,10,573,43749
2024,10614,电子科技大学,202,122,122,640,4697
2024,10615,西南石油大学,206,11,11,557,61983
2024,10615,试西南石油大学,207,53,53,564,53320
2024,10615,西南石油大学,208,17,17,561,56755
2024,10615,西南石油大学,209,4,4,568,49639
2024,10615,考西南石油大学,210,5,5,578,39044
2024,10616,成都理工大学,205,13,13,556,62507
2024,10616,成都理工大学,206,3,3,566,51643
2024,10616,育成都理工大学(中外合作办学),207,3,3,542,80709
2024,10616,成都理工大学,208,4,4,563,55192
2024,10616,成都理工大学,209,16,16,559,59732
2024,10616,教成都理工大学,210,41,41,555,64432
2024,10616,成都理工大学,211,13,13,568,49107
2024,10616,省成都理工大学,212,22,22,581,36806
2024,10616,成都理工大学(中外合作办学),213,4,4,570,46869
2024,10616,成都理工大学,215,12,12,579,38598
2024,10617,重庆邮电大学,203,18,18,583,34509
2024,10617,重庆邮电大学(中外合作办学),207,30,30,572,45174
2024,10618,重庆交通大学,205,14,14,538,86607
2024,10618,教重庆交通大学,206,12,12,542,81739
2024,10618,重庆交通大学,207,79,79,542,81489
2024,10618,重庆交通大学,208,3,3,568,49357
2024,10619,省西南科技大学,204,11,11,536,89585
2024,10619,西南科技大学,205,47,47,527,103843
2024,10619,西南科技大学(中外合作办学),206,4,4,507,136303
2024,10621,东成都信息工程大学,202,2,2,559,59894
2024,10621,成都信息工程大学,203,1,1,563,55194
2024,10621,成都信息工程大学,204,55,55,561,57416
2024,10622,广四川轻化工大学,202,2,2,535,91494
2024,10622,四川轻化工大学,203,11,11,536,89587
2024,10622,四川轻化工大学,204,11,11,529,99517
2024,10623,西华大学,202,6,6,535,91237
2024,10623,西华大学,203,22,22,545,76570
2024,10623,西华大学,204,5,5,556,62587
2024,10623,西华大学(本科预科班),205,3,3,470,202167
2024,10624,中国民用航空飞行学院,204,5,5,528,102113
2024,10624,中国民用航空飞行学院,206,15,15,532,95524
2024,10624,中国民用航空飞行学院,207,136,136,530,98032
2024,10626,四川农业大学,201,28,29,558,60376
2024,10626,四川农业大学,202,77,77,558,60537
2024,10628,西昌学院,201,2,2,520,114745
2024,10631,重庆医科大学(中外合作办学),202,4,4,588,30391
2024,10631,重庆医科大学,203,7,7,601,21424
2024,10631,重庆医科大学,204,9,9,563,54891
2024,10632,西南医科大学,201,25,25,526,104188
2024,10633,成都中医药大学,202,2,2,544,78585
2024,10633,成都中医药大学(中外合作办学),203,2,2,533,93773
2024,10633,成都中医药大学,207,6,6,546,75924
2024,10633,成都中医药大学,208,8,8,582,35619
2024,10633,成都中医药大学,209,11,11,557,61260
2024,10633,成都中医药大学,210,2,2,552,68230
2024,10633,成都中医药大学(中外合作办学),211,5,5,532,95239
2024,10634,试川北医学院,202,10,10,554,65019
2024,10634,川北医学院,203,5,5,549,71752
2024,10634,川北医学院,204,5,5,526,104597
2024,10635,考西南大学,205,7,7,576,40789
2024,10635,西南大学,206,2,2,574,43701
2024,10635,西南大学(中外合作办学),207,1,1,592,27372
2024,10635,育西南大学(中外合作办学),208,3,3,588,30184
2024,10635,西南大学,209,12,12,589,30071
2024,10635,西南大学,210,1,1,592,27853
2024,10635,教西南大学,211,6,6,592,27539
2024,10635,西南大学,212,2,2,613,14383
2024,10635,省西南大学(中外合作办学),213,24,24,567,50167
2024,10635,西南大学(中外合作办学),214,8,8,574,42846
2024,10635,西南大学,215,1,1,605,18766
2024,10636,四川师范大学,206,31,31,533,94919
2024,10636,四川师范大学,207,3,3,548,73137
2024,10636,四川师范大学,209,3,3,552,67671
2024,10636,教四川师范大学,210,28,28,546,75945
2024,10636,四川师范大学,211,6,6,532,95228
2024,10636,四川师范大学,212,2,2,534,92940
2024,10636,省四川师范大学,213,5,5,545,76487
2024,10637,重庆师范大学,203,9,9,542,81585
2024,10637,重庆师范大学,204,7,7,549,71209
2024,10637,东重庆师范大学,205,7,7,539,84675
2024,10637,重庆师范大学,206,1,1,568,49473
2024,10638,西华师范大学,203,5,5,522,110950
2024,10638,广西华师范大学,204,3,3,517,118409
2024,10638,西华师范大学,205,5,5,530,99393
2024,10640,内江师范学院,203,3,3,521,113283
2024,10640,内江师范学院,204,1,1,525,106612
2024,10640,内江师范学院,205,8,8,515,121831
2024,10640,内江师范学院,206,4,4,512,127277
2024,10642,重庆文理学院,201,11,11,504,141042
2024,10643,重庆三峡学院,203,5,5,523,110033
2024,10644,四川文理学院,202,3,3,503,141964
2024,10644,四川文理学院,203,3,3,503,142676
2024,10647,长江师范学院(中外合作办学),203,8,8,484,175735
2024,10649,乐山师范学院,202,6,6,500,148351
2024,10649,乐山师范学院,203,6,6,498,151649
2024,10650,四川外国语大学,206,8,8,548,73487
2024,10650,四川外国语大学(中外合作办学),207,2,2,535,90897
2024,10650,四川外国语大学,208,13,13,534,92828
2024,10650,四川外国语大学(中外合作办学),209,1,1,525,106363
2024,10650,四川外国语大学,210,1,1,549,71372
2024,10651,西南财经大学,203,30,30,602,20470
2024,10651,西南财经大学(中外合作办学),204,22,22,578,39521
2024,10651,西南财经大学,205,14,14,606,18010
2024,10652,西南政法大学,204,4,4,583,34814
2024,10652,西南政法大学,205,92,92,583,34530
2024,10652,西南政法大学(中外合作办学),206,4,4,613,14575
2024,10654,试四川音乐学院,202,2,2,521,112167
2024,10654,四川音乐学院(中外合作办学),211,2,2,516,121032
2024,10655,四川美术学院,202,8,8,519,116451
2024,10655,考四川美术学院,203,3,3,551,69216
2024,10656,西南民族大学,203,15,15,532,95157
2024,10656,西南民族大学,204,4,4,534,93254
2024,10656,育西南民族大学,205,17,17,543,80262
2024,10656,西南民族大学,206,6,6,549,71732
2024,10656,西南民族大学,207,11,11,531,96975
2024,10657,教贵州大学,203,2,2,577,40402
2024,10657,贵州大学,204,15,15,578,39495
2024,10657,省贵州大学,205,2,2,576,41131
2024,10657,贵州大学(中外合作办学),206,5,5,570,47099
2024,10657,贵州大学(中外合作办学),207,3,3,552,67620
2024,10660,贵州医科大学,201,13,13,563,54772
2024,10660,贵州医科大学(联合培养),202,4,4,472,197873
2024,10660,贵州医科大学(联合培养),205,5,5,510,131089
2024,10660,教贵州医科大学,206,6,6,513,125001
2024,10661,遵义医科大学,204,2,2,510,130327
2024,10661,遵义医科大学,205,79,79,534,92425
2024,10661,省遵义医科大学,206,2,2,515,123050
2024,10661,遵义医科大学,209,114,114,562,56337
2024,10661,遵义医科大学,210,61,61,519,115437
2024,10661,东遵义医科大学,211,18,18,521,113090
2024,10661,遵义医科大学,212,52,52,518,118035
2024,10662,贵州中医药大学,203,2,2,531,97420
2024,10662,广贵州中医药大学,204,2,2,522,111434
2024,10662,贵州中医药大学,205,7,7,487,171785
2024,10662,贵州中医药大学,206,28,28,515,122943
2024,10662,贵州中医药大学(中外合作办学),207,5,5,503,142549
2024,10663,贵州师范大学,204,5,5,554,65258
2024,10663,贵州师范大学,205,5,5,527,103494
2024,10663,贵州师范大学,206,3,3,537,88326
2024,10667,安顺学院,204,1,1,502,144598
2024,10667,安顺学院,206,1,1,493,160402
2024,10668,贵州工程应用技术学院,204,3,3,497,153867
2024,10669,凯里学院,203,4,4,496,154611
2024,10669,凯里学院(中外合作办学),204,10,10,488,169869
2024,10671,贵州财经大学,202,8,8,524,108109
2024,10671,贵州财经大学(中外合作办学),203,3,3,521,112569
2024,10673,云南大学,204,15,15,559,59814
2024,10673,云南大学,205,4,4,578,38861
2024,10673,云南大学,206,38,38,575,42347
2024,10673,云南大学(中外合作办学),207,5,5,557,61326
2024,10673,云南大学,208,19,19,589,29989
2024,10673,云南大学,209,2,2,596,24307
2024,10674,昆明理工大学,202,12,12,539,84760
2024,10674,昆明理工大学,203,44,44,546,76041
2024,10676,云南农业大学,201,3,3,528,101689
2024,10676,云南农业大学,202,3,3,525,106357
2024,10676,试云南农业大学(中外合作办学),203,2,2,500,148349
2024,10676,云南农业大学,204,31,31,513,125169
2024,10676,云南农业大学(中外合作办学),205,1,1,517,118991
2024,10677,考西南林业大学,201,2,2,523,109052
2024,10677,西南林业大学,202,14,14,514,124380
2024,10677,西南林业大学,203,2,2,520,115062
2024,10677,育西南林业大学(中外合作办学),204,1,1,522,110951
2024,10677,西南林业大学,205,1,1,533,94765
2024,10678,昆明医科大学,201,23,23,522,110787
2024,10678,教昆明医科大学(中外合作办学),202,7,7,507,135659
2024,10679,大理大学,202,4,4,523,109996
2024,10679,省大理大学,203,8,8,515,121690
2024,10679,大理大学,204,2,2,525,106330
2024,10680,云南中医药大学,201,6,6,516,120768
2024,10681,云南师范大学,205,9,9,525,106660
2024,10681,云南师范大学,207,3,3,559,58886
2024,10687,红河学院,202,8,8,496,155171
2024,10687,教红河学院,203,8,8,495,156913
2024,10689,云南财经大学,204,32,32,517,118809
2024,10689,云南财经大学(中外合作办学),205,29,29,511,129336
2024,10689,省云南财经大学,206,14,14,522,111646
2024,10689,云南财经大学,207,2,2,522,110669
2024,10689,云南财经大学(中外合作办学),209,6,6,497,153809
2024,10691,东云南民族大学,203,1,1,544,78197
2024,10694,西藏大学,206,7,7,533,93976
2024,10694,西藏大学,207,1,1,542,80402
2024,10694,广西藏大学,208,13,13,529,100604
2024,10694,西藏大学,209,3,3,543,79544
2024,10694,西藏大学,211,4,4,539,85028
2024,10697,西北大学,203,2,2,592,27486
2024,10697,西北大学,204,18,18,603,19707
2024,10697,西北大学,205,2,2,602,20424
2024,10697,西北大学(中外合作办学),206,3,3,567,50369
2024,10698,西安交通大学,202,9,9,640,4861
2024,10698,西安交通大学(中外合作办学),207,24,24,605,18729
2024,10699,西北工业大学,202,87,87,635,6020
2024,10700,西安理工大学(中外合作办学),202,8,8,546,76224
2024,10701,西安电子科技大学,201,7,7,611,15314
2024,10701,西安电子科技大学(中外合作办学),202,11,11,604,19520
2024,10701,西安电子科技大学,203,100,100,625,9355
2024,10701,西安电子科技大学(中外合作办学),204,18,18,610,16188
2024,10702,西安工业大学,202,2,2,551,69012
2024,10702,西安工业大学,203,8,8,551,69681
2024,10702,西安工业大学(中外合作办学),204,4,4,546,75908
2024,10703,西安建筑科技大学,202,3,3,566,50884
2024,10703,西安建筑科技大学(中外合作办学),203,2,2,536,89550
2024,10703,西安建筑科技大学,204,41,41,539,85323
2024,10703,西安建筑科技大学(中外合作办学),206,4,4,537,88249
2024,10703,西安建筑科技大学,207,3,3,553,66814
2024,10704,西安科技大学,201,6,6,543,80201
2024,10704,试西安科技大学,202,2,2,557,61376
2024,10704,西安科技大学,203,53,53,539,84711
2024,10705,西安石油大学,203,2,2,534,93122
2024,10705,考西安石油大学,204,12,12,533,94770
2024,10705,西安石油大学,205,3,3,542,81109
2024,10705,西安石油大学,206,3,3,562,56383
2024,10708,育陕西科技大学,202,19,19,548,72963
2024,10708,陕西科技大学(中外合作办学),203,7,7,542,80853
2024,10709,西安工程大学,201,2,2,549,71682
2024,10709,教西安工程大学,202,15,15,525,105708
2024,10710,长安大学,202,29,29,567,50458
2024,10710,省长安大学,203,158,158,579,38341
2024,10710,长安大学(中外合作办学),204,15,15,573,44719
2024,10710,长安大学(中外合作办学),205,10,10,578,39742
2024,10712,西北农林科技大学,204,2,2,598,22923
2024,10712,西北农林科技大学,205,26,26,599,22584
2024,10712,西北农林科技大学(中外合作办学),207,4,4,577,39859
2024,10712,教西北农林科技大学(中外合作办学),208,5,5,579,38705
2024,10712,西北农林科技大学,209,2,2,602,20336
2024,10716,陕西中医药大学,201,22,22,520,113896
2024,10718,省陕西师范大学,205,2,2,607,17692
2024,10718,陕西师范大学,206,7,7,581,36489
2024,10718,陕西师范大学,207,1,1,582,36079
2024,10718,东陕西师范大学,208,15,15,590,29108
2024,10718,陕西师范大学,209,26,26,596,24398
2024,10718,陕西师范大学,210,27,27,591,28259
2024,10718,广陕西师范大学,211,30,30,590,28929
2024,10718,陕西师范大学,212,7,7,587,31671
2024,10719,延安大学,203,2,2,520,114081
2024,10719,延安大学,204,2,2,521,112963
2024,10719,延安大学,205,4,4,516,120692
2024,10720,陕西理工大学,202,1,1,523,109746
2024,10720,陕西理工大学,203,3,3,529,99506
2024,10720,陕西理工大学(中外合作办学),204,15,15,511,128953
2024,10722,咸阳师范学院,202,2,2,502,143525
2024,10722,咸阳师范学院,203,2,2,509,132951
2024,10724,西安外国语大学,203,5,5,549,72260
2024,10724,西安外国语大学,204,10,10,540,83647
2024,10724,西安外国语大学,205,1,1,539,85349
2024,10726,西北政法大学,203,2,2,609,16745
2024,10726,西北政法大学,204,3,3,582,35470
2024,10730,兰州大学,204,2,2,599,22441
2024,10730,兰州大学,205,12,12,600,21715
2024,10730,兰州大学,206,30,30,609,16362
2024,10730,兰州大学,207,8,8,612,14690
2024,10730,兰州大学,208,43,43,601,21510
2024,10730,兰州大学,209,9,9,609,16624
2024,10730,兰州大学(中外合作办学),210,10,10,605,18956
2024,10731,兰州理工大学,202,4,4,510,130496
2024,10731,兰州理工大学,203,56,56,527,103989
2024,10731,试兰州理工大学,204,4,4,521,112163
2024,10731,兰州理工大学,205,2,2,519,115230
2024,10731,兰州理工大学,206,2,2,547,73803
2024,10731,考兰州理工大学,207,3,3,542,80954
2024,10732,兰州交通大学,203,22,22,537,87456
2024,10732,兰州交通大学,204,7,7,534,92616
2024,10732,育兰州交通大学,205,3,3,556,63181
2024,10733,甘肃农业大学,202,23,23,494,158288
2024,10735,甘肃中医药大学,201,3,3,505,138670
2024,10735,教甘肃中医药大学,202,4,4,506,136551
2024,10735,甘肃中医药大学,203,33,33,535,90958
2024,10736,省西北师范大学,206,5,5,531,97511
2024,10736,西北师范大学,207,3,3,544,78603
2024,10736,西北师范大学,208,17,17,538,86726
2024,10738,陇东学院,204,6,6,496,154787
2024,10738,陇东学院,205,16,16,491,163716
2024,10739,天水师范学院,206,3,3,499,149727
2024,10739,教天水师范学院,207,5,5,501,146493
2024,10739,天水师范学院,208,3,3,491,163808
2024,10741,兰州财经大学,203,22,22,505,138441
2024,10741,省兰州财经大学,204,8,8,515,122191
2024,10741,兰州财经大学(联合培养),208,6,6,493,160032
2024,10742,西北民族大学,204,8,8,502,143498
2024,10742,东西北民族大学,205,2,2,506,137910
2024,10743,青海大学,201,7,7,547,73807
2024,10743,青海大学,202,42,42,544,78443
2024,10743,广青海大学,203,16,16,543,80055
2024,10743,青海大学,204,8,8,565,52505
2024,10743,青海大学,205,7,7,550,70073
2024,10746,青海师范大学,203,4,4,504,141607
2024,10746,青海师范大学,204,6,6,523,108896
2024,10746,青海师范大学,205,17,17,518,117211
2024,10748,青海民族大学,201,1,1,506,137235
2024,10749,宁夏大学,202,11,11,569,48618
2024,10749,宁夏大学(中外合作办学),204,3,3,537,87649
2024,10752,宁夏医科大学,201,1,1,501,145427
2024,10752,宁夏医科大学,203,44,44,511,128935
2024,10752,宁夏医科大学,204,6,6,502,143786
2024,10755,新疆大学,204,2,2,561,56820
2024,10755,新疆大学,205,2,2,557,61252
2024,10755,新疆大学,206,21,21,548,72613
2024,10755,新疆大学,207,24,24,553,66144
2024,10755,新疆大学,208,4,4,560,58180
2024,10755,新疆大学,209,1,1,555,63810
2024,10757,塔里木大学,201,5,5,495,156209
2024,10757,塔里木大学,202,18,18,492,161357
2024,10757,塔里木大学,203,12,12,491,163052
2024,10757,塔里木大学,204,5,5,495,156240
2024,10758,新疆农业大学,204,2,2,498,151455
2024,10758,新疆农业大学,205,2,2,496,154869
2024,10758,试新疆农业大学,206,8,8,485,175226
2024,10758,新疆农业大学,207,100,100,489,168038
2024,10758,新疆农业大学,208,20,20,500,147599
2024,10758,考新疆农业大学,209,6,6,496,154943
2024,10758,新疆农业大学(中外合作办学),210,5,5,488,168419
2024,10759,石河子大学,201,4,4,544,78110
2024,10759,育石河子大学,202,8,8,538,86311
2024,10759,石河子大学,203,10,10,549,71903
2024,10759,石河子大学,204,10,10,556,63327
2024,10759,教石河子大学,205,2,2,560,57711
2024,10759,石河子大学,206,4,4,550,69977
2024,10760,省新疆医科大学,201,8,8,511,129079
2024,10760,新疆医科大学,202,62,62,507,135929
2024,10762,新疆师范大学,203,2,2,517,118905
2024,10762,新疆师范大学,205,6,6,504,140899
2024,10762,新疆师范大学,206,5,5,507,136164
2024,10763,喀什大学,205,2,2,505,138265
2024,10763,教喀什大学,206,51,51,488,169169
2024,10763,喀什大学,207,3,3,496,155041
2024,10764,伊犁师范大学,203,8,8,491,163321
2024,10764,省伊犁师范大学,204,3,3,492,161591
2024,10764,伊犁师范大学,205,19,19,488,168193
2024,10764,伊犁师范大学,206,3,3,491,163891
2024,10765,东新疆和田学院,203,2,2,495,156873
2024,10765,新疆和田学院,204,9,9,487,170100
2024,10766,新疆财经大学,203,1,1,499,150405
2024,10766,广新疆财经大学,204,11,11,503,142435
2024,10766,新疆财经大学,205,4,4,504,141665
2024,10766,新疆财经大学,206,1,1,502,144765
2024,10768,新疆艺术学院,202,5,5,486,172710
2024,10792,天津城建大学,206,4,4,510,130881
2024,10792,天津城建大学(中外合作办学),207,4,4,501,146808
2024,10792,天津城建大学,208,31,31,509,132066
2024,10792,天津城建大学,209,5,5,506,137881
2024,10809,山西中医药大学,201,3,3,510,130818
2024,10809,山西中医药大学,202,15,15,543,79718
2024,10812,吕梁学院,203,3,3,496,154424
2024,10822,广东白云学院,201,519,519,471,200862
2024,10822,广东白云学院(校企联合培养),202,400,400,465,211773
2024,10822,广东白云学院,203,462,462,468,205104
2024,10822,广东白云学院,204,603,603,471,200196
2024,10822,广东白云学院,205,114,114,457,226378
2024,10822,广东白云学院,206,238,238,459,222472
2024,10822,广东白云学院,207,210,210,478,187426
2024,10822,广东白云学院,208,90,90,479,185331
2024,10822,广东白云学院,209,40,40,479,185414
2024,10822,广东白云学院,210,220,220,461,218740
2024,10822,广东白云学院,211,214,214,463,214365
2024,10822,广东白云学院,212,465,465,468,204951
2024,10822,广东白云学院(校企联合培养),213,156,156,459,222889
2024,10822,试广东白云学院(校企联合培养),214,50,50,449,240059
2024,10822,广东白云学院(学分互认),215,95,95,459,222003
2024,10822,广东白云学院(学分互认),216,25,25,458,223361
2024,10822,考广东白云学院,217,64,64,469,203403
2024,10823,长沙医学院,201,130,130,489,167625
2024,10833,广东轻工职业技术大学,201,70,70,523,108749
2024,10833,育广东轻工职业技术大学,202,70,70,535,91785
2024,10833,广东轻工职业技术大学,203,15,15,520,114974
2024,10841,辽宁对外经贸学院,202,4,4,474,195426
2024,10846,教江西科技学院,202,3,3,484,177067
2024,10850,南京工业职业技术大学,202,45,45,526,104750
2024,10856,省上海工程技术大学,203,8,8,540,83376
2024,10856,上海工程技术大学,204,37,37,541,81884
2024,10876,浙江万里学院,203,3,3,500,147629
2024,10878,安徽建筑大学,201,8,8,528,101577
2024,10878,安徽建筑大学,202,12,12,514,123746
2024,10895,萍乡学院,203,7,7,492,161068
2024,10904,教枣庄学院,201,5,5,494,158293
2024,10908,山东工艺美术学院,202,5,5,509,132159
2024,10918,黄淮学院,201,5,5,495,156536
2024,10918,省黄淮学院,202,10,10,490,164727
2024,10918,黄淮学院,203,10,10,491,162851
2024,10918,黄淮学院(中外合作办学),204,5,5,490,164889
2024,10918,东黄淮学院,205,5,5,495,157286
2024,10919,平顶山学院,202,2,2,492,162390
2024,10919,平顶山学院,203,2,2,502,144578
2024,10920,广湖北理工学院,203,11,11,515,121625
2024,10927,湖北科技学院,201,2,2,522,110533
2024,10927,湖北科技学院,202,8,8,521,113254
2024,10927,湖北科技学院(中外合作办学),203,2,2,515,122149
2024,10929,湖北医药学院,201,8,8,517,119569
2024,10964,吉林外国语大学,203,15,15,486,173599
2024,10964,吉林外国语大学,204,9,9,483,179144
2024,10964,吉林外国语大学(中外合作办学),205,2,2,477,190091
2024,10994,新疆工程学院,202,6,6,487,170528
2024,10994,新疆工程学院,203,5,5,488,169361
2024,10997,昌吉学院,204,4,4,488,168836
2024,10997,昌吉学院(校企联合培养),205,7,7,487,170660
2024,11035,沈阳大学(中外合作办学),201,2,2,513,126250
2024,11035,沈阳大学,202,31,31,516,120020
2024,11035,沈阳大学(中外合作办学),203,2,2,522,111525
2024,11047,上海立信会计金融学院,202,12,12,541,82194
2024,11047,上海立信会计金融学院,203,6,6,549,71479
2024,11048,金陵科技学院,202,3,3,527,103993
2024,11048,金陵科技学院,203,10,10,522,110486
2024,11048,金陵科技学院,204,1,1,523,109962
2024,11049,淮阴工学院,201,6,6,501,145303
2024,11049,淮阴工学院,202,2,2,512,126411
2024,11049,淮阴工学院,203,2,2,510,129844
2024,11053,徐州工程学院,203,3,3,513,126315
2024,11055,试常州工学院,201,5,5,503,142798
2024,11055,常州工学院,202,10,10,502,143854
2024,11057,浙江科技大学,202,34,34,538,85938
2024,11057,考浙江科技大学(联合培养),203,5,5,543,79921
2024,11058,宁波工程学院,201,6,6,521,113080
2024,11058,宁波工程学院,202,20,20,529,100411
2024,11058,育宁波工程学院,203,2,2,522,110725
2024,11058,宁波工程学院(中外合作办学),204,7,7,517,119061
2024,11059,合肥大学,201,2,2,524,107857
2024,11059,教合肥大学,202,2,2,527,102872
2024,11059,合肥大学,203,9,9,516,121478
2024,11059,省合肥大学,204,3,3,521,111980
2024,11062,厦门理工学院(中外合作办学),203,3,3,548,73088
2024,11062,厦门理工学院,204,25,25,547,74769
2024,11065,青岛大学,203,25,25,541,82417
2024,11065,青岛大学,204,13,13,550,70558
2024,11066,烟台大学,203,4,4,529,100731
2024,11066,教烟台大学,204,10,10,528,101620
2024,11066,烟台大学(本科预科班),205,3,3,470,202818
2024,11067,潍坊学院,203,4,4,497,152716
2024,11067,省潍坊学院,204,5,5,492,162781
2024,11067,潍坊学院,205,3,3,488,168698
2024,11068,郑州工程技术学院,202,7,7,496,155763
2024,11068,东郑州工程技术学院,203,16,16,493,161046
2024,11070,洛阳理工学院,202,7,7,495,157197
2024,11070,洛阳理工学院,203,49,49,504,141111
2024,11070,广洛阳理工学院(中外合作办学),204,14,14,486,171879
2024,11071,新乡学院,201,8,8,490,164699
2024,11072,江汉大学,202,6,6,533,93520
2024,11075,三峡大学,202,4,4,549,71765
2024,11075,三峡大学,203,14,14,553,67111
2024,11075,三峡大学,204,14,14,588,30678
2024,11075,三峡大学(中外合作办学),206,4,4,581,36923
2024,11075,三峡大学,208,6,6,544,77870
2024,11077,长沙学院,205,6,6,519,116592
2024,11077,长沙学院,206,21,21,525,106675
2024,11077,长沙学院,208,2,2,537,88330
2024,11077,长沙学院,209,4,4,517,118777
2024,11077,长沙学院,210,2,2,528,102262
2024,11078,广州大学,201,960,960,551,68616
2024,11078,广州大学,202,534,534,552,67305
2024,11078,广州大学,203,2168,2168,546,75046
2024,11078,广州大学,204,135,135,562,55732
2024,11078,广州大学(中外合作办学),205,20,20,536,89227
2024,11078,广州大学(地方专项),220,57,57,532,95103
2024,11078,广州大学(地方专项),221,63,63,533,93533
2024,11079,成都大学,204,7,7,549,71731
2024,11079,成都大学(中外合作办学),205,6,6,530,98865
2024,11079,成都大学,206,36,36,553,66521
2024,11079,成都大学(中外合作办学),207,10,10,539,85421
2024,11079,试成都大学,208,3,3,562,56094
2024,11079,成都大学,209,2,2,556,63205
2024,11079,成都大学(中外合作办学),217,6,6,543,79273
2024,11080,考西安文理学院,202,4,4,517,119340
2024,11100,海南热带海洋学院(中外合作办学),204,6,6,488,169201
2024,11100,海南热带海洋学院,205,10,10,506,136746
2024,11100,育海南热带海洋学院,206,21,21,496,154668
2024,11104,华北科技学院,204,6,6,508,133141
2024,11104,华北科技学院,205,44,44,505,138896
2024,11104,教华北科技学院,206,8,8,500,148541
2024,11104,华北科技学院,207,5,5,497,152624
2024,11104,省华北科技学院,208,31,31,497,153190
2024,11104,华北科技学院,209,6,6,501,146424
2024,11105,中国人民警察大学,201,8,8,540,83841
2024,11105,中国人民警察大学,203,3,3,535,90487
2024,11106,广州航海学院,201,1298,1298,505,138428
2024,11106,广州航海学院(中外合作办学),203,120,120,490,164672
2024,11106,教广州航海学院(联合培养),204,30,30,510,129863
2024,11106,广州航海学院(联合培养),205,12,12,504,141658
2024,11106,广州航海学院(联合培养),206,12,12,495,157086
2024,11106,省广州航海学院(中外合作办学),207,80,80,485,173995
2024,11110,广东警官学院,201,49,49,544,78727
2024,11113,深圳职业技术大学,201,15,15,581,36126
2024,11113,东深圳职业技术大学,202,197,197,564,54061
2024,11113,深圳职业技术大学,203,233,233,559,59695
2024,11116,成都工业学院,201,2,2,543,80245
2024,11117,广扬州大学,203,2,2,551,69623
2024,11117,扬州大学,204,11,11,555,64673
2024,11122,三江学院,203,13,13,481,182696
2024,11122,三江学院,204,34,34,482,180868
2024,11122,三江学院,205,37,37,477,188665
2024,11230,齐齐哈尔医学院,204,5,5,502,143933
2024,11230,齐齐哈尔医学院,205,20,20,531,97296
2024,11230,齐齐哈尔医学院,206,8,8,492,161638
2024,11232,北京信息科技大学,201,17,17,574,43421
2024,11242,太原学院,204,1,1,496,155267
2024,11242,太原学院,206,2,2,491,163794
2024,11242,太原学院,207,1,1,494,159123
2024,11258,大连大学,201,2,2,516,121093
2024,11258,大连大学,202,3,3,550,71184
2024,11261,吉林工商学院,202,6,6,496,155287
2024,11261,吉林工商学院,203,4,4,493,159973
2024,11276,南京工程学院,202,12,12,563,54503
2024,11287,南京审计大学,204,29,29,563,55274
2024,11287,南京审计大学(中外合作办学),205,7,7,565,52425
2024,11311,三明学院,204,1,1,519,116589
2024,11311,三明学院,205,6,6,509,132115
2024,11318,江西科技师范大学,205,1,1,548,73355
2024,11318,江西科技师范大学,206,2,2,537,87890
2024,11318,江西科技师范大学,207,5,5,517,119754
2024,11318,试江西科技师范大学,208,3,3,516,121440
2024,11318,江西科技师范大学,209,13,13,513,126236
2024,11318,江西科技师范大学,210,13,13,527,104066
2024,11319,考南昌工程学院,203,2,2,511,129072
2024,11319,南昌工程学院,204,24,24,521,113310
2024,11319,南昌工程学院(中外合作办学),205,4,4,495,156142
2024,11326,育信阳农林学院,203,10,10,492,162263
2024,11326,信阳农林学院,204,5,5,490,165060
2024,11330,安阳工学院(中外合作办学),202,2,2,495,156960
2024,11336,教荆楚理工学院(中外合作办学),202,3,3,487,170870
2024,11342,湖南工程学院,202,12,12,516,121261
2024,11342,省湖南工程学院,203,9,9,506,136561
2024,11342,湖南工程学院(中外合作办学),204,6,6,500,148242
2024,11347,仲恺农业工程学院,202,508,508,510,130777
2024,11347,仲恺农业工程学院,204,62,62,510,130833
2024,11347,仲恺农业工程学院,205,102,102,509,132071
2024,11347,仲恺农业工程学院(国际班),207,20,20,498,151051
2024,11349,教五邑大学,201,582,582,499,148915
2024,11349,五邑大学,202,112,112,499,149389
2024,11349,五邑大学,203,1388,1388,521,112273
2024,11349,省五邑大学,204,242,242,509,132511
2024,11349,五邑大学,205,856,856,506,136779
2024,11349,五邑大学,206,207,207,504,140991
2024,11349,东五邑大学,207,216,216,517,118834
2024,11349,五邑大学,208,80,80,531,97738
2024,11349,五邑大学(联合培养),209,100,100,499,150135
2024,11354,广梧州学院,202,10,10,496,154353
2024,11354,梧州学院,203,2,2,501,146183
2024,11354,梧州学院,204,26,26,501,146011
2024,11360,攀枝花学院,202,6,6,499,149562
2024,11390,玉溪师范学院,202,2,2,506,136801
2024,11390,玉溪师范学院,203,2,2,506,137375
2024,11393,昆明学院,203,9,9,504,141680
2024,11393,昆明学院,204,5,5,494,158679
2024,11396,商洛学院,203,2,2,496,155161
2024,11396,商洛学院,204,1,1,499,149207
2024,11400,西安培华学院,203,5,5,480,183935
2024,11400,西安培华学院,204,8,8,485,174955
2024,11400,西安培华学院,205,2,2,486,172993
2024,11400,西安培华学院,209,4,4,464,212646
2024,11406,甘肃政法大学,203,2,2,550,70387
2024,11406,甘肃政法大学,204,1,1,538,86264
2024,11406,甘肃政法大学,205,1,1,543,80297
2024,11407,北方民族大学,202,4,4,506,137328
2024,11407,北方民族大学,203,5,5,512,126615
2024,11407,北方民族大学(中外合作办学),204,5,5,507,135091
2024,11413,中国矿业大学(北京),201,4,4,589,29695
2024,11413,中国矿业大学(北京),202,29,29,581,36142
2024,11413,中国矿业大学(北京),203,5,5,585,33207
2024,11414,中国石油大学(北京),203,2,2,592,27666
2024,11414,试中国石油大学(北京),204,21,21,600,22175
2024,11415,中国地质大学(北京),204,3,3,582,35668
2024,11415,中国地质大学(北京),205,4,4,586,32642
2024,11415,考中国地质大学(北京),206,40,40,584,33593
2024,11417,北京联合大学,202,1,1,541,82093
2024,11417,北京联合大学,203,7,7,550,71037
2024,11418,育北京城市学院,202,10,10,481,181941
2024,11418,北京城市学院,203,12,12,480,184003
2024,11420,河北金融学院,203,6,6,497,153184
2024,11420,教河北金融学院(校企联合培养),204,5,5,500,147710
2024,11420,河北金融学院,205,5,5,497,153346
2024,11420,省河北金融学院(中外合作办学),206,4,4,492,162724
2024,11436,长春汽车职业技术大学,201,12,12,496,155455
2024,11437,长春工程学院,201,2,2,496,155637
2024,11437,长春工程学院(本科预科班),203,3,3,438,259593
2024,11439,吉林农业科技学院,202,2,2,496,155456
2024,11439,吉林农业科技学院(中外合作办学),204,2,2,497,153826
2024,11446,教黑龙江东方学院,201,5,5,474,195376
2024,11446,黑龙江东方学院,202,55,55,466,209544
2024,11458,上海电机学院,201,12,12,540,83824
2024,11458,省上海电机学院(中外合作办学),202,5,5,535,90553
2024,11463,江苏理工学院,202,5,5,532,95388
2024,11463,江苏理工学院,203,2,2,509,131780
2024,11482,东浙江财经大学,203,26,26,548,73292
2024,11482,浙江财经大学(中外合作办学),204,1,1,565,52413
2024,11482,浙江财经大学,205,10,10,556,62496
2024,11482,广浙江财经大学(中外合作办学),208,4,4,549,71674
2024,11482,浙江财经大学(中外合作办学),209,3,3,524,107775
2024,11504,江西警察学院,202,4,4,533,94591
2024,11504,江西警察学院,203,5,5,524,108076
2024,11508,新余学院,203,6,6,500,148267
2024,11510,山东交通学院,201,2,2,509,131675
2024,11510,山东交通学院,202,8,8,496,154259
2024,11517,河南工程学院,202,9,9,500,148421
2024,11517,河南工程学院,204,2,2,500,147030
2024,11517,河南工程学院,205,6,6,501,145979
2024,11527,湖南城市学院,204,4,4,511,128537
2024,11527,湖南城市学院,205,16,16,505,138240
2024,11528,湖南工学院,201,6,6,509,132273
2024,11528,湖南工学院,202,19,19,510,130570
2024,11532,湖南财政经济学院,202,16,16,515,122913
2024,11532,湖南财政经济学院,203,7,7,518,118096
2024,11534,湖南警察学院,203,2,2,539,84900
2024,11534,湖南警察学院,204,4,4,527,103193
2024,11534,湖南警察学院,205,1,1,528,101499
2024,11535,湖南工业大学,202,5,5,536,89490
2024,11535,湖南工业大学,203,25,25,531,97883
2024,11535,湖南工业大学,204,53,53,526,104531
2024,11535,湖南工业大学,205,165,165,530,98435
2024,11538,湖南女子学院,202,3,3,501,145509
2024,11540,试广东金融学院,221,921,921,526,104914
2024,11540,广东金融学院,222,850,850,516,121332
2024,11540,广东金融学院,223,93,93,534,92181
2024,11540,考广东金融学院,224,209,209,518,117280
2024,11540,广东金融学院,225,540,540,510,129745
2024,11540,广东金融学院,226,535,535,521,112025
2024,11540,育广东金融学院,227,1005,1005,512,127132
2024,11540,广东金融学院(国际班),228,238,238,505,139773
2024,11540,广东金融学院(联合培养),229,60,60,509,132102
2024,11540,教广东金融学院(地方专项),231,20,20,528,101455
2024,11540,广东金融学院(地方专项),232,40,40,524,107535
2024,11545,省电子科技大学中山学院,201,383,383,485,173966
2024,11545,电子科技大学中山学院,202,420,420,485,174334
2024,11545,电子科技大学中山学院,203,328,328,482,180408
2024,11545,电子科技大学中山学院,207,308,308,488,169087
2024,11546,广西科技师范学院,202,2,2,505,138257
2024,11546,广西科技师范学院,204,2,2,501,145275
2024,11548,教广西财经学院(中外合作办学),202,6,6,498,150627
2024,11548,广西财经学院,203,5,5,525,106689
2024,11548,广西财经学院(中外合作办学),204,3,3,499,148775
2024,11549,省南宁学院,202,12,12,486,173124
2024,11549,南宁学院,203,30,30,486,173015
2024,11551,重庆科技大学,202,4,4,533,94479
2024,11551,东重庆科技大学,203,23,23,534,92514
2024,11552,四川旅游学院(中外合作办学),201,2,2,492,161166
2024,11560,西安财经大学,203,4,4,532,95781
2024,11560,广西安财经大学(中外合作办学),204,6,6,528,101528
2024,11560,西安财经大学,205,2,2,548,72806
2024,11600,湖北经济学院,203,6,6,526,105220
2024,11600,湖北经济学院,204,6,6,532,94940
2024,11607,北部湾大学,205,12,12,506,138056
2024,11607,北部湾大学(中外合作办学),206,5,5,489,167829
2024,11607,北部湾大学,207,2,2,526,105230
2024,11607,北部湾大学,208,6,6,519,115588
2024,11607,北部湾大学(中外合作办学),210,16,16,486,172013
2024,11607,北部湾大学(中外合作办学),211,12,12,495,156614
2024,11629,北华航天工业学院,203,9,9,522,111829
2024,11632,沈阳工程学院,201,6,6,560,58033
2024,11641,江苏海洋大学,202,1,1,550,70786
2024,11646,宁波大学,203,3,3,589,29921
2024,11646,宁波大学,204,6,6,569,48027
2024,11646,宁波大学,205,41,41,568,49417
2024,11646,宁波大学,206,21,21,569,48711
2024,11647,浙江传媒学院,204,1,1,532,96006
2024,11647,浙江传媒学院,205,16,16,538,86710
2024,11647,浙江传媒学院(中外合作办学),206,2,2,542,81046
2024,11647,浙江传媒学院,207,53,53,537,88299
2024,11647,浙江传媒学院,208,4,4,529,100424
2024,11647,浙江传媒学院,212,14,14,537,88752
2024,11652,河南财政金融学院,203,4,4,495,156013
2024,11652,试河南财政金融学院,204,5,5,507,136328
2024,11653,南阳理工学院,205,1,1,505,138845
2024,11653,南阳理工学院,206,5,5,496,154331
2024,11653,考南阳理工学院,207,3,3,497,153974
2024,11653,南阳理工学院,208,1,1,502,144796
2024,11653,南阳理工学院,209,35,35,491,163385
2024,11653,育南阳理工学院,210,13,13,491,164020
2024,11653,南阳理工学院,211,6,6,509,131792
2024,11653,南阳理工学院,212,5,5,491,163490
2024,11656,教广东石油化工学院,201,1039,1039,497,153641
2024,11656,广东石油化工学院,202,1136,1136,498,151638
2024,11656,省广东石油化工学院,203,1089,1089,495,156819
2024,11656,广东石油化工学院,204,753,753,492,161916
2024,11656,广东石油化工学院,205,491,491,491,163007
2024,11656,广东石油化工学院,207,32,32,510,130333
2024,11656,广东石油化工学院,208,566,566,500,147411
2024,11658,海南师范大学,209,6,6,539,85018
2024,11658,教海南师范大学,210,4,4,546,75292
2024,11658,海南师范大学,211,4,4,536,89164
2024,11658,海南师范大学,212,2,2,558,61117
2024,11658,省海南师范大学,213,8,8,550,69998
2024,11658,海南师范大学,214,2,2,557,61912
2024,11658,海南师范大学,215,3,3,548,73253
2024,11658,东海南师范大学,216,5,5,554,65939
2024,11658,海南师范大学,223,2,2,521,112357
2024,11660,重庆理工大学,204,4,4,546,75840
2024,11660,广重庆理工大学,205,35,35,557,62319
2024,11660,重庆理工大学,206,6,6,546,75680
2024,11664,西安邮电大学,203,10,10,548,73214
2024,11664,西安邮电大学,204,40,40,568,49454
2024,11664,西安邮电大学,205,7,7,562,56262
2024,11664,西安邮电大学(本科预科班),206,3,3,464,213003
2024,11688,山东工商学院,204,14,14,497,152382
2024,11688,山东工商学院,205,5,5,502,144956
2024,11726,长春大学,205,16,16,518,117841
2024,11726,长春大学(中外合作办学),206,2,2,506,137145
2024,11726,长春大学(中外合作办学),208,3,3,506,138073
2024,11726,长春大学(中外合作办学),209,3,3,489,166987
2024,11726,长春大学(中外合作办学),210,4,4,498,151772
2024,11726,长春大学(中外合作办学),211,4,4,505,138748
2024,11726,长春大学(中外合作办学),212,2,2,492,161745
2024,11731,贵州商学院,203,2,2,496,154654
2024,11731,贵州商学院(中外合作办学),204,3,3,489,167988
2024,11731,贵州商学院,205,4,4,503,142113
2024,11736,西安航空学院,201,4,4,505,139616
2024,11736,西安航空学院,202,3,3,514,123091
2024,11736,西安航空学院(中外合作办学),203,8,8,503,142506
2024,11765,河南城建学院,202,16,16,490,166013
2024,11775,防灾科技学院,204,2,2,505,138741
2024,11775,防灾科技学院,205,16,16,503,142868
2024,11775,试防灾科技学院,206,16,16,509,131812
2024,11775,防灾科技学院,207,3,3,519,116515
2024,11775,防灾科技学院,208,11,11,509,132041
2024,11798,考武汉东湖学院,203,4,4,479,186209
2024,11798,武汉东湖学院,204,13,13,478,187092
2024,11799,重庆工商大学,204,13,13,537,87507
2024,11799,育重庆工商大学(联合培养),205,7,7,523,109786
2024,11799,重庆工商大学,206,4,4,537,88732
2024,11799,重庆工商大学,207,18,18,540,84292
2024,11799,教重庆工商大学,208,2,2,523,110004
2024,11800,汉口学院,203,25,25,480,184296
2024,11802,省黑龙江工程学院,203,10,10,493,159566
2024,11802,黑龙江工程学院,204,4,4,492,161653
2024,11802,黑龙江工程学院,205,7,7,497,152777
2024,11802,黑龙江工程学院,207,6,6,492,161555
2024,11802,黑龙江工程学院,208,3,3,514,124261
2024,11810,海南医科大学(中外合作办学),203,9,9,496,155526
2024,11810,教海南医科大学,204,4,4,533,94756
2024,11819,东莞理工学院,201,267,267,556,62720
2024,11819,东莞理工学院,202,1930,1930,534,92989
2024,11819,省东莞理工学院,203,106,106,535,91595
2024,11819,东莞理工学院,204,517,517,529,100554
2024,11819,东莞理工学院,205,143,143,525,105850
2024,11819,东东莞理工学院(地方专项),215,90,90,526,105131
2024,11819,东莞理工学院(粤台联合培养),217,214,214,538,86658
2024,11819,东莞理工学院(中外合作办学),219,96,96,534,93294
2024,11819,广东莞理工学院,223,93,93,541,82259
2024,11819,东莞理工学院(粤台联合培养),224,28,28,533,94169
2024,11825,桂林航天工业学院,202,6,6,515,122831
2024,11825,桂林航天工业学院,203,28,28,520,114137
2024,11825,桂林航天工业学院(中外合作办学),204,6,6,502,144050
2024,11833,上海杉达学院(中外合作办学),203,1,1,521,113126
2024,11833,上海杉达学院,204,3,3,509,132505
2024,11834,黄河科技学院,202,4,4,484,176386
2024,11835,上海政法学院,204,2,2,563,54146
2024,11835,上海政法学院,205,30,30,564,53652
2024,11837,桂林旅游学院,205,2,2,503,142928
2024,11837,桂林旅游学院,206,10,10,497,153638
2024,11837,桂林旅游学院(中外合作办学),207,2,2,486,172266
2024,11837,桂林旅游学院,208,2,2,503,143382
2024,11837,桂林旅游学院,209,14,14,495,156670
2024,11837,桂林旅游学院,210,2,2,501,146625
2024,11838,贺州学院,202,23,23,497,153169
2024,11838,贺州学院,203,24,24,500,146895
2024,11843,九江学院,202,2,2,499,150476
2024,11843,九江学院,203,5,5,506,137669
2024,11843,九江学院,204,3,3,546,75861
2024,11845,广东工业大学,206,564,564,594,25873
2024,11845,广东工业大学,207,180,180,584,34297
2024,11845,广东工业大学,208,232,232,567,50424
2024,11845,试广东工业大学,209,80,80,569,48511
2024,11845,广东工业大学,210,217,217,575,42144
2024,11845,广东工业大学,211,633,633,579,38363
2024,11845,考广东工业大学,212,331,331,563,54902
2024,11845,广东工业大学,213,599,599,586,31867
2024,11845,广东工业大学,214,21,21,560,58306
2024,11845,育广东工业大学,215,181,181,555,63878
2024,11845,广东工业大学,216,578,578,588,30594
2024,11845,广东工业大学,218,179,179,556,62595
2024,11845,教广东工业大学,220,388,388,582,35925
2024,11845,广东工业大学,221,174,174,566,51825
2024,11845,省广东工业大学,222,50,50,562,56335
2024,11845,广东工业大学,223,220,220,592,27184
2024,11845,广东工业大学,225,277,277,568,49090
2024,11845,广东工业大学,227,239,239,556,63314
2024,11845,广东工业大学,228,82,82,552,67831
2024,11845,广东工业大学,232,147,147,559,59713
2024,11845,教广东工业大学,233,89,89,556,63379
2024,11845,广东工业大学(学分互认/联合培养),262,293,293,552,68355
2024,11845,广东工业大学(学分互认/联合培养),263,9,9,545,76567
2024,11845,省广东工业大学(学分互认),265,58,58,546,76164
2024,11845,广东工业大学(学分互认),267,10,10,555,63770
2024,11845,广东工业大学(地方专项),272,135,135,549,71986
2024,11845,东广东工业大学(地方专项),273,105,105,535,91751
2024,11846,广东外语外贸大学,208,170,170,554,64957
2024,11846,广东外语外贸大学,209,287,287,559,59791
2024,11846,广广东外语外贸大学,210,661,661,552,67564
2024,11846,广东外语外贸大学,211,533,533,556,63045
2024,11846,广东外语外贸大学,212,377,377,567,50802
2024,11846,广东外语外贸大学,213,160,160,561,56842
2024,11846,广东外语外贸大学,214,20,20,562,55550
2024,11846,广东外语外贸大学(合作办学),215,60,60,543,80285
2024,11846,广东外语外贸大学(地方专项),216,76,76,522,110658
2024,11847,佛山大学(原佛山科学技术学院),201,471,471,552,68019
2024,11847,佛山大学(原佛山科学技术学院),203,797,797,539,85797
2024,11847,佛山大学(原佛山科学技术学院),204,335,335,535,91233
2024,11847,佛山大学(原佛山科学技术学院),206,161,161,538,86508
2024,11847,佛山大学(原佛山科学技术学院),207,45,45,545,77215
2024,11847,佛山大学(原佛山科学技术学院),208,102,102,560,57825
2024,11847,佛山大学(原佛山科学技术学院),209,115,115,534,92807
2024,11847,佛山大学(原佛山科学技术学院),210,57,57,532,95507
2024,11847,佛山大学(原佛山科学技术学院),211,82,82,541,82205
2024,11847,佛山大学(原佛山科学技术学院),212,10,10,548,72989
2024,11847,佛山大学(原佛山科学技术学院),213,25,25,535,90739
2024,11847,佛山大学(原佛山科学技术学院),214,370,370,552,67412
2024,11847,佛山大学(原佛山科学技术学院)(中外合作办,215,120,120,489,166892
2024,11847,佛山大学(原佛山科学技术学院)(联合培养),216,40,40,525,106764
2024,11847,佛山大学(原佛山科学技术学院)(联合培养),217,30,30,500,147183
2024,11847,佛山大学(原佛山科学技术学院)(地方专项),218,85,85,512,127770
2024,12026,大连民族大学,202,16,16,498,150926
2024,12026,试大连民族大学,203,9,9,517,119004
2024,12044,上海第二工业大学,202,2,2,548,73436
2024,12044,上海第二工业大学,203,11,11,550,70351
2024,12044,考上海第二工业大学,204,2,2,538,86292
2024,12048,南京特殊教育师范学院,204,1,1,536,90079
2024,12048,南京特殊教育师范学院,205,3,3,546,76068
2024,12048,育南京特殊教育师范学院,206,4,4,480,184331
2024,12048,南京特殊教育师范学院,207,3,3,505,139522
2024,12048,南京特殊教育师范学院,208,2,2,507,135786
2024,12050,教上海商学院,202,2,2,538,86812
2024,12050,上海商学院,203,2,2,545,76957
2024,12056,省南通理工学院,202,20,20,477,188282
2024,12056,南通理工学院,203,70,70,476,190521
2024,12056,南通理工学院,204,7,7,485,174252
2024,12059,广东培正学院,202,581,581,471,200448
2024,12059,广东培正学院(学分互认),206,15,15,463,215702
2024,12107,贵州警察学院,203,1,1,526,104198
2024,12121,教南方医科大学,206,46,46,649,2977
2024,12121,南方医科大学,207,832,832,590,28691
2024,12121,南方医科大学,208,381,381,575,42275
2024,12121,省南方医科大学,209,143,143,583,35156
2024,12121,南方医科大学(地方专项),210,95,95,535,91170
2024,12214,湖南医药学院,202,9,9,522,111782
2024,12216,东安徽新华学院,202,7,7,473,195894
2024,12216,安徽新华学院,203,5,5,481,182425
2024,12303,湖南涉外经济学院,202,38,38,472,197984
2024,12303,广湖南涉外经济学院,203,27,27,472,198100
2024,12308,海口经济学院,203,24,24,452,234377
2024,12308,海口经济学院,204,30,30,453,233870
2024,12309,武昌首义学院,202,10,10,487,170256
2024,12310,武昌理工学院,202,28,28,481,182571
2024,12332,烟台南山学院,202,5,5,484,176461
2024,12362,武汉生物工程学院,202,47,47,484,176120
2024,12453,中国劳动关系学院,202,17,17,530,98592
2024,12453,中国劳动关系学院,204,2,2,541,82841
2024,12544,宁夏理工学院,203,6,6,485,174434
2024,12560,云南经济管理学院,203,4,4,480,184039
2024,12560,云南经济管理学院,204,6,6,481,182412
2024,12574,广东东软学院,201,156,156,481,182356
2024,12574,广东东软学院,202,62,62,480,184504
2024,12574,广东东软学院,203,55,55,481,181830
2024,12574,广东东软学院,204,57,57,483,178253
2024,12574,广东东软学院,205,52,52,480,183801
2024,12574,广东东软学院,206,60,60,479,186434
2024,12574,广东东软学院,207,80,80,477,189872
2024,12574,广东东软学院,208,69,69,470,202894
2024,12574,广东东软学院,209,46,46,471,199805
2024,12574,广东东软学院,210,73,73,470,202783
2024,12574,广东东软学院,211,34,34,473,196158
2024,12574,广东东软学院,212,60,60,478,187775
2024,12574,试广东东软学院,213,75,75,479,185042
2024,12574,广东东软学院,214,60,60,479,185530
2024,12574,广东东软学院,215,58,58,474,195563
2024,12574,考广东东软学院,216,82,82,469,204158
2024,12574,广东东软学院,217,30,30,463,215382
2024,12574,广东东软学院(中外合作办学),218,110,80,442,253778
2024,12587,育上海立达学院,202,5,5,457,225619
2024,12604,湖南工业大学科技学院,201,12,12,490,166149
2024,12608,重庆工程学院,202,17,17,487,170145
2024,12609,教重庆电子科技职业大学,201,10,10,513,124816
2024,12617,广州城市理工学院,201,60,60,491,163229
2024,12617,省广州城市理工学院,202,1677,1677,484,176571
2024,12617,广州城市理工学院,203,287,287,490,164668
2024,12618,广州软件学院,201,1194,1194,475,192378
2024,12618,广州软件学院,203,30,30,468,205818
2024,12618,广州软件学院(校企联合培养),204,100,100,478,186781
2024,12618,广州软件学院(校企联合培养),206,165,165,469,204282
2024,12618,教广州软件学院(国际班),207,15,15,474,194126
2024,12618,广州软件学院,208,15,15,473,196497
2024,12618,广州软件学院(国际班),209,16,16,462,217435
2024,12619,省广州南方学院,204,891,891,479,186465
2024,12619,广州南方学院,205,797,797,482,180640
2024,12619,广州南方学院,206,529,529,475,192314
2024,12619,东广州南方学院(联合培养),207,31,31,469,204666
2024,12619,广州南方学院(中外合作办学),208,37,37,467,207348
2024,12620,广东外语外贸大学南国商学院,221,136,136,483,178818
2024,12620,广广东外语外贸大学南国商学院,222,228,228,481,181363
2024,12620,广东外语外贸大学南国商学院,223,169,169,480,184524
2024,12620,广东外语外贸大学南国商学院,224,96,96,480,183771
2024,12620,广东外语外贸大学南国商学院,225,132,132,473,196326
2024,12620,广东外语外贸大学南国商学院,226,362,362,478,187737
2024,12620,广东外语外贸大学南国商学院(联合培养),232,76,76,471,201138
2024,12620,广东外语外贸大学南国商学院(联合培养),233,20,20,478,187511
2024,12621,广州华商学院,211,806,806,452,235741
2024,12621,广州华商学院,213,657,657,453,233041
2024,12621,广州华商学院,214,50,50,465,211076
2024,12621,广州华商学院(联合培养),216,30,30,445,247390
2024,12621,广州华商学院,217,790,790,454,232113
2024,12621,广州华商学院,218,80,63,442,252920
2024,12621,广州华商学院,219,565,565,456,227274
2024,12622,湛江科技学院,201,1691,884,442,253755
2024,12622,湛江科技学院,202,2407,988,442,253795
2024,12622,湛江科技学院,203,45,39,442,252727
2024,12623,华南农业大学珠江学院,212,290,290,472,199117
2024,12623,华南农业大学珠江学院,219,527,527,471,200726
2024,12631,厦门医学院,201,11,11,545,77194
2024,12631,厦门医学院,202,4,4,538,86193
2024,12636,成都东软学院,202,6,6,491,163256
2024,12649,湖南科技大学潇湘学院,202,5,5,489,168055
2024,12650,南华大学船山学院,202,4,4,490,166280
2024,12650,试南华大学船山学院,203,6,6,488,169357
2024,12651,湘潭理工学院,202,5,5,489,167354
2024,12653,湖南农业大学东方科技学院,202,2,2,488,168712
2024,12656,考中南林业科技大学涉外学院,202,12,12,490,166142
2024,12656,中南林业科技大学涉外学院,203,24,24,487,171209
2024,12657,湖南文理学院芙蓉学院,203,2,2,492,162429
2024,12657,育湖南文理学院芙蓉学院,204,2,2,492,161652
2024,12658,湖南理工学院南湖学院,202,2,2,500,148470
2024,12659,衡阳师范学院南岳学院,202,2,2,499,149908
2024,12659,教衡阳师范学院南岳学院,203,5,5,489,166592
2024,12660,湖南工程学院应用技术学院,201,5,5,490,166036
2024,12661,省湖南中医药大学湘杏学院,202,9,9,512,127907
2024,12662,张家界学院,202,4,4,486,173045
2024,12668,广州理工学院,201,3177,3177,451,236694
2024,12689,东南大学成贤学院,202,4,4,489,167194
2024,12689,东南大学成贤学院,203,22,22,486,173460
2024,12709,厦门华厦学院,204,18,18,476,191991
2024,12710,教闽南理工学院,202,2,2,488,169211
2024,12712,西安欧亚学院,202,10,10,477,189266
2024,12712,西安欧亚学院,203,4,4,476,191432
2024,12713,省西安外事学院,203,2,2,483,179077
2024,12713,西安外事学院,204,6,6,477,190017
2024,12714,西安翻译学院,202,7,7,477,189260
2024,12714,东西安翻译学院,203,35,35,462,216954
2024,12715,西京学院,204,3,3,487,170289
2024,12715,西京学院,205,6,6,483,179075
2024,12747,广郑州工业应用技术学院,202,2,2,485,175456
2024,12747,郑州工业应用技术学院,203,2,2,484,176544
2024,12763,四川工程职业技术大学,201,10,10,497,153751
2024,12766,江西工程学院,202,2,2,489,167396
2024,12779,山西应用科技学院,203,5,5,484,175820
2024,12784,河北传媒学院,202,9,9,479,185415
2024,12792,浙江越秀外国语学院,203,2,2,480,184576
2024,12792,浙江越秀外国语学院,204,16,16,465,211512
2024,12795,南昌理工学院,203,11,11,486,172884
2024,12795,南昌理工学院,204,42,42,482,179998
2024,12799,上海建桥学院,202,14,14,477,189965
2024,12799,上海建桥学院,203,35,35,476,191138
2024,12799,上海建桥学院(中外合作办学),204,3,3,476,190212
2024,12799,上海建桥学院,205,3,3,475,193203
2024,12802,吉利学院,202,8,8,480,184468
2024,12915,上海中侨职业技术大学,202,23,23,475,193754
2024,12928,泉州职业技术大学,202,20,20,488,169525
2024,12938,江西应用科技学院,202,11,11,482,179658
2024,12938,江西应用科技学院,203,20,20,475,193153
2024,12992,闽南科技学院,203,1,1,488,169044
2024,12992,闽南科技学院,204,1,1,484,177014
2024,12992,闽南科技学院,205,4,4,480,184014
2024,13006,山东英才学院,201,5,5,476,191313
2024,13021,浙大城市学院,203,5,5,536,89400
2024,13021,试浙大城市学院,204,12,12,532,96354
2024,13021,浙大城市学院,205,18,18,543,79977
2024,13022,浙大宁波理工学院,202,31,31,533,94174
2024,13022,考浙大宁波理工学院,203,6,6,523,109981
2024,13023,杭州医学院,201,10,10,520,114654
2024,13065,安徽外国语学院,202,7,7,473,197049
2024,13115,育厦门工学院,202,11,11,477,189773
2024,13121,西安思源学院,202,4,4,479,185003
2024,13188,武汉晴川学院,203,1,1,484,177168
2024,13188,教武汉晴川学院,204,9,9,480,183181
2024,13198,大连理工大学城市学院,202,4,4,476,191951
2024,13198,省大连理工大学城市学院,203,10,10,477,188409
2024,13201,沈阳工学院,201,3,3,478,187510
2024,13201,沈阳工学院,202,7,7,478,187725
2024,13208,沈阳城市建设学院,202,8,8,470,202286
2024,13212,大连医科大学中山学院,202,6,6,484,177036
2024,13213,锦州医科大学医疗学院,202,4,4,473,196007
2024,13215,教辽宁师范大学海华学院,202,4,4,477,188300
2024,13215,辽宁师范大学海华学院,203,3,3,472,197875
2024,13218,大连财经学院,202,11,11,478,187980
2024,13220,省沈阳城市学院,202,7,7,458,224788
2024,13220,沈阳城市学院,203,4,4,475,192627
2024,13234,湖北大学知行学院,202,2,2,495,157435
2024,13234,东湖北大学知行学院,203,2,2,490,165158
2024,13235,武汉城市学院,203,4,4,489,167407
2024,13235,武汉城市学院,204,5,5,489,167585
2024,13235,广武汉城市学院,205,2,2,484,175681
2024,13236,三峡大学科技学院,202,10,10,488,168491
2024,13236,三峡大学科技学院,203,7,7,530,98609
2024,13238,湖北工业大学工程技术学院,203,24,24,481,181972
2024,13239,武汉工程大学邮电与信息工程学院,202,3,3,493,160318
2024,13240,武汉纺织大学外经贸学院,203,1,1,483,178074
2024,13240,武汉纺织大学外经贸学院,204,3,3,481,181611
2024,13240,武汉纺织大学外经贸学院,205,4,4,480,183180
2024,13242,武汉工商学院,203,17,17,483,179244
2024,13242,武汉工商学院,204,4,4,484,175604
2024,13247,湖北商贸学院,202,5,5,488,169788
2024,13247,湖北商贸学院,203,5,5,487,171088
2024,13249,湖北医药学院药护学院,201,8,8,517,119381
2024,13250,湖北恩施学院,203,5,5,480,183380
2024,13250,湖北恩施学院,204,2,2,541,82757
2024,13250,湖北恩施学院,205,5,5,487,170798
2024,13251,湖北经济学院法商学院,202,11,11,481,181911
2024,13253,武汉体育学院体育科技学院,202,2,2,491,164113
2024,13256,湖北师范大学文理学院,203,1,1,499,149234
2024,13256,湖北师范大学文理学院,204,4,4,488,169434
2024,13256,湖北师范大学文理学院,205,9,9,486,173227
2024,13257,湖北文理学院理工学院,201,2,2,484,176253
2024,13257,湖北文理学院理工学院,202,9,9,486,171875
2024,13262,文华学院,203,12,12,481,182517
2024,13279,试杭州电子科技大学信息工程学院,201,2,2,499,149414
2024,13279,杭州电子科技大学信息工程学院,202,10,10,502,144588
2024,13290,浙江工商大学杭州商学院,203,3,3,495,157348
2024,13290,考浙江工商大学杭州商学院,204,19,19,486,173040
2024,13290,浙江工商大学杭州商学院,205,6,6,484,176828
2024,13291,嘉兴南湖学院,201,2,2,513,125877
2024,13292,育中国计量大学现代科技学院,201,2,2,485,173992
2024,13292,中国计量大学现代科技学院,202,8,8,484,176927
2024,13296,黑龙江外国语学院,203,12,12,464,213952
2024,13300,教黑龙江工商学院,202,15,15,464,213986
2024,13300,黑龙江工商学院,203,10,10,468,205373
2024,13301,省哈尔滨远东理工学院,201,40,40,465,211164
2024,13307,哈尔滨华德学院,202,4,4,464,213156
2024,13307,哈尔滨华德学院,203,33,33,458,223591
2024,13324,山东协和学院,204,18,18,480,182862
2024,13324,山东协和学院,205,7,7,485,174649
2024,13326,滇池学院,203,1,1,484,176639
2024,13326,教滇池学院,204,2,2,488,169444
2024,13326,滇池学院,205,5,5,482,180298
2024,13328,丽江文化旅游学院,205,2,2,482,179469
2024,13328,省丽江文化旅游学院,206,6,6,467,206855
2024,13330,昆明城市学院,202,25,25,472,198069
2024,13330,昆明城市学院,203,4,4,479,186353
2024,13332,东昆明医科大学海源学院,203,21,21,480,183481
2024,13378,青岛城市学院,202,4,4,475,192753
2024,13378,青岛城市学院,203,5,5,475,192780
2024,13386,广山东石油化工学院,202,2,2,498,150674
2024,13386,山东石油化工学院,203,11,11,501,145255
2024,13402,河北外国语学院,202,4,4,480,183416
2024,13402,河北外国语学院,203,2,2,488,169804
2024,13408,华北理工大学轻工学院,202,5,5,480,183035
2024,13415,河北医科大学临床学院,202,5,5,515,121699
2024,13415,河北医科大学临床学院,203,4,4,536,89533
2024,13415,河北医科大学临床学院,204,4,4,492,162103
2024,13418,江西服装学院,203,10,10,472,198540
2024,13420,南昌职业大学,202,3,3,489,167896
2024,13421,南昌工学院,203,6,6,482,180097
2024,13429,南昌大学科学技术学院,202,18,18,486,172923
2024,13429,南昌大学科学技术学院,203,20,20,488,168283
2024,13431,南昌交通学院,203,5,5,485,173667
2024,13432,赣东学院,203,2,2,505,138568
2024,13432,赣东学院,204,7,7,496,154022
2024,13433,南昌航空大学科技学院,202,5,5,489,167601
2024,13433,南昌航空大学科技学院,203,57,57,485,175094
2024,13434,赣南科技学院,203,4,4,497,153880
2024,13434,赣南科技学院,204,8,8,493,160757
2024,13434,赣南科技学院,205,6,6,497,152723
2024,13435,景德镇艺术职业大学,203,6,6,487,170392
2024,13435,景德镇艺术职业大学,204,2,2,487,170501
2024,13436,江西农业大学南昌商学院,204,1,1,496,155472
2024,13436,试江西农业大学南昌商学院,205,15,15,486,173054
2024,13436,江西农业大学南昌商学院,206,3,3,490,166150
2024,13436,江西农业大学南昌商学院,207,1,1,497,153881
2024,13437,考南昌医学院,203,3,3,504,141656
2024,13437,南昌医学院,204,16,16,511,128434
2024,13437,南昌医学院,205,8,8,514,123846
2024,13437,育南昌医学院,206,4,4,556,62723
2024,13437,南昌医学院,207,2,2,559,59554
2024,13437,南昌医学院,208,2,2,535,91102
2024,13437,教南昌医学院,209,2,2,546,76055
2024,13437,南昌医学院,210,8,8,511,128943
2024,13437,省南昌医学院,211,4,4,551,68950
2024,13438,江西师范大学科学技术学院,203,14,14,494,157592
2024,13438,江西师范大学科学技术学院,204,5,5,488,168886
2024,13439,赣南师范大学科技学院,204,11,11,492,161804
2024,13439,赣南师范大学科技学院,205,10,10,488,168741
2024,13441,江西财经大学现代经济管理学院,204,1,1,493,159870
2024,13441,教江西财经大学现代经济管理学院,205,31,31,488,169511
2024,13441,江西财经大学现代经济管理学院,206,5,5,494,158794
2024,13441,江西财经大学现代经济管理学院,207,5,5,489,166702
2024,13468,省阳光学院,202,2,2,468,205167
2024,13468,阳光学院(中外合作办学),203,9,9,443,250505
2024,13468,阳光学院,204,10,10,474,195214
2024,13469,东厦门大学嘉庚学院,203,3,3,496,155756
2024,13469,厦门大学嘉庚学院,204,43,43,493,159935
2024,13469,厦门大学嘉庚学院,205,35,35,490,165496
2024,13470,广福州大学至诚学院,203,9,9,489,167558
2024,13470,福州大学至诚学院,204,40,40,478,187688
2024,13471,集美大学诚毅学院,203,9,9,493,160274
2024,13471,集美大学诚毅学院,204,23,23,489,167969
2024,13472,福建师范大学协和学院,203,3,3,486,173401
2024,13472,福建师范大学协和学院,204,1,1,491,164460
2024,13497,郑州财经学院,203,13,13,488,168842
2024,13497,郑州财经学院,205,13,13,482,180980
2024,13500,商丘工学院,202,5,5,484,175694
2024,13501,河南开封科技传媒学院,201,5,5,486,173121
2024,13505,新乡医学院三全学院,201,3,3,488,168591
2024,13505,新乡医学院三全学院,202,2,2,533,94802
2024,13514,兰州博文科技学院,202,4,4,482,180990
2024,13534,山西工学院,201,5,5,500,148271
2024,13538,山西晋中理工学院,202,2,2,484,175970
2024,13558,新疆理工学院,201,1,1,496,155380
2024,13558,新疆理工学院,202,9,9,488,168307
2024,13560,新疆第二医学院,201,26,26,521,113028
2024,13561,新疆科技学院,201,5,5,489,167973
2024,13561,新疆科技学院,202,10,10,491,164205
2024,13571,无锡太湖学院,204,39,39,481,181114
2024,13571,无锡太湖学院,205,37,37,481,182656
2024,13571,无锡太湖学院,206,7,7,488,169599
2024,13578,河北工程大学科信学院,202,3,3,488,168403
2024,13578,试河北工程大学科信学院,203,21,21,484,176419
2024,13579,中国矿业大学徐海学院,203,7,7,482,180892
2024,13579,中国矿业大学徐海学院,204,14,14,481,181348
2024,13588,考重庆外语外事学院,203,3,3,492,161637
2024,13588,重庆外语外事学院,204,9,9,485,175169
2024,13589,重庆对外经贸学院,202,6,6,490,165341
2024,13589,育重庆对外经贸学院,203,7,7,485,174852
2024,13590,重庆财经学院,202,8,8,494,157652
2024,13590,重庆财经学院(校企联合培养),203,4,4,490,166071
2024,13593,教石家庄铁道大学四方学院,202,3,3,489,167549
2024,13593,石家庄铁道大学四方学院,203,10,10,487,170711
2024,13594,省河北地质大学华信学院,203,10,10,482,179737
2024,13594,河北地质大学华信学院,204,2,2,485,175437
2024,13597,山西科技学院,202,2,2,501,146783
2024,13602,长春电子科技学院,202,8,8,478,186786
2024,13603,长春财经学院,202,8,8,475,193051
2024,13604,吉林建筑科技学院,202,4,4,473,196121
2024,13606,教长春科技学院,201,6,6,468,205116
2024,13606,长春科技学院,202,9,9,491,164024
2024,13609,辽宁中医药大学杏林学院,201,20,20,500,147354
2024,13610,省辽宁何氏医学院,201,20,20,479,184769
2024,13611,蚌埠工商学院,202,4,4,485,174619
2024,13614,马鞍山学院,202,13,13,477,188541
2024,13615,东合肥城市学院,202,12,12,466,209493
2024,13618,安徽医科大学临床医学院,201,30,30,503,142930
2024,13622,吉林师范大学博达学院,204,5,5,478,188198
2024,13625,广昆明文理学院,203,9,9,480,183918
2024,13625,昆明文理学院,204,8,8,476,191250
2024,13626,昆明理工大学津桥学院,203,14,14,479,184900
2024,13626,昆明理工大学津桥学院,205,29,29,476,191781
2024,13627,重庆移通学院,202,12,12,488,168621
2024,13627,重庆移通学院(中外合作办学),203,3,3,481,182288
2024,13628,新疆政法学院,203,2,2,495,157497
2024,13628,新疆政法学院,204,15,15,497,152968
2024,13631,大连东软信息学院,201,5,5,468,205350
2024,13631,大连东软信息学院,202,15,15,475,192903
2024,13634,武汉学院,202,22,22,489,168098
2024,13635,长沙理工大学城南学院,203,5,5,495,157495
2024,13635,长沙理工大学城南学院,204,34,34,488,168964
2024,13639,柳州工学院,202,5,5,486,173176
2024,13639,柳州工学院,203,20,20,485,174554
2024,13640,广西民族大学相思湖学院,202,38,38,490,165688
2024,13640,广西民族大学相思湖学院,203,6,6,486,172212
2024,13641,桂林学院,203,5,5,491,163893
2024,13641,桂林学院,204,2,2,496,154728
2024,13641,桂林学院,205,15,15,488,169315
2024,13643,广西中医药大学赛恩斯新医药学院,201,2,2,486,171967
2024,13643,广西中医药大学赛恩斯新医药学院,202,181,181,489,167307
2024,13643,广西中医药大学赛恩斯新医药学院,203,32,32,487,171614
2024,13644,桂林信息科技学院,203,4,4,483,179148
2024,13644,试桂林信息科技学院,204,28,28,471,200587
2024,13644,桂林信息科技学院,205,68,68,479,185717
2024,13645,南宁理工学院,202,20,20,481,182635
2024,13645,考南宁理工学院,203,16,16,483,177417
2024,13647,贵州中医药大学时珍学院,201,6,6,491,163757
2024,13651,贵阳人文科技学院,202,2,2,487,170287
2024,13653,育遵义医科大学医学与科技学院,201,10,10,532,96360
2024,13654,南京理工大学紫金学院,202,41,41,489,168075
2024,13654,南京理工大学紫金学院,203,144,144,479,185933
2024,13655,教南京航空航天大学金城学院,202,4,4,481,181927
2024,13655,南京航空航天大学金城学院,203,21,21,483,178963
2024,13656,省广州华立学院(国际班),201,38,38,451,236262
2024,13656,广州华立学院(国际班),202,52,52,445,247412
2024,13656,广州华立学院,203,378,378,454,231103
2024,13656,广州华立学院,205,1079,1079,443,250969
2024,13656,广州华立学院,206,618,584,442,253785
2024,13657,广州应用科技学院,215,795,795,448,241446
2024,13657,教广州应用科技学院,216,55,55,450,238223
2024,13657,广州应用科技学院,217,120,120,469,203836
2024,13657,广州应用科技学院,218,110,110,467,207422
2024,13657,省广州应用科技学院,219,60,60,452,235473
2024,13657,广州应用科技学院,220,165,165,455,230260
2024,13657,广州应用科技学院,221,155,155,450,239437
2024,13657,东广州应用科技学院,222,90,90,450,238365
2024,13657,广州应用科技学院,223,160,141,442,253694
2024,13657,广州应用科技学院(联合培养),230,30,26,442,253688
2024,13657,广广州应用科技学院(联合培养),231,60,60,446,246568
2024,13657,广州应用科技学院(联合培养),232,20,20,449,240990
2024,13657,广州应用科技学院(联合培养),233,40,30,442,253483
2024,13657,广州应用科技学院(联合培养),234,20,9,442,252932
2024,13657,广州应用科技学院(联合培养),235,20,20,443,251856
2024,13657,广州应用科技学院(联合培养),236,50,50,442,253599
2024,13657,广州应用科技学院(联合培养),237,60,60,442,252258
2024,13660,天津商业大学宝德学院,205,1,1,491,164278
2024,13660,天津商业大学宝德学院,207,1,1,481,181862
2024,13660,天津商业大学宝德学院,208,4,4,485,174531
2024,13661,天津医科大学临床医学院,204,14,14,488,168335
2024,13661,天津医科大学临床医学院,205,6,6,535,90849
2024,13662,长春人文学院,202,2,2,474,195237
2024,13662,长春人文学院,203,2,2,474,194399
2024,13665,电子科技大学成都学院,203,2,2,497,153009
2024,13665,电子科技大学成都学院,204,30,30,490,166195
2024,13665,电子科技大学成都学院,205,4,4,490,166033
2024,13666,武汉华夏理工学院,202,6,6,486,173621
2024,13666,武汉华夏理工学院,203,13,13,480,183899
2024,13667,广州商学院,204,1761,1761,462,216808
2024,13667,广州商学院,205,1320,1320,464,213090
2024,13667,广州商学院(中外合作办学/联合培养),206,86,86,447,244753
2024,13667,广州商学院(联合培养),207,60,60,449,240076
2024,13667,广州商学院,208,187,187,458,223703
2024,13668,试成都理工大学工程技术学院,202,20,20,485,174277
2024,13669,四川传媒学院,202,10,10,487,170950
2024,13669,四川传媒学院,203,20,20,474,194725
2024,13670,考成都银杏酒店管理学院,202,8,8,484,176969
2024,13673,成都外国语学院,202,13,13,485,175442
2024,13677,西安交通大学城市学院,201,4,4,496,154346
2024,13678,育西北大学现代学院,201,2,2,473,195702
2024,13679,西安建筑科技大学华清学院,201,10,10,479,186086
2024,13682,西安工商学院,202,6,6,476,190570
2024,13684,教珠海科技学院,208,1016,1016,493,159927
2024,13684,珠海科技学院,209,2016,2016,492,161791
2024,13684,省珠海科技学院,210,50,50,494,159057
2024,13686,武汉传媒学院,202,6,6,492,162205
2024,13686,武汉传媒学院,203,5,5,482,180788
2024,13687,南京传媒学院,203,17,17,490,165491
2024,13705,成都医学院,201,30,30,551,69587
2024,13714,广州工商学院,212,969,969,446,245741
2024,13714,教广州工商学院,213,288,110,442,253644
2024,13714,广州工商学院,214,200,102,442,253751
2024,13714,广州工商学院,215,43,22,442,253288
2024,13714,省广州工商学院,216,30,28,442,253176
2024,13714,广州工商学院,217,26,26,443,251764
2024,13714,广州工商学院,218,35,14,442,253536
2024,13714,东广州工商学院,219,48,39,442,253787
2024,13714,广州工商学院,220,76,76,446,245409
2024,13714,广州工商学院,221,150,28,442,253764
2024,13714,广广州工商学院,222,25,10,443,251557
2024,13714,广州工商学院(中外合作办学),223,105,23,442,253633
2024,13717,广州科技职业技术大学,203,3094,3094,447,244946
2024,13717,广州科技职业技术大学,204,140,140,460,220926
2024,13717,广州科技职业技术大学(校企联合培养),208,100,100,450,238401
2024,13717,广州科技职业技术大学(校企联合培养),210,20,20,450,239398
2024,13719,广东科技学院,205,1666,1666,444,248839
2024,13719,广东科技学院,206,2165,2165,451,236087
2024,13719,广东科技学院(联合培养),214,25,7,443,251826
2024,13719,广东科技学院,215,20,20,457,226206
2024,13720,广东理工学院,201,1650,625,442,253790
2024,13720,广东理工学院,202,1948,1659,442,253791
2024,13720,广东理工学院,203,200,108,442,253784
2024,13720,广东理工学院,204,920,324,442,253768
2024,13721,广东工商职业技术大学,205,2130,1526,442,253793
2024,13721,广东工商职业技术大学,208,50,50,450,239336
2024,13744,黑河学院,203,3,3,494,157722
2024,13744,黑河学院,204,9,9,492,162480
2024,13744,黑河学院,205,6,6,490,165080
2024,13762,福州外语外贸学院,202,16,16,482,180157
2024,13762,福州外语外贸学院,203,6,6,476,190667
2024,13763,福建江夏学院,202,6,6,511,128984
2024,13766,泉州信息工程学院,202,2,2,486,173262
2024,13766,泉州信息工程学院,203,18,18,479,185756
2024,13766,试泉州信息工程学院(中外合作办学),204,8,8,467,207589
2024,13773,福州理工学院,201,5,5,481,181064
2024,13774,豫章师范学院,204,2,2,498,151466
2024,13774,考豫章师范学院,205,2,2,493,160270
2024,13776,江西软件职业技术大学,203,9,9,486,173105
2024,13809,湖南应用技术学院,203,2,2,489,167483
2024,13809,育湖南应用技术学院,204,1,1,484,177260
2024,13810,肇庆医学院(原肇庆医学高等专科学校),201,650,650,490,165744
2024,13811,琼台师范学院,203,6,6,498,151961
2024,13811,教琼台师范学院,204,6,6,497,153553
2024,13816,四川工业科技学院,202,5,5,484,177283
2024,13830,省广西外国语学院,202,15,15,478,187554
2024,13830,广西外国语学院,203,8,8,479,185324
2024,13842,南京理工大学泰州科技学院,201,11,11,479,185190
2024,13844,东莞城市学院,205,1050,1050,458,224150
2024,13844,东莞城市学院,207,86,86,466,210455
2024,13844,东莞城市学院(联合培养),213,10,10,454,231258
2024,13844,教东莞城市学院(联合培养),214,30,16,442,252241
2024,13892,三亚学院,206,3,3,467,208435
2024,13892,三亚学院,207,13,13,474,195580
2024,13892,省三亚学院(中外合作办学),208,1,1,483,177824
2024,13892,三亚学院,209,15,15,474,194698
2024,13892,三亚学院,214,5,5,463,215240
2024,13892,东三亚学院,215,1,1,480,183212
2024,13893,上海师范大学天华学院,202,2,2,484,176152
2024,13893,上海师范大学天华学院,203,9,9,457,226884
2024,13894,广西安明德理工学院,202,2,2,470,202962
2024,13894,西安明德理工学院,203,3,3,479,186216
2024,13897,天津理工大学中环信息学院,202,1,1,489,167134
2024,13897,天津理工大学中环信息学院,203,16,16,481,181554
2024,13898,北京科技大学天津学院,203,6,6,488,169156
2024,13898,北京科技大学天津学院,204,12,12,485,175150
2024,13899,北京中医药大学东方学院,203,1,1,491,163124
2024,13899,北京中医药大学东方学院,204,25,25,492,162306
2024,13901,北京邮电大学世纪学院,202,1,1,490,164611
2024,13902,广州新华学院,203,1161,1161,478,186909
2024,13902,广州新华学院,205,45,45,485,174579
2024,13902,广州新华学院,206,396,396,483,178384
2024,13903,成都锦城学院,209,5,5,497,153951
2024,13903,成都锦城学院,210,11,11,489,166683
2024,13903,成都锦城学院,212,11,11,490,164942
2024,13903,成都锦城学院,214,6,6,483,177555
2024,13903,成都锦城学院,215,6,6,489,167064
2024,13905,南京工业大学浦江学院,202,17,17,481,182590
2024,13905,南京工业大学浦江学院,203,55,55,476,191002
2024,13906,南京师范大学中北学院,202,8,8,492,162617
2024,13906,南京师范大学中北学院,203,4,4,489,167912
2024,13906,南京师范大学中北学院,204,6,6,484,176084
2024,13920,广西城市职业大学,202,125,125,476,191338
2024,13924,湖南交通工程学院,203,4,4,484,177374
2024,13980,试南京医科大学康达学院,204,8,8,485,175111
2024,13980,南京医科大学康达学院,205,5,5,483,177816
2024,13980,南京医科大学康达学院,206,33,33,486,173431
2024,13980,考南京医科大学康达学院,207,2,2,493,161062
2024,13982,无锡学院,202,4,4,532,95436
2024,13982,无锡学院,203,41,41,533,94808
2024,13983,育苏州城市学院,205,14,14,527,103021
2024,13984,苏州大学应用技术学院,203,7,7,484,176703
2024,13984,苏州大学应用技术学院,205,16,16,484,176506
2024,13986,教江苏大学京江学院,202,5,5,492,161829
2024,13986,江苏大学京江学院,203,67,67,472,198042
2024,13987,省扬州大学广陵学院,203,2,2,492,162534
2024,13987,扬州大学广陵学院,204,15,15,486,173074
2024,13987,扬州大学广陵学院,205,29,29,472,197758
2024,13987,扬州大学广陵学院,207,4,4,485,175369
2024,13988,江苏师范大学科文学院,203,5,5,491,164344
2024,13988,江苏师范大学科文学院,205,12,12,477,189354
2024,13989,教南京邮电大学通达学院,201,19,19,487,170533
2024,13989,南京邮电大学通达学院,202,67,67,480,183798
2024,13990,南京财经大学红山学院,202,16,16,485,174234
2024,13991,省江苏科技大学苏州理工学院,202,6,6,491,163594
2024,13991,江苏科技大学苏州理工学院,203,17,17,482,180858
2024,13992,常州大学怀德学院,202,24,24,465,211064
2024,13992,东常州大学怀德学院,203,10,10,469,204782
2024,13993,南通大学杏林学院,201,18,18,478,186487
2024,13993,南通大学杏林学院,202,26,26,457,226065
2024,13994,广南京审计大学金审学院,203,63,63,485,174362
2024,13994,南京审计大学金审学院,205,4,4,486,172118
2024,13995,青岛工学院,203,2,2,487,170572
2024,13995,青岛工学院,204,2,2,477,190055
2024,13995,青岛工学院,205,12,12,475,192121
2024,13995,青岛工学院,206,7,7,475,193841
2024,13998,齐鲁理工学院,202,6,6,478,187587
2024,13998,齐鲁理工学院,203,17,17,477,188510
2024,14030,西安信息职业大学,201,10,10,483,178934
2024,14037,西南财经大学天府学院,202,15,15,485,174064
2024,14038,天津仁爱学院,205,47,47,468,206632
2024,14039,四川大学锦江学院,202,7,7,489,167678
2024,14039,四川大学锦江学院,203,4,4,489,166441
2024,14042,西安科技大学高新学院,202,2,2,491,163610
2024,14042,西安科技大学高新学院(中外合作办学),203,2,2,478,186530
2024,14046,福建农林大学金山学院(中外合作办学),202,3,3,479,185598
2024,14087,天津财经大学珠江学院,202,14,14,486,172547
2024,14099,湖北第二师范学院,203,3,3,519,116145
2024,14099,湖北第二师范学院(中外合作办学),204,4,4,503,142791
2024,14101,太原工业学院,201,24,24,495,157198
2024,14139,民政职业大学,202,5,5,509,131652
2024,14160,宿迁学院,202,5,5,496,154674
2024,14160,宿迁学院,203,27,27,495,157053
2024,14172,海南科技职业大学,202,5,5,479,186334
2024,14201,试北京第二外国语学院中瑞酒店管理学院,201,2,2,462,217649
2024,14202,沧州交通学院,203,10,10,468,205252
2024,14202,沧州交通学院,204,15,15,475,192749
2024,14203,考皖江工学院,201,5,5,472,198539
2024,14207,上海财经大学浙江学院,202,8,8,490,166374
2024,14207,上海财经大学浙江学院,203,4,4,489,166966
2024,14223,育贵州师范学院,202,2,2,500,148324
2024,14225,河北东方学院,203,2,2,486,173496
2024,14225,河北东方学院,204,3,3,483,179152
2024,14225,教河北东方学院,205,4,4,478,187576
2024,14225,河北东方学院,206,3,3,490,165258
2024,14226,省运城职业技术大学,203,4,4,488,168306
2024,14226,运城职业技术大学,204,1,1,488,169495
2024,14278,广东第二师范学院,201,407,407,509,132916
2024,14278,广东第二师范学院,203,123,123,513,126293
2024,14278,广东第二师范学院,204,87,87,505,139032
2024,14278,广东第二师范学院,206,396,396,527,103608
2024,14278,教广东第二师范学院,207,200,200,522,110395
2024,14278,广东第二师范学院,208,86,86,513,124921
2024,14278,广东第二师范学院,209,30,30,542,81233
2024,14278,省广东第二师范学院,210,337,337,503,141928
2024,14278,广东第二师范学院,215,50,50,500,147323
2024,14278,广东第二师范学院(学分互认),225,15,15,520,114229
2024,14278,东广东第二师范学院(学分互认),226,15,15,499,148970
2024,14278,广东第二师范学院(学分互认),227,15,15,500,146926
2024,14327,青岛电影学院,202,2,2,477,189477
2024,14327,广青岛电影学院,203,16,9,443,252060
2024,14389,成都师范学院,202,2,2,537,87498
2024,14389,成都师范学院,203,15,15,522,110963
2024,14410,四川电影电视学院,202,3,3,485,173844
2024,14432,河北中医药大学,201,19,19,514,124456
2024,14434,山西传媒学院,202,2,2,509,132988
2024,14437,南昌师范学院,203,4,4,499,149445
2024,14437,南昌师范学院,204,6,6,501,146118
2024,14527,山西工程技术学院,201,4,4,495,157471
2024,14527,山西工程技术学院,202,2,2,508,133270
2024,14596,中国社会科学院大学,204,4,4,613,14378
2024,14623,滇西应用技术大学,202,8,8,489,166756
2024,14623,滇西应用技术大学,203,2,2,500,147664
2024,14625,茅台学院,201,2,2,492,161384
2024,14625,茅台学院,202,4,4,489,167892
2024,14625,茅台学院,203,4,4,493,159700
2024,14654,郑州西亚斯学院(中外合作办学),203,6,6,467,207176
2024,14654,郑州西亚斯学院(中外合作办学),204,28,28,442,253394
2024,14654,郑州西亚斯学院,205,5,5,486,172718
2024,14654,郑州西亚斯学院(中外合作办学),206,5,5,453,233148
2024,14655,深圳技术大学,201,791,791,567,50756
2024,14655,深圳技术大学,202,158,158,564,53416
2024,14655,深圳技术大学,203,1687,1687,574,42938
2024,14829,海南比勒费尔德应用科学大学,201,18,16,446,246726
2024,14829,试海南比勒费尔德应用科学大学,202,17,27,462,217282
2024,14830,重庆中医药学院,201,11,11,546,75791
2024,14851,香港城市大学(东莞),201,44,44,611,15431
2024,14880,考深圳理工大学,201,120,120,624,9667
2024,16202,河北石油职业技术大学,201,40,40,497,152388
2024,16203,河北科技工程职业技术大学,202,18,18,500,148588
2024,16203,育河北科技工程职业技术大学,203,3,3,489,167607
2024,16205,广西农业职业技术大学,202,30,30,498,151716
2024,16206,贵阳康养职业大学,202,8,8,501,146496
2024,16206,教贵阳康养职业大学,203,2,2,494,158170
2024,16208,兰州资源环境职业技术大学,201,5,5,496,154210
2024,16209,省兰州石化职业技术大学,201,5,5,490,164913
2024,16301,宁波诺丁汉大学,204,12,12,587,31606
2024,16301,宁波诺丁汉大学,205,25,25,588,30919
2024,16302,西交利物浦大学,203,11,11,600,21887
2024,16401,北京师范大学-香港浸会大学联合国际学院,202,8,8,582,35270
2024,16405,温州肯恩大学,202,15,15,543,80214
2024,16405,教温州肯恩大学,203,12,12,544,77753
2024,16409,深圳北理莫斯科大学,201,9,9,555,64634
2024,16409,深圳北理莫斯科大学,203,12,12,563,55166
2024,16409,省深圳北理莫斯科大学,207,3,3,563,54960
2024,16410,广东以色列理工学院,201,322,322,544,78455
2024,18213,哈尔滨工业大学(深圳),202,332,332,657,1860
2024,19001,东北京大学医学部,202,1,1,672,558
2024,19001,北京大学医学部,203,25,26,672,564
2024,19001,北京大学医学部,204,6,6,661,1339
2024,19002,广中国人民大学(苏州校区)(中外合作办学),202,6,6,638,5405
2024,19002,中国人民大学(苏州校区)(中外合作办学),203,1,1,648,3153
2024,19004,北京交通大学(威海校区)(中外合作办学),202,2,2,593,26892
2024,19004,北京交通大学(威海校区)(中外合作办学),203,9,9,601,20955
2024,19004,北京交通大学(威海校区)(中外合作办学),204,3,3,590,28796
2024,19013,北京邮电大学(宏福校区)(中外合作办学),201,29,29,613,14323
2024,19013,北京邮电大学(宏福校区)(中外合作办学),202,12,12,608,17316
2024,19027,北京师范大学(珠海校区),203,39,39,618,12092
2024,19141,大连理工大学(盘锦校区),201,8,8,603,20173
2024,19141,大连理工大学(盘锦校区),202,12,12,607,17429
2024,19145,东北大学秦皇岛分校,203,12,12,594,25960
2024,19145,东北大学秦皇岛分校,204,63,63,605,18631
2024,19145,东北大学秦皇岛分校(中外合作办学),205,17,17,601,21351
2024,19213,哈尔滨工业大学(威海),202,5,5,644,3927
2024,19213,哈尔滨工业大学(威海)(中外合作办学),203,3,3,609,16625
2024,19213,哈尔滨工业大学(威海),204,13,13,623,10023
2024,19246,复旦大学医学院,201,4,4,679,249
2024,19246,复旦大学医学院,202,22,22,661,1378
2024,19248,上海交通大学医学院,201,3,3,683,167
2024,19248,上海交通大学医学院(联合培养),202,14,14,664,1100
2024,19335,浙江大学医学院,201,24,24,649,3003
2024,19359,合肥工业大学(宣城校区),203,10,10,558,61020
2024,19359,合肥工业大学(宣城校区),205,39,39,598,22862
2024,19414,中国石油大学(北京)克拉玛依校区,201,4,4,561,57201
2024,19414,试中国石油大学(北京)克拉玛依校区,202,32,32,564,53991
2024,19422,山东大学威海分校,202,8,8,604,19160
2024,19422,山东大学威海分校,203,50,50,611,15609
2024,19614,考电子科技大学(沙河校区),201,33,33,637,5650
2024,19614,电子科技大学(沙河校区)(中外合作办学),202,35,35,623,10028
2024,19614,电子科技大学(沙河校区)(中外合作办学),203,15,15,618,12202
2024,19635,育西南大学(荣昌校区),202,10,10,578,38876
2024,19635,西南大学(荣昌校区),203,5,5,567,50509
2024,19635,西南大学(荣昌校区),204,14,14,575,42305
2024,19635,教西南大学(荣昌校区)(中外合作办学),205,4,4,533,93540
2024,51285,江西飞行学院,202,4,4,496,154612
2024,51285,省江西飞行学院,203,6,6,506,137909
2024,51721,河北环境工程学院,202,3,3,494,158635
2024,51721,河北环境工程学院,203,15,15,491,163975
2024,51721,河北环境工程学院,205,3,3,495,157376
2024,80001,汕头大学医学院,211,159,159,598,23301
2024,80001,汕头大学医学院,213,95,95,535,91252
2024,80001,教汕头大学医学院,214,91,91,548,72584
2024,80002,华南师范大学(汕尾校区),202,90,90,570,47195
2024,80002,华南师范大学(汕尾校区),203,452,452,575,41865
2024,80002,省华南师范大学(汕尾校区),204,160,160,573,44304
2024,80003,广东工业大学(揭阳校区),252,719,719,559,58867
2024,80003,广东工业大学(揭阳校区),253,31,31,550,70720
2024,80004,东广东技术师范大学(河源校区),201,90,90,522,111726
2024,80004,广东技术师范大学(河源校区),202,25,25,529,100809
2024,81012,香港珠海学院,202,9,9,519,115202
2024,91004,广陆军工程大学,201,4,4,574,42847
2024,91004,陆军工程大学,202,1,1,579,38550
2024,91012,陆军军医大学,201,1,1,625,9104
2024,91012,陆军军医大学,202,2,2,637,5474
2024,91012,陆军军医大学,203,8,8,591,28024
2024,91012,陆军军医大学,204,2,2,581,36258
2024,91012,陆军军医大学,205,4,4,577,39887
2025,10001,北京大学,206,34,35,689,99
2025,10002,中国人民大学,206,3,3,679,388
2025,10002,中国人民大学,207,39,39,672,823
2025,10003,清华大学,204,67,67,688,118
2025,10004,北京交通大学,208,90,90,620,13967
2025,10004,北京交通大学(中外合作办学),209,5,5,613,18152
2025,10004,北京交通大学(中外合作办学),210,3,3,611,19398
2025,10004,北京交通大学(中外合作办学),211,2,2,617,15604
2025,10004,北京交通大学,212,2,2,637,7166
2025,10004,北京交通大学,213,5,5,633,8612
2025,10005,北京工业大学,205,13,13,603,24588
2025,10006,北京航空航天大学,207,107,107,668,1173
2025,10006,北京航空航天大学(中外合作办学),210,12,12,646,4469
2025,10007,北京理工大学,205,42,42,666,1331
2025,10007,北京理工大学(中外合作办学),206,28,28,632,8848
2025,10007,北京理工大学,207,14,14,670,937
2025,10008,北京科技大学,212,6,6,620,14161
2025,10008,北京科技大学,213,22,22,619,14686
2025,10008,北京科技大学,214,37,37,616,16299
2025,10010,北京化工大学,208,59,59,609,20291
2025,10010,北京化工大学,209,45,45,607,22003
2025,10010,北京化工大学(中外合作办学),210,7,7,593,32547
2025,10010,北京化工大学(中外合作办学),211,12,12,593,32317
2025,10010,北京化工大学,212,10,10,612,18238
2025,10011,北京工商大学,204,11,11,566,60388
2025,10011,北京工商大学,205,16,16,558,70089
2025,10012,北京服装学院,207,1,1,535,104603
2025,10012,教北京服装学院,208,4,4,533,106555
2025,10012,北京服装学院,209,6,6,534,105856
2025,10013,北京邮电大学,204,113,113,635,7767
2025,10013,北京邮电大学(中外合作办学),205,31,31,620,13955
2025,10013,省北京邮电大学,206,8,8,657,2398
2025,10013,北京邮电大学(中外合作办学),207,18,18,612,18564
2025,10015,北京印刷学院,206,1,1,552,77981
2025,10015,北京印刷学院,207,5,5,543,91448
2025,10016,东北京建筑大学,203,2,2,574,50596
2025,10016,北京建筑大学,204,6,6,557,71141
2025,10017,北京石油化工学院,203,3,3,548,83886
2025,10017,北京石油化工学院,204,6,6,552,78351
2025,10019,广中国农业大学(中外合作办学),207,5,5,604,23636
2025,10019,中国农业大学,208,7,7,614,17428
2025,10019,中国农业大学,210,71,71,618,14948
2025,10022,北京林业大学,226,18,18,590,35094
2025,10022,北京林业大学,227,9,9,587,37298
2025,10022,北京林业大学,230,5,5,593,31810
2025,10022,北京林业大学,231,9,9,587,37411
2025,10022,北京林业大学,233,17,17,585,39242
2025,10022,北京林业大学,234,30,30,599,27312
2025,10022,北京林业大学(中外合作办学),235,5,5,574,50162
2025,10022,北京林业大学,237,2,2,586,38482
2025,10022,北京林业大学,238,7,7,595,30729
2025,10026,北京中医药大学,211,4,4,597,28849
2025,10026,北京中医药大学,214,30,30,602,24867
2025,10027,北京师范大学,213,8,8,639,6364
2025,10027,北京师范大学,215,25,25,645,4899
2025,10028,首都师范大学,210,2,2,599,27545
2025,10028,首都师范大学,211,2,2,611,18891
2025,10028,首都师范大学,212,8,8,599,27762
2025,10028,首都师范大学,213,5,5,594,31598
2025,10029,首都体育学院,205,4,4,554,75816
2025,10030,北京外国语大学,214,16,16,606,22604
2025,10030,北京外国语大学,216,3,3,619,14755
2025,10030,北京外国语大学,217,1,1,615,16825
2025,10030,北京外国语大学(中外合作办学),218,2,2,591,33701
2025,10031,北京第二外国语学院,208,9,9,556,72839
2025,10032,北京语言大学,215,23,23,571,54292
2025,10032,北京语言大学(中外合作办学),216,10,10,521,127733
2025,10032,北京语言大学,217,21,21,581,43421
2025,10032,北京语言大学,218,3,3,576,48019
2025,10033,中国传媒大学,211,18,18,599,27457
2025,10033,中国传媒大学(中外合作办学),212,5,5,588,36181
2025,10033,中国传媒大学,213,29,29,609,20328
2025,10033,中国传媒大学(中外合作办学),214,12,12,586,38197
2025,10033,中国传媒大学,216,4,4,615,16791
2025,10033,中国传媒大学,217,2,2,612,18595
2025,10034,中央财经大学,208,63,63,618,15294
2025,10034,中央财经大学(中外合作办学),209,8,8,608,21279
2025,10036,对外经济贸易大学,208,39,39,615,16918
2025,10036,对外经济贸易大学,209,8,8,617,15626
2025,10036,对外经济贸易大学(中外合作办学),210,11,11,606,22498
2025,10037,教北京物资学院(中外合作办学),205,2,2,537,100622
2025,10037,北京物资学院,206,3,3,550,81321
2025,10038,首都经济贸易大学,205,3,3,581,43252
2025,10038,首都经济贸易大学,206,3,3,587,37413
2025,10041,省中国人民公安大学,202,4,4,613,17766
2025,10043,北京体育大学,218,2,2,596,29743
2025,10043,北京体育大学,219,3,3,592,32654
2025,10043,北京体育大学(中外合作办学),220,7,7,541,95225
2025,10043,东北京体育大学,221,1,1,593,32588
2025,10043,北京体育大学,222,2,2,595,30261
2025,10046,中国音乐学院,204,1,1,580,43927
2025,10047,中央美术学院,208,3,3,586,38478
2025,10047,广中央美术学院(中外合作办学),209,4,4,582,42660
2025,10047,中央美术学院,210,3,3,608,20851
2025,10050,北京电影学院,211,2,2,594,31130
2025,10050,北京电影学院,212,2,2,604,23427
2025,10050,北京电影学院,213,2,2,605,23231
2025,10050,北京电影学院,214,3,3,594,31632
2025,10050,北京电影学院,215,2,2,605,22986
2025,10052,中央民族大学,220,19,20,604,23707
2025,10052,中央民族大学,222,41,41,608,20962
2025,10052,中央民族大学(内地澳门合作办学),224,8,8,602,25473
2025,10053,中国政法大学,208,42,42,616,16327
2025,10054,华北电力大学(北京),207,12,12,595,30358
2025,10054,华北电力大学(北京),208,90,90,610,19698
2025,10055,南开大学,205,8,10,644,5048
2025,10055,南开大学,206,61,61,647,4394
2025,10056,天津大学,203,38,38,632,8868
2025,10056,天津大学,204,47,47,636,7609
2025,10057,天津科技大学,210,4,4,548,84360
2025,10057,天津科技大学(中外合作办学),211,3,3,534,106156
2025,10057,天津科技大学,212,44,44,542,93102
2025,10057,天津科技大学(中外合作办学),213,3,3,557,71430
2025,10058,天津工业大学,213,4,4,566,60491
2025,10058,天津工业大学,214,16,16,562,64539
2025,10058,天津工业大学,215,47,47,573,51643
2025,10058,天津工业大学(中外合作办学),220,6,6,577,47852
2025,10059,中国民航大学,212,23,23,565,61338
2025,10059,中国民航大学,213,168,168,568,57974
2025,10060,天津理工大学,205,16,16,536,101615
2025,10060,天津理工大学(中外合作办学),206,2,2,534,105706
2025,10060,天津理工大学(中外合作办学),207,6,6,534,105192
2025,10060,天津理工大学,208,22,22,562,64911
2025,10060,天津理工大学,209,26,26,556,73281
2025,10060,天津理工大学,210,24,24,543,91204
2025,10060,天津理工大学(中外合作办学),211,10,10,556,72806
2025,10061,天津农学院,205,1,1,507,152857
2025,10061,天津农学院,206,11,11,499,167340
2025,10061,天津农学院,207,22,22,495,173475
2025,10061,天津农学院,208,2,2,525,120054
2025,10062,天津医科大学,202,6,6,592,33081
2025,10063,天津中医药大学,207,4,4,551,80308
2025,10063,天津中医药大学,208,11,11,569,55760
2025,10063,教天津中医药大学,209,7,7,556,72642
2025,10063,天津中医药大学,210,5,5,545,87882
2025,10063,天津中医药大学,211,15,15,530,112069
2025,10065,天津师范大学,218,4,4,552,78300
2025,10065,省天津师范大学,219,9,9,546,87279
2025,10065,天津师范大学,220,1,1,580,44016
2025,10065,天津师范大学,221,4,4,554,75850
2025,10065,天津师范大学,222,1,1,582,42521
2025,10065,东天津师范大学,223,12,12,554,74786
2025,10065,天津师范大学,224,2,2,567,58947
2025,10065,天津师范大学,225,9,9,555,74597
2025,10065,天津师范大学,226,3,3,556,72609
2025,10066,广天津职业技术师范大学,203,2,2,533,106572
2025,10066,天津职业技术师范大学,204,31,31,518,131823
2025,10068,天津外国语大学,206,6,6,543,90968
2025,10068,天津外国语大学,207,3,3,540,95539
2025,10068,天津外国语大学,208,5,5,540,96330
2025,10068,天津外国语大学(中外合作办学),209,1,1,540,96749
2025,10068,天津外国语大学,210,1,1,569,56240
2025,10069,天津商业大学,213,3,3,514,139239
2025,10069,天津商业大学,214,27,27,518,132703
2025,10069,天津商业大学(中外合作办学),215,6,6,529,113723
2025,10069,天津商业大学,216,23,23,529,113465
2025,10070,天津财经大学,209,13,13,549,82295
2025,10070,天津财经大学(中外合作办学),210,5,5,544,89376
2025,10070,天津财经大学,211,7,7,559,69113
2025,10070,天津财经大学,212,14,14,550,81174
2025,10071,天津体育学院,211,1,1,524,122483
2025,10071,天津体育学院,212,1,1,504,156719
2025,10071,天津体育学院,213,1,1,503,159496
2025,10076,河北工程大学,207,2,2,504,157849
2025,10076,河北工程大学,208,2,2,526,119518
2025,10076,河北工程大学,209,12,12,527,116360
2025,10076,河北工程大学,210,2,2,557,70817
2025,10076,河北工程大学,211,2,2,548,84123
2025,10077,河北地质大学,205,11,11,514,139281
2025,10077,河北地质大学,206,12,12,518,133256
2025,10077,河北地质大学,207,6,6,523,124324
2025,10078,华北水利水电大学,204,29,29,549,82706
2025,10078,华北水利水电大学,205,4,4,555,73611
2025,10078,华北水利水电大学(中外合作办学),206,4,4,533,107762
2025,10079,华北电力大学(保定),207,13,13,589,35958
2025,10079,华北电力大学(保定),208,98,98,605,23226
2025,10080,河北工业大学,205,25,25,599,27099
2025,10080,河北工业大学,206,10,10,582,41901
2025,10080,河北工业大学,207,4,4,599,27130
2025,10080,河北工业大学,208,6,6,609,20577
2025,10080,河北工业大学(联合培养),209,6,6,585,39297
2025,10080,河北工业大学(联合培养),210,2,2,585,38848
2025,10081,华北理工大学(联合培养),215,2,2,504,157243
2025,10081,华北理工大学,216,3,3,526,118526
2025,10081,华北理工大学,217,15,15,518,132194
2025,10081,华北理工大学,218,3,3,528,116190
2025,10081,教华北理工大学,219,2,2,568,57711
2025,10089,河北医科大学,206,6,6,548,83615
2025,10089,河北医科大学,207,12,12,553,76718
2025,10089,河北医科大学,208,4,4,528,115903
2025,10092,省河北北方学院,202,5,5,537,101265
2025,10092,河北北方学院,203,2,2,530,112874
2025,10092,河北北方学院,204,3,3,509,147618
2025,10093,承德医学院,202,3,3,550,81414
2025,10094,东河北师范大学,205,4,4,555,74061
2025,10094,河北师范大学,206,8,8,508,150996
2025,10101,衡水学院,213,2,2,497,169881
2025,10101,衡水学院,214,4,4,501,163539
2025,10101,广衡水学院,215,2,2,495,173599
2025,10101,衡水学院(中外合作办学),216,2,2,488,185693
2025,10103,邯郸学院,204,6,6,494,175503
2025,10104,邢台学院,204,2,2,494,175033
2025,10105,沧州师范学院,204,10,10,497,169994
2025,10107,石家庄铁道大学,207,1,1,541,94799
2025,10107,石家庄铁道大学,208,6,6,540,96703
2025,10107,石家庄铁道大学,209,2,2,566,60221
2025,10107,石家庄铁道大学,210,1,1,564,62565
2025,10108,山西大学,204,38,38,566,59670
2025,10109,太原科技大学,202,18,18,526,118719
2025,10110,中北大学,218,14,14,531,109890
2025,10110,中北大学,219,6,6,580,43960
2025,10110,中北大学,220,154,154,547,85409
2025,10110,中北大学,221,16,16,570,55243
2025,10112,太原理工大学,203,120,120,579,45789
2025,10113,山西农业大学,210,17,17,491,181837
2025,10113,山西农业大学,211,10,10,498,168370
2025,10113,山西农业大学,212,3,3,530,111273
2025,10113,山西农业大学,213,8,8,493,177026
2025,10113,山西农业大学,214,17,17,493,176626
2025,10114,山西医科大学,207,2,2,530,111853
2025,10114,山西医科大学,208,16,16,516,136581
2025,10114,山西医科大学,209,16,16,531,110071
2025,10114,山西医科大学,210,4,4,515,137078
2025,10114,山西医科大学,211,6,6,579,45254
2025,10117,长治医学院,203,9,9,513,141065
2025,10117,长治医学院,204,1,1,492,178745
2025,10118,山西师范大学,210,2,2,536,101614
2025,10118,山西师范大学,211,9,9,506,154636
2025,10118,山西师范大学,212,10,10,507,152368
2025,10120,山西大同大学,205,10,10,531,109881
2025,10124,忻州师范学院,204,1,1,499,166245
2025,10124,忻州师范学院,205,6,6,496,171776
2025,10125,山西财经大学,205,19,19,513,141889
2025,10125,山西财经大学,206,5,5,542,93567
2025,10126,内蒙古大学,217,5,5,547,84739
2025,10126,内蒙古大学,218,2,2,552,77761
2025,10126,内蒙古大学,219,38,38,538,98424
2025,10126,内蒙古大学,220,18,18,549,82675
2025,10126,内蒙古大学,221,3,3,552,78109
2025,10126,教内蒙古大学,222,10,10,576,48619
2025,10127,内蒙古科技大学,208,5,5,491,180287
2025,10127,内蒙古科技大学,209,66,66,491,181469
2025,10127,内蒙古科技大学,210,1,1,502,161949
2025,10128,省内蒙古工业大学,204,12,12,490,182266
2025,10128,内蒙古工业大学,205,52,52,509,147593
2025,10128,内蒙古工业大学,206,11,11,502,161089
2025,10128,内蒙古工业大学,207,5,5,505,155561
2025,10129,东内蒙古农业大学,206,4,4,492,178515
2025,10129,内蒙古农业大学,207,20,20,490,182424
2025,10129,内蒙古农业大学,208,16,16,491,181476
2025,10132,内蒙古医科大学,205,6,6,488,186936
2025,10132,广内蒙古医科大学,206,3,3,544,90075
2025,10132,内蒙古医科大学,207,14,14,522,125671
2025,10132,内蒙古医科大学,208,4,4,529,113423
2025,10135,内蒙古师范大学,210,5,5,492,178638
2025,10135,内蒙古师范大学,211,4,4,508,151002
2025,10135,内蒙古师范大学,212,9,9,503,159285
2025,10135,内蒙古师范大学,213,5,5,506,153519
2025,10136,内蒙古民族大学,206,10,10,491,181409
2025,10136,内蒙古民族大学,207,6,6,519,130054
2025,10136,内蒙古民族大学,208,1,1,502,161683
2025,10136,内蒙古民族大学,209,9,9,492,179002
2025,10140,辽宁大学,208,3,3,564,62932
2025,10140,辽宁大学,209,34,34,562,64551
2025,10140,辽宁大学,210,29,29,578,45813
2025,10140,辽宁大学(中外合作办学),211,3,3,569,56031
2025,10140,辽宁大学(中外合作办学),212,3,3,543,90893
2025,10140,辽宁大学(中外合作办学),213,4,4,548,83680
2025,10140,辽宁大学(中外合作办学),214,2,2,565,60787
2025,10141,大连理工大学,208,33,33,636,7392
2025,10141,大连理工大学(中外合作办学),210,10,10,617,15501
2025,10142,沈阳工业大学,207,13,13,511,145747
2025,10142,沈阳工业大学,208,15,15,486,190608
2025,10142,沈阳工业大学,209,60,60,518,132051
2025,10142,沈阳工业大学,210,5,5,549,82158
2025,10142,沈阳工业大学,211,4,4,530,111499
2025,10142,沈阳工业大学,212,3,3,536,102805
2025,10143,沈阳航空航天大学,202,7,7,549,81854
2025,10144,沈阳理工大学,205,19,19,541,94287
2025,10144,沈阳理工大学,206,1,1,558,70201
2025,10144,沈阳理工大学,207,2,2,530,112354
2025,10144,沈阳理工大学,208,1,1,533,106591
2025,10145,东北大学,208,2,2,606,22070
2025,10145,东北大学,209,8,8,607,21595
2025,10145,东北大学,210,74,74,616,16407
2025,10145,东北大学,211,6,6,614,17181
2025,10145,东北大学,212,5,5,616,16060
2025,10145,东北大学(中外合作办学),213,17,17,602,24886
2025,10145,东北大学(中外合作办学),214,18,18,605,23281
2025,10145,东北大学,215,5,5,631,9361
2025,10145,东北大学,216,14,14,624,12305
2025,10146,辽宁科技大学,203,14,14,513,140583
2025,10146,教辽宁科技大学(中外合作办学),204,2,2,523,124311
2025,10147,辽宁工程技术大学,208,16,16,535,104511
2025,10147,辽宁工程技术大学,209,3,3,497,169871
2025,10147,辽宁工程技术大学,210,5,5,541,94793
2025,10148,省辽宁石油化工大学,206,7,7,531,109734
2025,10148,辽宁石油化工大学,207,3,3,531,110556
2025,10148,辽宁石油化工大学,208,1,1,547,85130
2025,10148,辽宁石油化工大学,209,2,2,536,102966
2025,10148,东辽宁石油化工大学(中外合作办学),210,2,2,525,120999
2025,10149,沈阳化工大学,208,2,2,499,166794
2025,10149,沈阳化工大学,209,2,2,480,200116
2025,10149,沈阳化工大学,210,6,6,536,101561
2025,10149,广沈阳化工大学,211,1,1,541,93971
2025,10149,沈阳化工大学,212,11,11,508,149865
2025,10149,沈阳化工大学(中外合作办学),213,2,2,514,139691
2025,10150,大连交通大学,206,4,4,539,98239
2025,10150,大连交通大学,207,17,17,535,103931
2025,10150,大连交通大学(中外合作办学),208,7,7,521,127878
2025,10150,大连交通大学,209,4,4,530,111573
2025,10151,大连海事大学,213,3,3,572,53243
2025,10151,大连海事大学,214,18,18,582,41813
2025,10151,大连海事大学(中外合作办学),215,3,3,595,30904
2025,10151,大连海事大学,216,61,61,588,36462
2025,10151,大连海事大学,217,7,7,588,36106
2025,10151,大连海事大学(中外合作办学),218,15,15,531,110241
2025,10152,大连工业大学,211,13,13,518,133161
2025,10152,大连工业大学,212,2,2,544,89562
2025,10152,大连工业大学,213,7,7,527,117465
2025,10152,大连工业大学,214,2,2,529,114367
2025,10152,大连工业大学(中外合作办学),215,3,3,536,101819
2025,10152,大连工业大学(中外合作办学),216,2,2,538,99311
2025,10152,大连工业大学(中外合作办学),217,2,2,537,101385
2025,10152,大连工业大学(中外合作办学),218,2,2,531,110661
2025,10153,沈阳建筑大学,209,8,8,502,160600
2025,10153,沈阳建筑大学,210,1,1,520,129064
2025,10153,沈阳建筑大学(中外合作办学),211,4,4,472,215783
2025,10153,沈阳建筑大学,212,15,15,505,155655
2025,10153,沈阳建筑大学,213,1,1,504,158040
2025,10153,沈阳建筑大学,214,1,1,505,156134
2025,10153,沈阳建筑大学(中外合作办学),215,3,3,516,136285
2025,10153,沈阳建筑大学(中外合作办学),216,3,3,518,132682
2025,10157,沈阳农业大学,205,5,5,539,98039
2025,10157,沈阳农业大学,206,2,2,540,95302
2025,10157,沈阳农业大学,207,4,4,523,124565
2025,10157,沈阳农业大学(中外合作办学),208,4,4,530,112381
2025,10158,大连海洋大学,204,2,2,508,150688
2025,10158,大连海洋大学,205,14,14,510,147550
2025,10158,大连海洋大学,206,9,9,507,152673
2025,10158,大连海洋大学,207,4,4,509,149183
2025,10159,中国医科大学,203,26,26,567,58127
2025,10159,中国医科大学(中外合作办学),204,10,10,543,91934
2025,10160,锦州医科大学,202,7,7,507,152042
2025,10160,锦州医科大学,203,12,12,523,124765
2025,10160,教锦州医科大学(中外合作办学),204,5,5,484,194425
2025,10161,大连医科大学,202,16,16,563,63578
2025,10161,大连医科大学,203,2,2,567,58488
2025,10161,大连医科大学,204,3,3,602,25040
2025,10161,省大连医科大学,205,2,2,595,30241
2025,10162,辽宁中医药大学,203,7,7,506,153498
2025,10162,辽宁中医药大学,204,5,5,502,161433
2025,10162,辽宁中医药大学,205,5,5,520,128746
2025,10162,东辽宁中医药大学,206,15,15,543,91417
2025,10162,辽宁中医药大学,207,8,8,539,97467
2025,10163,沈阳药科大学,203,4,4,537,101070
2025,10163,沈阳药科大学,204,42,42,537,100993
2025,10164,广沈阳医学院,202,4,4,551,79147
2025,10165,辽宁师范大学(中外合作办学),205,5,5,494,176296
2025,10165,辽宁师范大学(中外合作办学),206,6,2,476,207453
2025,10167,渤海大学,203,2,2,499,165963
2025,10167,渤海大学(国际本科学术互认),204,1,1,528,116121
2025,10169,鞍山师范学院,204,1,1,494,175490
2025,10172,大连外国语大学,208,1,1,550,81682
2025,10172,大连外国语大学,209,12,12,529,114249
2025,10172,大连外国语大学,210,2,2,548,83860
2025,10173,东北财经大学,209,24,24,558,70092
2025,10173,东北财经大学(中外合作办学),210,2,2,558,70013
2025,10173,东北财经大学(中外合作办学),211,3,3,546,86828
2025,10173,东北财经大学(中外合作办学),212,3,3,551,79354
2025,10173,东北财经大学(中外合作办学),213,3,3,551,79881
2025,10173,东北财经大学(中外合作办学),214,4,4,552,78139
2025,10173,东北财经大学(中外合作办学),215,2,2,568,57897
2025,10173,东北财经大学(中外合作办学),216,2,2,560,66896
2025,10177,沈阳音乐学院,209,1,1,502,161858
2025,10183,吉林大学,220,7,7,614,17337
2025,10183,吉林大学,221,22,22,609,20210
2025,10183,吉林大学,222,121,121,605,22912
2025,10183,吉林大学,223,25,25,609,20387
2025,10183,吉林大学,224,2,2,623,12802
2025,10183,吉林大学(联合培养),225,5,5,616,16333
2025,10183,吉林大学,226,18,18,621,13769
2025,10183,吉林大学,227,4,4,593,31904
2025,10183,吉林大学,229,7,7,619,14407
2025,10183,吉林大学,230,30,30,621,13639
2025,10183,吉林大学,231,16,16,614,17342
2025,10183,吉林大学,232,8,8,627,11060
2025,10184,延边大学,206,18,18,567,58797
2025,10184,延边大学,207,10,10,559,69273
2025,10184,延边大学,208,6,6,571,54370
2025,10186,长春理工大学,217,4,4,525,120434
2025,10186,长春理工大学,218,13,13,529,112997
2025,10186,长春理工大学,219,8,8,525,120571
2025,10186,长春理工大学,220,115,115,552,77763
2025,10186,长春理工大学,221,8,8,567,58803
2025,10186,长春理工大学,222,18,18,529,114019
2025,10186,长春理工大学,223,18,18,539,97036
2025,10186,长春理工大学(中外合作办学),224,27,27,539,98076
2025,10186,教长春理工大学(中外合作办学),225,4,4,537,101296
2025,10186,长春理工大学,226,2,2,534,104859
2025,10186,长春理工大学(中外合作办学),227,7,7,564,62373
2025,10186,长春理工大学(中外合作办学),228,9,9,571,54423
2025,10188,省东北电力大学,205,37,37,569,55964
2025,10188,东北电力大学(中外合作办学),206,7,7,584,40075
2025,10188,东北电力大学,207,2,2,572,52458
2025,10190,长春工业大学,216,3,3,520,129903
2025,10190,东长春工业大学,217,2,2,519,131020
2025,10190,长春工业大学,218,22,22,532,109406
2025,10190,长春工业大学,219,17,17,538,99654
2025,10190,长春工业大学,220,8,8,520,128312
2025,10191,广吉林建筑大学,209,7,7,491,180250
2025,10191,吉林建筑大学,210,15,15,494,175626
2025,10191,吉林建筑大学,211,2,2,499,166354
2025,10191,吉林建筑大学(中外合作办学),212,2,2,513,141782
2025,10193,吉林农业大学,204,2,2,506,154697
2025,10193,吉林农业大学,205,4,4,507,152012
2025,10199,长春中医药大学,204,19,19,540,95943
2025,10199,长春中医药大学,205,3,3,503,159819
2025,10199,长春中医药大学,206,20,20,516,135224
2025,10200,东北师范大学(中外合作办学),219,3,3,538,99337
2025,10200,东北师范大学(中外合作办学),220,3,3,554,75671
2025,10200,东北师范大学,221,10,10,589,35747
2025,10200,东北师范大学,222,6,6,598,28343
2025,10201,北华大学,208,4,4,500,163974
2025,10201,北华大学,209,12,12,508,150644
2025,10201,北华大学,210,12,12,503,160149
2025,10201,北华大学,211,2,2,508,149893
2025,10201,北华大学,212,5,5,477,206830
2025,10203,吉林师范大学,206,13,13,514,139378
2025,10205,长春师范大学(校企联合培养),208,2,2,488,185768
2025,10205,长春师范大学,209,2,2,537,101468
2025,10205,长春师范大学,210,6,6,520,129408
2025,10206,白城师范学院,202,17,17,491,181867
2025,10207,吉林财经大学,210,15,15,525,120145
2025,10207,吉林财经大学(中外合作办学),211,6,6,512,143655
2025,10207,吉林财经大学,212,9,9,527,117791
2025,10212,黑龙江大学,211,6,6,525,120374
2025,10212,黑龙江大学,212,8,8,517,133865
2025,10212,黑龙江大学,213,110,110,501,163447
2025,10212,黑龙江大学,214,56,56,505,155105
2025,10212,黑龙江大学(联合培养),215,2,2,523,124047
2025,10212,黑龙江大学(联合培养),216,4,4,532,108634
2025,10213,哈尔滨工业大学,206,14,14,673,765
2025,10213,哈尔滨工业大学,207,1,1,673,740
2025,10213,哈尔滨工业大学(中外合作办学),208,4,4,635,7941
2025,10213,哈尔滨工业大学(中外合作办学),209,4,4,615,16621
2025,10213,哈尔滨工业大学(中外合作办学),210,5,5,621,13665
2025,10213,哈尔滨工业大学(中外合作办学),211,6,6,628,10305
2025,10213,哈尔滨工业大学(中外合作办学),212,5,5,630,9838
2025,10214,哈尔滨理工大学,211,40,40,542,92366
2025,10214,哈尔滨理工大学,212,24,24,563,64013
2025,10214,教哈尔滨理工大学,213,71,71,540,95677
2025,10214,哈尔滨理工大学,214,77,77,543,91395
2025,10214,哈尔滨理工大学,215,22,22,533,107697
2025,10214,哈尔滨理工大学,216,44,44,530,111850
2025,10214,省哈尔滨理工大学,217,23,23,523,123574
2025,10214,哈尔滨理工大学,218,12,12,516,135614
2025,10216,燕山大学,205,42,42,567,58485
2025,10217,哈尔滨工程大学,211,41,41,617,15954
2025,10217,东哈尔滨工程大学(中外合作办学),213,6,6,540,96144
2025,10217,哈尔滨工程大学(中外合作办学),214,17,17,598,28201
2025,10217,哈尔滨工程大学,215,1,1,630,9616
2025,10217,哈尔滨工程大学,216,1,1,627,10746
2025,10217,广哈尔滨工程大学,217,1,1,626,11323
2025,10217,哈尔滨工程大学,218,2,2,630,9619
2025,10217,哈尔滨工程大学,219,2,2,622,13326
2025,10219,黑龙江科技大学,207,4,4,502,161821
2025,10219,黑龙江科技大学,208,64,64,494,176523
2025,10220,东北石油大学,207,2,2,518,132936
2025,10220,东北石油大学,208,13,13,533,107753
2025,10220,东北石油大学,209,9,9,529,114288
2025,10220,东北石油大学(中外合作办学),210,1,1,523,123264
2025,10222,佳木斯大学,212,45,45,493,178185
2025,10222,佳木斯大学,213,5,5,554,75509
2025,10222,佳木斯大学,214,5,5,500,165515
2025,10222,佳木斯大学,215,15,15,529,114134
2025,10222,佳木斯大学,216,7,7,498,168484
2025,10224,东北农业大学,210,9,9,548,84488
2025,10224,东北农业大学,211,3,3,564,62274
2025,10224,东北农业大学,212,23,23,562,64910
2025,10224,东北农业大学,213,2,2,554,75890
2025,10224,东北农业大学,214,54,54,551,80025
2025,10224,东北农业大学(联合培养),215,3,3,538,99425
2025,10224,东北农业大学(联合培养),216,4,4,459,238703
2025,10224,东北农业大学(联合培养),217,2,2,535,104661
2025,10225,东北林业大学,208,7,7,553,76825
2025,10225,东北林业大学,209,28,28,570,55398
2025,10225,东北林业大学(中外合作办学),211,4,4,554,74816
2025,10225,东北林业大学(中外合作办学),212,3,3,556,73305
2025,10226,哈尔滨医科大学,208,2,2,517,134062
2025,10226,哈尔滨医科大学,209,1,1,559,69101
2025,10226,哈尔滨医科大学,210,6,6,530,112043
2025,10226,哈尔滨医科大学,211,25,25,524,122549
2025,10226,哈尔滨医科大学,212,3,3,519,130823
2025,10226,哈尔滨医科大学,213,1,1,595,30878
2025,10228,黑龙江中医药大学,206,21,21,541,94739
2025,10228,黑龙江中医药大学,207,26,26,504,157299
2025,10228,黑龙江中医药大学,208,3,3,547,84690
2025,10228,黑龙江中医药大学,209,3,3,492,179841
2025,10229,牡丹江医科大学,201,3,3,540,95381
2025,10229,牡丹江医科大学,202,7,7,530,111916
2025,10229,牡丹江医科大学,203,3,3,509,147914
2025,10231,哈尔滨师范大学,214,3,3,544,90327
2025,10231,哈尔滨师范大学,215,4,4,514,138655
2025,10231,教哈尔滨师范大学,216,5,5,545,87915
2025,10231,哈尔滨师范大学,217,22,22,508,150518
2025,10231,哈尔滨师范大学,218,5,5,508,151088
2025,10232,齐齐哈尔大学,207,38,38,493,176629
2025,10232,省齐齐哈尔大学,208,44,44,492,180167
2025,10232,齐齐哈尔大学,209,5,5,518,132178
2025,10233,牡丹江师范学院,210,8,8,489,184019
2025,10233,牡丹江师范学院,211,10,10,489,183800
2025,10233,东牡丹江师范学院,212,4,4,487,187608
2025,10233,牡丹江师范学院,213,2,2,498,168066
2025,10233,牡丹江师范学院,214,2,2,488,187400
2025,10234,哈尔滨学院,209,11,11,493,178147
2025,10234,广哈尔滨学院,210,1,1,507,152756
2025,10240,哈尔滨商业大学,208,6,6,507,152237
2025,10240,哈尔滨商业大学,209,59,59,493,177824
2025,10240,哈尔滨商业大学,210,64,64,489,185095
2025,10242,哈尔滨体育学院,208,20,20,488,187203
2025,10245,哈尔滨金融学院,204,9,9,502,162015
2025,10246,复旦大学,206,64,64,678,419
2025,10247,同济大学,208,59,59,659,2159
2025,10247,同济大学,209,10,10,647,4291
2025,10247,同济大学(中外合作办学),210,10,10,648,4170
2025,10247,同济大学,211,20,20,651,3567
2025,10248,上海交通大学,206,92,92,678,432
2025,10248,上海交通大学,207,1,1,688,112
2025,10248,上海交通大学(中外合作办学),208,52,52,669,1083
2025,10251,华东理工大学,208,4,4,611,19321
2025,10251,华东理工大学,209,38,38,610,19506
2025,10251,华东理工大学,210,12,12,619,14423
2025,10251,华东理工大学,211,2,2,625,11885
2025,10252,上海理工大学,207,20,20,596,29884
2025,10252,上海理工大学(中外合作办学),208,10,10,586,37963
2025,10254,上海海事大学,205,14,14,568,57725
2025,10254,上海海事大学,206,67,67,560,68053
2025,10255,东华大学,211,25,25,604,23800
2025,10255,东华大学,212,13,13,599,26990
2025,10256,上海电力大学,202,25,25,604,23867
2025,10259,上海应用技术大学,203,24,24,566,59410
2025,10262,上海健康医学院,204,10,10,525,120727
2025,10262,上海健康医学院,205,10,10,530,112610
2025,10262,上海健康医学院,206,10,10,530,111253
2025,10264,上海海洋大学(中外合作办学),208,15,15,556,72505
2025,10264,上海海洋大学,209,39,39,571,53351
2025,10269,华东师范大学,212,2,2,642,5602
2025,10269,华东师范大学,213,38,38,633,8606
2025,10270,上海师范大学(中外合作办学),206,3,3,540,96813
2025,10271,上海外国语大学(中外合作办学),214,3,3,603,24641
2025,10271,上海外国语大学,216,11,11,602,25381
2025,10272,上海财经大学,209,34,34,620,13977
2025,10272,上海财经大学,210,14,14,628,10565
2025,10274,上海海关学院,208,5,5,561,66346
2025,10274,上海海关学院,209,35,35,560,66953
2025,10274,上海海关学院,210,3,3,578,46653
2025,10276,教华东政法大学,204,15,15,607,21359
2025,10277,上海体育大学,207,2,2,581,43285
2025,10277,上海体育大学,208,2,2,567,59285
2025,10277,上海体育大学,209,2,2,567,58330
2025,10280,省上海大学(中外合作办学),203,9,9,608,21189
2025,10284,南京大学,205,93,93,674,716
2025,10284,南京大学(中外合作办学),206,6,6,646,4611
2025,10285,苏州大学,214,3,3,615,16768
2025,10285,东苏州大学,215,36,36,615,16548
2025,10285,苏州大学,216,7,7,607,21416
2025,10285,苏州大学,217,2,2,611,18874
2025,10285,苏州大学,218,2,2,614,17362
2025,10286,广东南大学,208,79,79,659,2117
2025,10287,南京航空航天大学,205,2,2,643,5243
2025,10287,南京航空航天大学,207,69,69,623,12716
2025,10287,南京航空航天大学(中外合作办学),208,12,12,612,18767
2025,10288,南京理工大学,207,71,71,618,15351
2025,10289,江苏科技大学,207,2,2,563,63100
2025,10289,江苏科技大学,208,49,49,549,83041
2025,10290,中国矿业大学,211,15,15,587,37557
2025,10290,中国矿业大学,213,104,104,589,35818
2025,10290,中国矿业大学(中外合作办学),215,6,6,545,88533
2025,10290,中国矿业大学(中外合作办学),216,6,6,554,75511
2025,10291,南京工业大学,206,4,4,569,56800
2025,10291,南京工业大学,207,26,26,556,73344
2025,10291,南京工业大学(中外合作办学),208,3,3,560,67898
2025,10291,南京工业大学(中外合作办学),209,3,3,569,56426
2025,10292,常州大学,207,1,1,569,56509
2025,10292,常州大学,208,22,22,546,86922
2025,10293,南京邮电大学,202,156,156,603,24636
2025,10294,河海大学,209,13,13,592,32764
2025,10294,河海大学,210,134,134,599,27209
2025,10294,河海大学(中外合作办学),211,8,8,571,54254
2025,10294,河海大学,212,4,4,616,16017
2025,10295,江南大学,217,2,2,592,33042
2025,10295,江南大学,218,2,2,600,26606
2025,10295,江南大学(中外合作办学),219,3,3,586,38755
2025,10295,江南大学,220,12,12,609,20347
2025,10295,江南大学,221,19,19,599,26999
2025,10295,江南大学(中外合作办学),222,4,4,601,25581
2025,10295,江南大学,223,3,3,597,28912
2025,10295,江南大学,224,2,2,621,13816
2025,10298,南京林业大学,209,9,9,563,63450
2025,10298,南京林业大学,210,47,47,563,63327
2025,10298,南京林业大学,211,57,57,557,71179
2025,10299,江苏大学,205,5,5,576,48712
2025,10299,江苏大学,206,37,37,573,51483
2025,10300,南京信息工程大学,212,10,10,584,39889
2025,10300,南京信息工程大学,213,75,75,592,33317
2025,10300,南京信息工程大学(中外合作办学),214,16,16,574,50481
2025,10304,南通大学,216,5,5,539,96907
2025,10304,南通大学,217,17,17,547,85798
2025,10304,南通大学,218,14,14,540,95426
2025,10304,教南通大学(中外合作办学),220,6,6,519,130530
2025,10305,盐城工学院,203,2,2,538,99626
2025,10305,盐城工学院,204,3,3,506,154462
2025,10307,南京农业大学,211,18,18,582,42351
2025,10307,省南京农业大学,212,84,84,583,41011
2025,10312,南京医科大学,205,2,2,569,56845
2025,10312,南京医科大学,206,13,13,593,32459
2025,10315,南京中医药大学,203,9,9,591,33726
2025,10315,东南京中医药大学,204,12,12,551,79280
2025,10316,中国药科大学,206,30,30,604,24088
2025,10316,中国药科大学,207,8,8,608,21297
2025,10316,中国药科大学(中外合作办学),209,5,5,603,24228
2025,10316,广中国药科大学(中外合作办学),210,4,4,598,27980
2025,10319,南京师范大学,210,2,2,604,23953
2025,10319,南京师范大学,211,2,2,589,35732
2025,10319,南京师范大学,212,8,8,590,35037
2025,10319,南京师范大学,213,6,6,600,26714
2025,10320,江苏师范大学(中外合作办学),215,2,2,529,114657
2025,10320,江苏师范大学,216,7,7,559,68459
2025,10320,江苏师范大学(中外合作办学),217,10,10,530,111750
2025,10324,盐城师范学院,206,11,11,499,165749
2025,10324,盐城师范学院,207,2,2,508,150718
2025,10324,盐城师范学院,208,15,15,504,156929
2025,10327,南京财经大学,209,22,22,553,76282
2025,10327,南京财经大学(中外合作办学),210,4,4,549,82917
2025,10327,南京财经大学,211,6,6,561,66419
2025,10327,南京财经大学(中外合作办学),212,2,2,545,89055
2025,10330,南京体育学院,203,6,6,517,135039
2025,10331,南京艺术学院,209,1,1,548,83813
2025,10332,苏州科技大学,210,4,4,545,88007
2025,10332,苏州科技大学(中外合作办学),211,2,2,539,97479
2025,10332,苏州科技大学,212,8,8,547,85756
2025,10332,苏州科技大学(中外合作办学),213,2,2,552,78530
2025,10333,苏州工学院,203,20,20,537,100600
2025,10335,浙江大学(农学),204,38,38,654,3039
2025,10335,浙江大学,205,61,61,677,463
2025,10336,杭州电子科技大学,209,2,2,579,45447
2025,10336,杭州电子科技大学,210,27,27,565,61175
2025,10336,杭州电子科技大学,211,59,59,595,30446
2025,10336,杭州电子科技大学(中外合作办学),212,10,10,598,28232
2025,10337,浙江工业大学,209,24,24,568,57894
2025,10337,浙江工业大学,210,75,75,585,38901
2025,10337,浙江工业大学,211,17,17,575,49117
2025,10337,浙江工业大学(中外合作办学),212,5,5,586,38128
2025,10337,浙江工业大学(中外合作办学),213,5,5,549,82640
2025,10337,浙江工业大学,214,6,6,590,34748
2025,10338,浙江理工大学,209,20,20,554,76064
2025,10338,浙江理工大学,210,9,9,558,70162
2025,10338,浙江理工大学(中外合作办学),211,10,10,537,100968
2025,10338,浙江理工大学,212,98,98,559,68950
2025,10340,浙江海洋大学,211,2,2,544,90150
2025,10340,浙江海洋大学,212,48,48,529,114430
2025,10340,浙江海洋大学,213,14,14,532,108048
2025,10340,教浙江海洋大学,214,4,4,536,102243
2025,10340,浙江海洋大学(中外合作办学),215,4,4,529,113972
2025,10340,浙江海洋大学,216,2,2,531,109985
2025,10341,浙江农林大学,207,12,12,540,96592
2025,10341,省浙江农林大学,208,45,45,537,101061
2025,10341,浙江农林大学(中外合作办学),209,3,3,506,154596
2025,10343,温州医科大学,204,3,3,543,91741
2025,10343,温州医科大学,205,17,17,553,77307
2025,10343,东温州医科大学(中外合作办学),206,2,2,587,37832
2025,10344,浙江中医药大学,205,2,2,557,71788
2025,10344,浙江中医药大学,206,32,32,549,81872
2025,10345,浙江师范大学,219,7,7,554,75593
2025,10345,广浙江师范大学(中外合作办学),220,5,5,536,101796
2025,10345,浙江师范大学,221,43,43,563,63153
2025,10345,浙江师范大学,222,7,7,557,70930
2025,10345,浙江师范大学,223,6,6,545,89017
2025,10345,浙江师范大学(中外合作办学),224,8,8,556,73129
2025,10346,杭州师范大学,207,6,6,563,63213
2025,10346,杭州师范大学,208,9,9,573,51345
2025,10346,杭州师范大学,209,2,2,549,82293
2025,10346,杭州师范大学(中外合作办学),210,4,4,542,92944
2025,10346,杭州师范大学(中外合作办学),211,8,8,536,102347
2025,10347,湖州师范学院,208,2,2,518,132557
2025,10347,湖州师范学院,209,2,2,541,94357
2025,10347,湖州师范学院,210,2,2,512,143203
2025,10351,温州大学,211,2,2,550,81611
2025,10351,温州大学,212,14,14,546,86151
2025,10351,温州大学,213,2,2,559,68146
2025,10351,温州大学,214,2,2,545,88855
2025,10351,温州大学(中外合作办学),215,5,5,547,85308
2025,10352,丽水学院,205,3,3,508,150439
2025,10352,丽水学院,206,16,16,515,138466
2025,10352,丽水学院,207,11,11,530,111695
2025,10353,浙江工商大学,208,14,14,556,73332
2025,10353,浙江工商大学,209,5,5,549,83069
2025,10353,浙江工商大学,210,6,6,547,85268
2025,10354,嘉兴大学,205,64,64,540,96598
2025,10354,嘉兴大学(中外合作办学),206,5,5,528,116134
2025,10355,中国美术学院,206,8,8,594,30931
2025,10356,中国计量大学,205,12,12,570,54887
2025,10356,中国计量大学,206,63,63,572,52584
2025,10357,安徽大学,210,23,23,583,41265
2025,10357,安徽大学,212,41,41,598,28319
2025,10357,安徽大学(中外合作办学),213,5,5,586,38131
2025,10357,安徽大学(中外合作办学),214,3,3,589,35568
2025,10358,中国科学技术大学,202,92,93,673,775
2025,10359,合肥工业大学,211,19,19,595,30544
2025,10359,合肥工业大学(中外合作办学),213,8,8,570,54881
2025,10359,合肥工业大学,214,72,72,610,20032
2025,10360,安徽工业大学,207,14,14,536,102405
2025,10360,安徽工业大学,208,3,3,538,98771
2025,10360,安徽工业大学,209,4,4,534,105373
2025,10360,安徽工业大学,210,2,2,556,72396
2025,10361,教安徽理工大学,204,18,18,525,119931
2025,10361,安徽理工大学,205,94,94,532,108337
2025,10361,安徽理工大学,206,15,15,517,133796
2025,10363,安徽工程大学,204,5,5,520,129093
2025,10363,省安徽工程大学,205,5,5,522,125784
2025,10363,安徽工程大学(中外合作办学),206,2,2,536,103001
2025,10364,安徽农业大学,206,3,3,541,94608
2025,10364,安徽农业大学,207,38,38,524,122301
2025,10364,东安徽农业大学,208,3,3,521,128102
2025,10366,安徽医科大学,203,4,4,533,107496
2025,10366,安徽医科大学,204,10,10,526,118876
2025,10368,皖南医学院,202,12,12,535,103899
2025,10369,广安徽中医药大学,208,1,1,518,132839
2025,10369,安徽中医药大学,209,1,1,525,119683
2025,10369,安徽中医药大学,210,3,3,564,62529
2025,10369,安徽中医药大学,211,2,2,530,111976
2025,10369,安徽中医药大学,212,9,9,523,124816
2025,10370,安徽师范大学,204,33,33,517,133564
2025,10372,安庆师范大学,205,5,5,527,117928
2025,10372,安庆师范大学(中外合作办学),206,5,5,471,217858
2025,10373,淮北师范大学,209,4,4,509,148526
2025,10373,淮北师范大学,210,4,4,533,107668
2025,10378,安徽财经大学,205,35,35,530,112894
2025,10378,安徽财经大学,206,2,2,539,96988
2025,10383,铜陵学院,205,23,23,493,177477
2025,10383,铜陵学院,206,5,5,494,175396
2025,10384,厦门大学,216,13,13,634,8147
2025,10384,厦门大学,218,36,36,629,10183
2025,10384,厦门大学,219,56,56,632,8895
2025,10384,厦门大学(马来西亚分校),220,6,6,604,23536
2025,10384,厦门大学(马来西亚分校),221,40,40,605,22824
2025,10385,华侨大学,204,30,30,542,92361
2025,10385,华侨大学,205,85,85,558,69667
2025,10385,华侨大学,206,5,5,566,60044
2025,10385,华侨大学(联合培养),207,6,6,536,102787
2025,10385,华侨大学,210,34,34,549,82808
2025,10386,福州大学(闽台合作),207,7,7,573,51586
2025,10386,福州大学,208,32,32,601,26032
2025,10386,福州大学,209,12,12,596,30014
2025,10386,福州大学(闽台合作),210,8,8,606,22316
2025,10388,福建理工大学,204,14,14,527,117507
2025,10388,福建理工大学,205,7,7,526,119354
2025,10388,福建理工大学,206,21,21,544,90195
2025,10389,福建农林大学,214,3,3,545,88562
2025,10389,福建农林大学,215,5,5,537,101042
2025,10389,福建农林大学(中外合作办学),216,5,5,512,143086
2025,10389,福建农林大学(中外合作办学),217,5,5,506,153802
2025,10389,福建农林大学,218,49,49,517,133783
2025,10389,福建农林大学,219,66,66,528,115628
2025,10389,福建农林大学,220,2,2,555,74401
2025,10390,集美大学,211,5,5,551,79635
2025,10390,集美大学,212,4,4,562,64492
2025,10390,集美大学,213,11,11,558,70591
2025,10390,教集美大学,214,3,3,556,72103
2025,10390,集美大学,215,4,4,557,71363
2025,10390,集美大学,216,2,2,543,90920
2025,10390,集美大学,217,6,6,545,88245
2025,10392,省福建医科大学,203,4,4,541,94106
2025,10392,福建医科大学,204,13,13,555,74545
2025,10393,福建中医药大学,206,7,7,549,82608
2025,10393,福建中医药大学,207,6,6,570,54750
2025,10393,东福建中医药大学(中外合作办学),208,6,6,516,135757
2025,10394,福建师范大学,212,54,54,539,97806
2025,10394,福建师范大学,213,61,61,557,71044
2025,10394,福建师范大学(中外合作办学),214,18,18,545,87873
2025,10395,广闽江学院,205,1,1,534,105134
2025,10395,闽江学院,206,2,2,544,90266
2025,10397,武夷学院,206,6,6,495,173598
2025,10397,武夷学院,207,10,10,506,154285
2025,10397,武夷学院,208,6,6,501,162814
2025,10398,宁德师范学院,203,3,3,508,150011
2025,10398,宁德师范学院,204,2,2,505,155999
2025,10399,泉州师范学院,211,6,6,505,155247
2025,10399,泉州师范学院,212,16,16,516,136096
2025,10399,泉州师范学院,213,7,7,506,154672
2025,10399,泉州师范学院,214,2,2,521,127039
2025,10402,闽南师范大学,206,2,2,516,136022
2025,10402,闽南师范大学(联合培养),207,3,3,502,161162
2025,10402,闽南师范大学,208,6,6,538,98456
2025,10402,闽南师范大学(联合培养),209,6,6,496,172278
2025,10403,南昌大学,218,3,3,590,34361
2025,10403,南昌大学,219,12,12,589,35872
2025,10403,南昌大学,220,42,42,594,31154
2025,10403,南昌大学,221,4,4,612,18534
2025,10403,南昌大学,222,24,24,582,42453
2025,10403,南昌大学(中外合作办学),223,15,15,588,36325
2025,10403,南昌大学,224,2,2,610,19690
2025,10403,南昌大学,225,5,5,568,57177
2025,10404,华东交通大学,210,4,4,545,88055
2025,10404,华东交通大学,211,9,9,547,84713
2025,10404,华东交通大学(中外合作办学),212,3,3,530,111703
2025,10404,华东交通大学,213,107,107,550,81231
2025,10404,华东交通大学,214,7,7,545,88184
2025,10404,华东交通大学,217,3,3,543,91010
2025,10404,华东交通大学,218,6,6,553,76525
2025,10404,华东交通大学(联合培养),219,2,2,543,90766
2025,10404,华东交通大学,220,14,14,562,64639
2025,10404,华东交通大学(联合培养),221,16,16,546,86891
2025,10405,东华理工大学,205,68,68,532,108405
2025,10405,东华理工大学(国际班),206,14,14,486,190384
2025,10406,南昌航空大学,213,11,11,543,91827
2025,10406,南昌航空大学,215,65,65,550,81256
2025,10406,南昌航空大学,216,49,49,560,67448
2025,10406,南昌航空大学(中外合作办学),217,4,4,555,74093
2025,10406,南昌航空大学,218,7,7,558,70611
2025,10407,江西理工大学,216,27,27,528,115081
2025,10407,教江西理工大学,217,4,4,558,69800
2025,10407,江西理工大学,218,122,122,530,112533
2025,10407,江西理工大学(中外合作办学),219,2,2,553,77423
2025,10407,江西理工大学,220,6,6,558,69422
2025,10408,省景德镇陶瓷大学,203,10,10,531,110027
2025,10408,景德镇陶瓷大学,207,1,1,526,119024
2025,10408,景德镇陶瓷大学,208,1,1,541,93964
2025,10408,景德镇陶瓷大学,211,2,2,536,102556
2025,10408,东景德镇陶瓷大学,212,2,2,529,114250
2025,10408,景德镇陶瓷大学,213,1,1,537,101095
2025,10408,景德镇陶瓷大学,214,1,1,520,129721
2025,10410,江西农业大学,209,9,9,520,129970
2025,10410,广江西农业大学,210,2,2,533,106582
2025,10410,江西农业大学,211,6,6,519,130503
2025,10410,江西农业大学,212,2,2,529,113925
2025,10410,江西农业大学,213,16,16,519,130516
2025,10410,江西农业大学,214,13,13,528,115039
2025,10412,江西中医药大学,209,6,6,509,148790
2025,10412,江西中医药大学,210,8,8,565,61437
2025,10412,江西中医药大学,211,9,9,530,111955
2025,10412,江西中医药大学,212,4,4,560,68055
2025,10413,赣南医科大学,204,2,2,534,105991
2025,10413,赣南医科大学,205,35,35,534,105505
2025,10413,赣南医科大学,206,3,3,523,124289
2025,10414,江西师范大学,225,29,29,538,98595
2025,10414,江西师范大学,226,15,15,535,104678
2025,10414,江西师范大学,227,11,11,540,95658
2025,10414,江西师范大学,228,1,1,569,55722
2025,10414,江西师范大学,229,8,8,564,61885
2025,10414,江西师范大学,230,67,67,542,92502
2025,10414,江西师范大学,231,1,1,563,63442
2025,10414,江西师范大学,232,43,43,541,94398
2025,10414,江西师范大学,234,1,1,536,102457
2025,10416,上饶师范学院,219,2,2,510,146378
2025,10416,上饶师范学院,220,2,2,509,147947
2025,10416,上饶师范学院,221,18,18,499,166381
2025,10416,上饶师范学院,222,4,4,500,164520
2025,10417,宜春学院,224,2,2,501,162041
2025,10417,宜春学院,225,2,2,505,156543
2025,10417,宜春学院,226,8,8,500,164227
2025,10417,宜春学院,227,2,2,513,141872
2025,10417,宜春学院,228,2,2,521,127263
2025,10417,宜春学院,229,10,10,520,129181
2025,10417,宜春学院,230,4,4,508,149493
2025,10417,宜春学院,231,2,2,508,150561
2025,10418,赣南师范大学,227,8,8,515,138554
2025,10418,赣南师范大学,228,6,6,513,141262
2025,10418,赣南师范大学,229,5,5,520,128849
2025,10418,赣南师范大学,230,5,5,519,131245
2025,10418,赣南师范大学,231,2,2,547,85492
2025,10418,赣南师范大学,232,16,16,498,168443
2025,10418,赣南师范大学,233,4,4,544,89746
2025,10418,赣南师范大学,234,16,16,519,130670
2025,10418,教赣南师范大学,237,19,19,521,126611
2025,10418,赣南师范大学,238,4,4,509,148598
2025,10419,井冈山大学(国际班),209,2,2,500,164744
2025,10419,井冈山大学,210,2,2,526,118644
2025,10419,省井冈山大学,211,6,6,514,138627
2025,10419,井冈山大学,212,6,6,522,125658
2025,10419,井冈山大学,213,28,28,529,114385
2025,10419,井冈山大学,214,4,4,540,96347
2025,10419,东井冈山大学(中外合作办学),215,2,2,506,154168
2025,10421,江西财经大学,213,58,58,558,69923
2025,10421,江西财经大学,214,24,24,561,66043
2025,10421,江西财经大学,215,1,1,557,71224
2025,10421,广江西财经大学,216,32,32,560,67837
2025,10421,江西财经大学,217,23,23,559,68392
2025,10421,江西财经大学(中外合作办学),218,4,4,551,79673
2025,10421,江西财经大学(中外合作办学),219,4,4,548,84512
2025,10421,江西财经大学(中外合作办学),220,8,8,531,110867
2025,10421,江西财经大学(中外合作办学),221,16,16,532,109013
2025,10422,山东大学,203,16,16,618,15173
2025,10422,山东大学,204,30,30,620,14073
2025,10422,山东大学,205,28,28,613,17974
2025,10422,山东大学,206,52,52,621,13695
2025,10422,山东大学,207,12,12,614,17475
2025,10422,山东大学,208,5,5,629,10125
2025,10423,中国海洋大学,217,8,8,605,22732
2025,10423,中国海洋大学,218,6,6,610,19936
2025,10423,中国海洋大学,219,56,56,610,19977
2025,10423,中国海洋大学,220,10,10,621,13718
2025,10423,中国海洋大学,221,52,52,606,22474
2025,10423,中国海洋大学,222,6,6,611,19050
2025,10423,中国海洋大学(中外合作办学),223,3,3,616,16394
2025,10423,中国海洋大学(中外合作办学),224,7,7,611,18958
2025,10423,中国海洋大学(中外合作办学),225,4,4,605,23341
2025,10423,中国海洋大学(中外合作办学),226,2,2,611,19385
2025,10423,中国海洋大学(中外合作办学),227,4,4,606,22180
2025,10423,中国海洋大学(中外合作办学),228,4,4,603,24542
2025,10424,山东科技大学,204,13,13,557,71658
2025,10425,中国石油大学(华东),209,4,4,592,33486
2025,10425,中国石油大学(华东),210,65,65,595,30429
2025,10426,青岛科技大学,206,45,45,526,118455
2025,10426,青岛科技大学(中外合作办学),207,6,6,522,125290
2025,10427,济南大学,217,7,7,534,105086
2025,10427,济南大学,218,16,16,532,108401
2025,10427,济南大学,219,101,101,532,109106
2025,10427,济南大学,220,30,30,521,126695
2025,10427,济南大学,221,5,5,539,97542
2025,10429,青岛理工大学,205,11,11,522,125448
2025,10429,青岛理工大学,206,53,53,512,142691
2025,10430,山东建筑大学,208,1,1,526,118839
2025,10430,山东建筑大学(中外合作办学),209,2,2,516,136065
2025,10430,山东建筑大学,210,19,19,505,156119
2025,10431,齐鲁工业大学,208,5,5,515,138461
2025,10431,齐鲁工业大学,209,68,68,510,146062
2025,10433,教山东理工大学,204,4,4,539,97538
2025,10433,山东理工大学,205,17,17,537,101004
2025,10433,山东理工大学,206,4,4,546,87296
2025,10434,山东农业大学,205,99,99,489,183881
2025,10434,省山东农业大学(中外合作办学),206,3,3,522,125907
2025,10435,青岛农业大学,203,61,61,494,175630
2025,10435,青岛农业大学(中外合作办学),204,14,14,448,257214
2025,10438,山东第二医科大学,202,16,16,516,136530
2025,10439,东山东第一医科大学,206,2,2,548,83865
2025,10439,山东第一医科大学,207,4,4,531,110080
2025,10439,山东第一医科大学,208,5,5,527,117546
2025,10439,山东第一医科大学,211,3,3,541,94111
2025,10439,广山东第一医科大学,212,2,2,584,40430
2025,10439,山东第一医科大学,213,2,2,595,30706
2025,10439,山东第一医科大学,214,4,4,532,109427
2025,10439,山东第一医科大学,215,5,5,523,124230
2025,10439,山东第一医科大学,216,2,2,532,109046
2025,10439,山东第一医科大学,217,4,4,543,92167
2025,10439,山东第一医科大学,218,5,5,519,131649
2025,10439,山东第一医科大学,219,2,2,537,100106
2025,10440,滨州医学院,202,15,15,529,113057
2025,10441,山东中医药大学,202,20,20,540,95695
2025,10443,济宁医学院,202,6,6,535,103939
2025,10445,山东师范大学,214,20,20,527,117904
2025,10445,山东师范大学(中外合作办学),215,3,3,498,167741
2025,10445,山东师范大学,216,5,5,552,78557
2025,10445,山东师范大学,217,46,46,521,127437
2025,10447,聊城大学,202,5,5,505,155212
2025,10449,山东航空学院,205,1,1,512,143631
2025,10449,山东航空学院,206,3,3,529,114124
2025,10451,鲁东大学,205,20,20,490,183714
2025,10451,鲁东大学(中外合作办学),206,5,5,493,178348
2025,10452,临沂大学,208,24,24,515,137293
2025,10452,临沂大学(中外合作办学),209,4,4,491,180713
2025,10452,临沂大学,210,2,2,516,136054
2025,10453,泰山学院,202,10,10,496,172367
2025,10455,菏泽学院,205,2,2,503,159701
2025,10455,菏泽学院,206,4,4,498,167996
2025,10456,山东财经大学,205,16,16,542,93200
2025,10456,山东财经大学,206,13,13,550,80398
2025,10459,郑州大学,210,5,5,594,31338
2025,10459,郑州大学,211,33,33,590,34567
2025,10459,郑州大学(中外合作办学),214,3,3,579,45210
2025,10460,河南理工大学,208,3,3,540,96574
2025,10460,河南理工大学,209,32,32,534,105304
2025,10460,河南理工大学(中外合作办学),210,4,4,540,96063
2025,10460,河南理工大学(中外合作办学),211,6,6,535,104106
2025,10462,郑州轻工业大学,206,85,85,529,114277
2025,10462,郑州轻工业大学(中外合作办学),207,5,5,535,104497
2025,10462,郑州轻工业大学(中外合作办学),208,10,10,494,176464
2025,10463,河南工业大学,210,8,8,528,115393
2025,10463,河南工业大学,211,34,34,523,124815
2025,10463,河南工业大学,212,24,24,529,113753
2025,10463,教河南工业大学(中外合作办学/豫台合作办学),213,6,6,495,173129
2025,10464,河南科技大学,212,5,5,543,92076
2025,10464,河南科技大学,213,46,46,546,86895
2025,10464,河南科技大学,214,21,21,523,123927
2025,10464,省河南科技大学,215,6,6,541,94603
2025,10464,河南科技大学,216,6,6,558,70145
2025,10464,河南科技大学(中外合作办学),217,8,8,534,105536
2025,10464,河南科技大学(中外合作办学),218,6,6,538,98905
2025,10465,东中原工学院,205,4,4,502,161470
2025,10465,中原工学院,206,4,4,520,129542
2025,10466,河南农业大学,212,4,4,511,144313
2025,10466,河南农业大学,213,3,3,527,117483
2025,10466,广河南农业大学,214,9,9,532,108210
2025,10466,河南农业大学,215,4,4,530,112627
2025,10466,河南农业大学(中外合作办学),216,10,10,502,160732
2025,10466,河南农业大学,217,3,3,525,121027
2025,10466,河南农业大学,218,2,2,525,120641
2025,10467,河南科技学院,207,37,37,495,173983
2025,10471,河南中医药大学,206,6,6,558,69466
2025,10471,河南中医药大学,207,7,7,539,98091
2025,10471,河南中医药大学,208,4,4,532,108994
2025,10472,河南医药大学,206,20,20,517,133619
2025,10475,河南大学,219,23,23,547,86032
2025,10475,河南大学(中外合作办学),222,30,30,508,151144
2025,10475,河南大学,223,37,37,552,78765
2025,10475,河南大学(中外合作办学),226,12,12,525,120162
2025,10475,河南大学(中外合作办学),227,15,15,558,69993
2025,10475,河南大学,228,55,55,563,63136
2025,10476,河南师范大学,207,3,3,567,58182
2025,10476,河南师范大学,208,18,18,483,195419
2025,10476,河南师范大学,209,15,15,482,197797
2025,10477,信阳师范大学,203,5,5,520,129842
2025,10477,信阳师范大学(中外合作办学),204,8,8,489,184287
2025,10478,周口师范学院,205,2,2,494,174947
2025,10478,周口师范学院,206,11,11,498,167942
2025,10481,南阳师范学院,212,3,3,513,140650
2025,10481,南阳师范学院,213,8,8,495,173723
2025,10481,南阳师范学院,214,17,17,498,167684
2025,10481,南阳师范学院,215,10,10,495,174698
2025,10481,南阳师范学院(中外合作办学),216,6,6,493,177673
2025,10481,南阳师范学院(联合培养),217,4,4,486,190805
2025,10481,南阳师范学院,218,20,20,499,166747
2025,10482,洛阳师范学院,204,15,15,491,180631
2025,10483,商丘师范学院,206,3,3,494,176100
2025,10483,商丘师范学院,207,8,8,495,174233
2025,10484,河南财经政法大学,206,6,6,539,97305
2025,10484,河南财经政法大学,207,6,6,532,109310
2025,10484,河南财经政法大学,208,10,10,527,117370
2025,10485,郑州航空工业管理学院,206,6,6,503,158697
2025,10485,郑州航空工业管理学院,207,4,4,541,95028
2025,10485,郑州航空工业管理学院,208,8,8,534,105111
2025,10486,武汉大学,213,29,29,640,6254
2025,10486,武汉大学,214,46,46,646,4603
2025,10486,教武汉大学,215,11,11,641,5936
2025,10486,武汉大学,216,6,6,623,12629
2025,10486,武汉大学,217,2,2,643,5284
2025,10486,武汉大学(中外合作办学),218,10,10,611,19170
2025,10486,省武汉大学,219,6,6,609,20476
2025,10486,武汉大学,220,22,22,657,2480
2025,10486,武汉大学,221,49,49,645,4860
2025,10486,武汉大学,222,49,49,648,4202
2025,10487,东华中科技大学,214,158,158,653,3099
2025,10487,华中科技大学,215,11,11,646,4554
2025,10487,华中科技大学(中外合作办学),217,12,12,621,13489
2025,10487,华中科技大学(中外合作办学),218,10,10,617,15874
2025,10487,广华中科技大学(预防医学),219,11,11,620,14202
2025,10488,武汉科技大学,212,19,19,552,77859
2025,10488,武汉科技大学,213,51,51,569,56342
2025,10488,武汉科技大学(中外合作办学),214,37,37,541,95196
2025,10489,长江大学,217,3,3,538,99931
2025,10489,长江大学,220,38,38,538,98707
2025,10489,长江大学(中外合作办学),222,6,6,463,232093
2025,10489,长江大学(中外合作办学),223,3,3,532,109002
2025,10489,长江大学,224,5,5,559,69392
2025,10490,武汉工程大学,207,12,12,541,94390
2025,10490,武汉工程大学,208,31,31,559,68311
2025,10490,武汉工程大学(中外合作办学),209,4,4,541,94907
2025,10491,中国地质大学(武汉),214,6,6,591,33896
2025,10491,中国地质大学(武汉),215,108,108,592,33226
2025,10491,中国地质大学(武汉)(中外合作办学),218,5,5,591,33863
2025,10491,中国地质大学(武汉)(中外合作办学),219,1,1,592,32781
2025,10491,中国地质大学(武汉)(中外合作办学),220,3,3,593,32416
2025,10491,中国地质大学(武汉)(中外合作办学),221,2,2,577,46904
2025,10495,武汉纺织大学,208,8,8,547,84646
2025,10495,武汉纺织大学,209,45,45,538,99093
2025,10496,武汉轻工大学(中外合作办学),210,6,6,497,169470
2025,10496,武汉轻工大学,211,8,8,550,81278
2025,10496,武汉轻工大学(中外合作办学),212,18,18,510,147151
2025,10496,武汉轻工大学(中外合作办学),213,6,6,505,156454
2025,10497,武汉理工大学,205,2,2,627,10815
2025,10497,武汉理工大学,206,2,2,625,11636
2025,10497,武汉理工大学,207,2,2,627,10809
2025,10497,武汉理工大学(中外合作办学),209,6,6,598,28152
2025,10497,武汉理工大学(中外合作办学),212,5,5,595,30505
2025,10497,武汉理工大学(中外合作办学),213,6,6,609,20670
2025,10497,武汉理工大学,216,237,237,610,19546
2025,10500,湖北工业大学,203,35,35,538,99224
2025,10500,湖北工业大学,212,94,94,552,78232
2025,10500,湖北工业大学(中外合作办学),213,30,30,535,104612
2025,10504,华中农业大学,220,1,1,585,39571
2025,10504,华中农业大学,221,10,10,587,37710
2025,10504,华中农业大学(中外合作办学),222,2,2,565,61158
2025,10504,华中农业大学,223,2,2,599,27703
2025,10504,华中农业大学,224,31,31,591,33907
2025,10504,华中农业大学,225,7,7,601,25621
2025,10504,华中农业大学(中外合作办学),226,3,3,560,66832
2025,10504,教华中农业大学(中外合作办学),227,2,2,567,58978
2025,10504,华中农业大学,228,3,3,589,35414
2025,10507,湖北中医药大学,211,1,1,543,91858
2025,10507,湖北中医药大学,212,14,14,565,60965
2025,10507,省湖北中医药大学,213,11,11,513,142101
2025,10507,湖北中医药大学,214,23,23,534,105712
2025,10511,华中师范大学,205,38,38,586,37846
2025,10511,华中师范大学,224,3,3,601,25964
2025,10511,东华中师范大学,225,29,29,607,21328
2025,10511,华中师范大学,226,14,14,610,19881
2025,10512,湖北大学,211,39,39,557,71107
2025,10512,湖北大学,212,34,34,551,79318
2025,10512,广湖北大学,214,2,2,561,66288
2025,10512,湖北大学,215,14,14,545,87788
2025,10512,湖北大学,216,36,36,552,77628
2025,10512,湖北大学(中外合作办学),217,11,11,551,79068
2025,10513,湖北师范大学,204,6,6,555,74577
2025,10519,湖北文理学院,206,5,5,510,147014
2025,10519,湖北文理学院,207,6,6,496,171876
2025,10520,中南财经政法大学,203,100,100,600,26626
2025,10520,中南财经政法大学(中外合作办学),204,4,4,567,59191
2025,10520,中南财经政法大学,205,24,24,604,23451
2025,10520,中南财经政法大学(中外合作办学),206,10,10,596,29619
2025,10522,武汉体育学院,212,6,6,520,129488
2025,10522,武汉体育学院,213,7,7,526,119146
2025,10524,中南民族大学,211,3,3,551,79573
2025,10524,中南民族大学,212,7,7,551,80189
2025,10524,中南民族大学,213,15,15,544,90648
2025,10524,中南民族大学,214,20,20,545,88663
2025,10525,湖北汽车工业学院,204,3,3,536,102318
2025,10525,湖北汽车工业学院(中外合作办学),205,4,4,522,126212
2025,10528,湖北工程学院,204,7,7,506,154490
2025,10528,湖北工程学院,205,7,7,520,128743
2025,10528,湖北工程学院,206,1,1,528,114796
2025,10530,湘潭大学,213,24,24,564,62576
2025,10530,湘潭大学,216,85,85,568,57409
2025,10531,吉首大学,216,3,3,539,98227
2025,10531,吉首大学,217,12,12,537,100093
2025,10531,吉首大学,218,12,12,505,156574
2025,10531,吉首大学,219,6,6,528,116199
2025,10531,吉首大学,220,3,3,495,173798
2025,10531,吉首大学,221,3,3,526,118616
2025,10532,湖南大学,204,31,31,619,14795
2025,10532,湖南大学,206,227,227,624,12143
2025,10532,湖南大学(本科预科班),213,3,3,534,105687
2025,10533,中南大学,203,269,269,617,15675
2025,10533,中南大学(中外合作办学),205,18,18,612,18785
2025,10533,中南大学(中外合作办学),206,8,8,607,21367
2025,10533,中南大学,207,14,14,624,12346
2025,10533,中南大学,209,3,3,662,1809
2025,10534,湖南科技大学,217,3,3,549,83053
2025,10534,湖南科技大学,218,3,3,537,100565
2025,10534,湖南科技大学,219,48,48,533,107862
2025,10534,教湖南科技大学,220,2,2,561,65885
2025,10534,湖南科技大学,221,246,246,536,102685
2025,10536,长沙理工大学,215,4,4,556,73334
2025,10536,长沙理工大学,216,14,14,550,81145
2025,10536,省长沙理工大学,217,25,25,552,78463
2025,10536,长沙理工大学,218,241,241,552,77558
2025,10536,长沙理工大学,219,23,23,553,76488
2025,10536,长沙理工大学,220,13,13,557,71930
2025,10536,东长沙理工大学(中外合作办学),221,2,2,539,98273
2025,10536,长沙理工大学(中外合作办学),222,5,5,592,33423
2025,10536,长沙理工大学(中外合作办学),223,4,4,570,54927
2025,10536,长沙理工大学,224,19,19,580,44074
2025,10537,广湖南农业大学,219,3,3,546,87152
2025,10537,湖南农业大学,220,43,43,531,110373
2025,10537,湖南农业大学(中外合作办学),221,5,5,513,141238
2025,10537,湖南农业大学,222,3,3,541,94563
2025,10537,湖南农业大学,223,169,169,526,119351
2025,10537,湖南农业大学(中外合作办学),224,45,45,502,161604
2025,10537,湖南农业大学,225,3,3,541,94127
2025,10538,中南林业科技大学,211,40,40,527,117620
2025,10538,中南林业科技大学,212,157,157,510,147226
2025,10538,中南林业科技大学,213,2,2,541,95170
2025,10541,湖南中医药大学,207,2,2,541,94456
2025,10541,湖南中医药大学,208,28,28,567,59087
2025,10541,湖南中医药大学,209,3,3,537,101204
2025,10541,湖南中医药大学,210,4,4,551,79240
2025,10541,湖南中医药大学,211,22,22,557,71388
2025,10541,湖南中医药大学,212,2,2,550,81336
2025,10541,湖南中医药大学,213,2,2,549,82589
2025,10541,湖南中医药大学,214,29,29,532,108536
2025,10542,湖南师范大学,227,29,29,583,41047
2025,10542,湖南师范大学,229,4,4,590,34788
2025,10542,湖南师范大学,230,2,2,588,36857
2025,10542,湖南师范大学,231,6,6,591,33588
2025,10542,湖南师范大学,232,4,4,599,27654
2025,10542,湖南师范大学,233,44,44,598,27814
2025,10542,湖南师范大学,234,6,6,607,21432
2025,10542,湖南师范大学,235,18,18,593,32222
2025,10542,湖南师范大学,236,22,22,577,47333
2025,10543,湖南理工学院,214,2,2,535,104525
2025,10543,湖南理工学院,215,9,9,512,143733
2025,10543,湖南理工学院,216,20,20,517,133885
2025,10545,湘南学院,219,8,8,518,132631
2025,10545,湘南学院,222,8,8,522,125515
2025,10545,湘南学院,224,10,10,528,115043
2025,10546,衡阳师范学院,210,2,2,521,127695
2025,10546,衡阳师范学院,211,9,9,502,161535
2025,10546,衡阳师范学院,212,3,3,541,94593
2025,10546,衡阳师范学院,213,11,11,505,154906
2025,10547,邵阳学院,212,3,3,502,161324
2025,10547,邵阳学院,213,8,8,499,166362
2025,10547,邵阳学院,214,2,2,509,149225
2025,10547,邵阳学院,215,15,15,502,161501
2025,10547,教邵阳学院,216,15,15,497,170203
2025,10548,怀化学院,213,10,10,511,144538
2025,10548,怀化学院,215,1,1,497,170838
2025,10549,湖南文理学院(中外合作办学),207,6,6,480,200522
2025,10549,省湖南文理学院,208,6,6,496,172617
2025,10549,湖南文理学院(中外合作办学),209,4,4,504,157274
2025,10551,湖南科技学院,211,18,18,499,167284
2025,10553,湖南人文科技学院,211,4,4,501,162721
2025,10553,东湖南人文科技学院(中外合作办学),212,1,1,495,174700
2025,10553,湖南人文科技学院,213,10,10,502,161236
2025,10553,湖南人文科技学院,214,1,1,517,134953
2025,10554,湖南工商大学,212,1,1,548,84083
2025,10554,广湖南工商大学,213,4,4,550,81584
2025,10554,湖南工商大学(中外合作办学),214,2,2,538,99675
2025,10554,湖南工商大学,215,3,3,522,126189
2025,10554,湖南工商大学,216,10,10,536,102093
2025,10555,南华大学,215,10,10,535,103774
2025,10555,南华大学,216,2,2,529,114574
2025,10555,南华大学,217,12,12,531,109975
2025,10555,南华大学,218,28,28,528,116299
2025,10555,南华大学,219,11,11,523,124146
2025,10555,南华大学,220,306,306,522,124925
2025,10555,南华大学,221,168,168,506,153251
2025,10558,中山大学,212,183,183,631,9390
2025,10558,中山大学,213,98,98,629,9936
2025,10558,中山大学,214,271,271,642,5517
2025,10558,中山大学,215,388,388,647,4264
2025,10558,中山大学,216,433,433,651,3575
2025,10558,中山大学,217,350,350,639,6467
2025,10558,中山大学,218,475,475,633,8536
2025,10558,中山大学,219,302,302,628,10616
2025,10559,暨南大学,210,20,20,597,28753
2025,10559,暨南大学,211,154,154,592,33210
2025,10559,暨南大学,212,56,56,595,30837
2025,10559,暨南大学,213,25,25,593,32443
2025,10559,暨南大学,214,37,37,593,32172
2025,10559,暨南大学,215,182,182,593,32622
2025,10559,暨南大学,216,17,17,591,34231
2025,10559,暨南大学,217,63,63,602,25334
2025,10559,暨南大学,218,527,527,603,24510
2025,10559,暨南大学,219,120,120,599,27600
2025,10559,暨南大学,220,147,147,595,30809
2025,10559,暨南大学,221,140,140,595,30480
2025,10559,暨南大学,222,266,266,613,17976
2025,10559,暨南大学(中外合作办学),223,60,60,594,31347
2025,10559,暨南大学(中外合作办学),224,62,62,599,27488
2025,10560,汕头大学,203,175,175,554,75184
2025,10560,汕头大学,204,393,393,552,78313
2025,10560,汕头大学,205,1347,1347,559,69279
2025,10560,汕头大学,206,176,176,555,73663
2025,10560,汕头大学(地方专项),209,29,29,539,98040
2025,10560,汕头大学(地方专项),210,45,45,561,65824
2025,10561,华南理工大学,212,386,386,640,6278
2025,10561,教华南理工大学,213,821,821,627,10764
2025,10561,华南理工大学,214,836,836,625,11609
2025,10561,华南理工大学,215,660,660,622,12953
2025,10561,华南理工大学,216,90,90,622,13222
2025,10564,省华南农业大学,210,312,312,566,59597
2025,10564,华南农业大学,211,157,157,567,59001
2025,10564,华南农业大学,213,82,82,565,61613
2025,10564,华南农业大学,214,33,33,566,59846
2025,10564,东华南农业大学,215,67,67,566,60375
2025,10564,华南农业大学,216,561,561,583,41496
2025,10564,华南农业大学,217,461,461,577,47222
2025,10564,华南农业大学,218,453,453,589,35806
2025,10564,广华南农业大学,219,478,478,586,38309
2025,10564,华南农业大学,220,171,171,574,50998
2025,10564,华南农业大学,221,131,131,575,49648
2025,10564,华南农业大学,222,174,174,573,51860
2025,10564,华南农业大学,223,155,155,569,55825
2025,10564,华南农业大学,230,36,36,593,32245
2025,10564,华南农业大学,231,152,152,571,53856
2025,10564,华南农业大学,232,71,71,572,52750
2025,10564,华南农业大学,233,55,55,570,54979
2025,10564,华南农业大学(国际班),251,50,50,544,89623
2025,10564,华南农业大学(国际班),252,215,215,537,99957
2025,10564,华南农业大学(中外合作办学),253,138,138,543,91803
2025,10564,华南农业大学(地方专项),271,450,450,534,105326
2025,10566,广东海洋大学,201,212,212,516,136386
2025,10566,广东海洋大学,202,114,114,507,151480
2025,10566,广东海洋大学,203,469,469,513,140465
2025,10566,广东海洋大学,204,30,30,523,124513
2025,10566,广东海洋大学,205,511,511,508,151140
2025,10566,广东海洋大学,206,452,452,512,142753
2025,10566,广东海洋大学,207,201,201,528,115975
2025,10566,广东海洋大学,208,123,123,519,130543
2025,10566,广东海洋大学,209,374,374,548,83881
2025,10566,广东海洋大学,210,649,649,539,98067
2025,10566,广东海洋大学,211,478,478,522,124972
2025,10566,广东海洋大学,212,677,677,539,97805
2025,10566,广东海洋大学(中外合作办学),213,76,76,513,141283
2025,10566,广东海洋大学,214,13,13,532,109444
2025,10566,广东海洋大学,215,197,197,524,122395
2025,10566,广东海洋大学,216,138,138,533,106455
2025,10566,广东海洋大学,217,952,952,509,148910
2025,10566,广东海洋大学,218,124,124,524,122266
2025,10566,广东海洋大学(地方专项),219,20,20,516,136488
2025,10566,广东海洋大学(地方专项),220,34,34,539,98314
2025,10566,广东海洋大学(地方专项),221,56,56,538,99134
2025,10566,广东海洋大学,222,117,117,518,132131
2025,10566,广东海洋大学,223,60,60,516,135999
2025,10566,广东海洋大学,224,122,122,547,85706
2025,10566,广东海洋大学,225,537,537,537,100174
2025,10566,广东海洋大学,226,62,62,534,106191
2025,10566,广东海洋大学,227,142,142,515,138593
2025,10570,广州医科大学,201,10,10,633,8669
2025,10570,教广州医科大学,202,5,5,620,14066
2025,10570,广州医科大学,203,937,937,572,52651
2025,10570,广州医科大学,204,578,578,558,69922
2025,10570,广州医科大学(地方专项),206,50,50,542,92283
2025,10571,省广东医科大学,201,1156,1156,542,93155
2025,10571,广东医科大学,202,1045,1045,516,135309
2025,10571,广东医科大学,203,681,681,521,126986
2025,10571,广东医科大学,204,565,565,528,116290
2025,10571,东广东医科大学,205,343,343,518,132304
2025,10571,广东医科大学,206,60,60,541,94995
2025,10571,广东医科大学,207,30,30,550,81400
2025,10571,广东医科大学,208,30,30,524,121552
2025,10571,广广东医科大学(地方专项),209,100,100,527,117080
2025,10571,广东医科大学(协同培养),210,105,105,507,152008
2025,10571,广东医科大学(协同培养),211,35,35,513,142179
2025,10572,广州中医药大学,201,127,127,604,23715
2025,10572,广州中医药大学,202,402,402,575,49432
2025,10572,广州中医药大学,203,114,114,570,54788
2025,10572,广州中医药大学,204,216,216,569,56476
2025,10572,广州中医药大学,205,357,357,552,78713
2025,10572,广州中医药大学,206,397,397,552,77858
2025,10572,广州中医药大学,207,69,69,550,80400
2025,10572,广州中医药大学,208,90,90,552,78244
2025,10572,广州中医药大学(地方专项),214,22,22,560,66870
2025,10572,广州中医药大学(地方专项),215,5,5,565,61026
2025,10572,广州中医药大学(地方专项),216,15,15,542,93648
2025,10572,广州中医药大学(地方专项),217,5,5,542,93464
2025,10573,广东药科大学,201,321,321,552,78347
2025,10573,广东药科大学,202,952,952,529,113776
2025,10573,广东药科大学,203,351,351,522,125418
2025,10573,广东药科大学,204,2198,2198,507,152825
2025,10573,广东药科大学,205,548,548,523,124067
2025,10573,广东药科大学(国际班),206,128,128,504,158200
2025,10573,广东药科大学,207,135,135,549,82980
2025,10573,广东药科大学,208,529,529,507,151774
2025,10573,广东药科大学(国际班),209,18,18,501,162238
2025,10573,广东药科大学,215,30,30,533,107247
2025,10574,华南师范大学,219,8,8,621,13782
2025,10574,华南师范大学,220,15,15,612,18497
2025,10574,华南师范大学,221,144,144,610,19563
2025,10574,华南师范大学,222,15,15,607,21426
2025,10574,华南师范大学,223,222,222,601,26143
2025,10574,华南师范大学,224,28,28,607,21575
2025,10574,华南师范大学,225,40,40,600,26860
2025,10574,华南师范大学,226,174,174,607,21387
2025,10574,华南师范大学,227,13,13,610,19847
2025,10574,华南师范大学,228,177,177,591,34256
2025,10574,华南师范大学,229,19,19,601,25642
2025,10574,华南师范大学,230,30,30,603,24702
2025,10574,华南师范大学,231,26,26,588,36029
2025,10574,华南师范大学,232,98,98,587,37621
2025,10574,华南师范大学,233,25,25,597,29320
2025,10574,华南师范大学,234,259,259,586,38261
2025,10574,教华南师范大学,235,71,71,590,34737
2025,10574,华南师范大学,236,45,45,612,18213
2025,10574,华南师范大学,237,30,30,611,18930
2025,10574,华南师范大学,238,832,832,600,26280
2025,10574,省华南师范大学,239,30,30,585,38927
2025,10574,华南师范大学,240,182,182,590,34360
2025,10574,华南师范大学(中外合作办学),241,290,290,577,46824
2025,10574,华南师范大学(中外合作办学),242,50,50,576,48137
2025,10574,东华南师范大学(联合培养),243,225,225,570,54775
2025,10574,华南师范大学(联合培养),244,90,90,595,30682
2025,10574,华南师范大学(地方专项),245,10,10,561,66628
2025,10574,华南师范大学(地方专项),246,15,15,554,74938
2025,10574,广华南师范大学(地方专项),247,5,5,566,59785
2025,10574,华南师范大学(地方专项),248,10,10,581,42883
2025,10574,华南师范大学(地方专项),249,20,20,600,26829
2025,10574,华南师范大学(地方专项),250,15,15,594,31042
2025,10574,华南师范大学(地方专项),251,5,5,593,31957
2025,10576,韶关学院,222,127,127,503,158670
2025,10576,韶关学院,223,81,81,508,150748
2025,10576,韶关学院,224,163,163,499,166090
2025,10576,韶关学院,225,290,290,497,170605
2025,10576,韶关学院,226,88,88,535,103733
2025,10576,韶关学院,227,136,136,504,157479
2025,10576,韶关学院,228,305,305,494,175047
2025,10576,韶关学院,229,142,142,498,167976
2025,10576,韶关学院,230,122,122,498,168314
2025,10576,韶关学院,231,76,76,506,153104
2025,10576,韶关学院,232,116,116,503,160117
2025,10576,韶关学院,233,40,40,498,168884
2025,10576,韶关学院(协同培养),234,50,50,494,175204
2025,10576,韶关学院,235,255,255,514,139437
2025,10576,韶关学院,236,25,25,517,134927
2025,10576,韶关学院,237,223,223,509,148712
2025,10576,韶关学院,238,208,208,498,168920
2025,10576,韶关学院,239,35,35,499,166699
2025,10576,韶关学院,240,25,25,502,161686
2025,10576,韶关学院,241,326,326,498,169287
2025,10576,韶关学院,242,138,138,516,136630
2025,10576,韶关学院,243,156,156,504,157777
2025,10576,韶关学院,244,425,425,505,154921
2025,10576,韶关学院,245,402,402,510,146893
2025,10576,韶关学院(协同培养),246,50,50,501,163282
2025,10576,韶关学院(协同培养),247,80,80,507,151873
2025,10576,韶关学院(学分互认),248,15,15,496,172082
2025,10576,韶关学院(学分互认),249,30,30,491,181346
2025,10576,韶关学院(校企联合培养),250,144,144,513,140709
2025,10576,韶关学院,251,50,50,513,141878
2025,10576,韶关学院,252,93,93,498,168785
2025,10577,惠州学院,220,15,15,539,98204
2025,10577,惠州学院,221,120,120,521,126989
2025,10577,惠州学院,222,219,219,509,148243
2025,10577,惠州学院,223,504,504,507,152168
2025,10577,惠州学院,224,30,30,510,145802
2025,10577,教惠州学院,225,25,25,534,105551
2025,10577,惠州学院,226,40,40,543,91006
2025,10577,惠州学院,227,60,60,535,103878
2025,10577,惠州学院,228,272,272,528,116020
2025,10577,省惠州学院,229,90,90,527,117937
2025,10577,惠州学院,230,163,163,506,154631
2025,10577,惠州学院,231,43,43,528,115856
2025,10577,惠州学院,232,37,37,523,123453
2025,10577,东惠州学院,233,44,44,518,133288
2025,10577,惠州学院,234,134,134,504,157922
2025,10577,惠州学院,235,526,526,524,122882
2025,10577,惠州学院,236,166,166,520,128604
2025,10577,广惠州学院,237,486,486,529,114597
2025,10577,惠州学院,238,121,121,506,154017
2025,10577,惠州学院,239,64,64,525,121063
2025,10577,惠州学院,240,200,200,511,145297
2025,10577,惠州学院,241,136,136,520,129705
2025,10577,惠州学院(中外合作办学),242,75,75,473,213768
2025,10577,惠州学院(联合培养),243,60,60,488,187479
2025,10578,韩山师范学院,213,50,50,519,131752
2025,10578,韩山师范学院,214,60,60,511,144015
2025,10578,韩山师范学院,215,66,66,497,171044
2025,10578,韩山师范学院,216,253,253,500,164110
2025,10578,韩山师范学院,217,118,118,498,167737
2025,10578,韩山师范学院,218,155,155,499,167031
2025,10578,韩山师范学院,219,463,463,496,171559
2025,10578,韩山师范学院,220,419,419,496,172838
2025,10578,韩山师范学院,221,290,290,506,153713
2025,10578,韩山师范学院,222,384,384,499,165677
2025,10578,韩山师范学院,223,385,385,505,155996
2025,10578,韩山师范学院,224,222,222,497,170393
2025,10578,韩山师范学院(协同培养),225,25,25,502,161937
2025,10578,韩山师范学院(协同培养),226,50,50,501,162910
2025,10578,韩山师范学院(协同培养),227,40,40,495,174001
2025,10578,韩山师范学院,228,113,113,501,162036
2025,10578,韩山师范学院(联合培养),229,25,25,479,201837
2025,10579,岭南师范学院,207,53,53,530,112655
2025,10579,岭南师范学院,208,205,205,516,135590
2025,10579,岭南师范学院,209,692,692,499,167413
2025,10579,岭南师范学院,210,948,948,499,167048
2025,10579,岭南师范学院,211,822,822,506,153675
2025,10579,岭南师范学院,212,539,539,507,151711
2025,10579,岭南师范学院,213,292,292,498,167911
2025,10579,岭南师范学院,214,147,147,505,155610
2025,10579,岭南师范学院,215,358,358,498,169024
2025,10579,岭南师范学院,216,437,437,500,164270
2025,10579,岭南师范学院,217,258,258,516,136489
2025,10579,岭南师范学院,218,206,206,497,170600
2025,10579,岭南师范学院,219,40,40,506,153442
2025,10579,岭南师范学院,220,73,73,501,162087
2025,10579,岭南师范学院,221,30,30,502,160879
2025,10579,岭南师范学院,222,283,283,517,134918
2025,10579,岭南师范学院,223,40,40,506,154675
2025,10579,教岭南师范学院,224,50,50,505,156278
2025,10579,岭南师范学院,225,40,40,509,148816
2025,10579,岭南师范学院(中外合作办学),226,75,75,474,211859
2025,10580,肇庆学院,211,320,320,506,153716
2025,10580,省肇庆学院(联合培养),212,15,15,495,173334
2025,10580,肇庆学院,213,245,245,504,157041
2025,10580,肇庆学院,214,279,279,508,150521
2025,10580,肇庆学院,215,50,50,515,138088
2025,10580,东肇庆学院(联合培养),216,15,15,495,174634
2025,10580,肇庆学院,217,210,210,498,167654
2025,10580,肇庆学院,218,60,60,520,129941
2025,10580,肇庆学院,219,130,130,513,141105
2025,10580,广肇庆学院,220,345,345,508,149717
2025,10580,肇庆学院,221,410,410,516,136866
2025,10580,肇庆学院,222,553,553,514,139162
2025,10580,肇庆学院(联合培养),223,30,30,502,160765
2025,10580,肇庆学院,224,415,415,512,142499
2025,10580,肇庆学院,225,254,254,501,162575
2025,10580,肇庆学院,226,583,583,500,164898
2025,10580,肇庆学院,227,445,445,501,162066
2025,10580,肇庆学院,228,117,117,524,122894
2025,10580,肇庆学院(联合培养),229,30,30,497,170121
2025,10582,嘉应学院,201,263,263,504,157335
2025,10582,嘉应学院,202,178,178,502,161936
2025,10582,嘉应学院,203,470,470,503,159582
2025,10582,嘉应学院,204,568,568,499,166328
2025,10582,嘉应学院,205,319,319,498,169080
2025,10582,嘉应学院,206,443,443,496,172176
2025,10582,嘉应学院,207,389,389,496,171975
2025,10582,嘉应学院,208,36,36,537,101254
2025,10582,嘉应学院(协同培养),209,50,50,495,173803
2025,10582,嘉应学院,210,101,101,517,133844
2025,10582,嘉应学院,211,73,73,508,150680
2025,10582,嘉应学院,212,47,47,508,150039
2025,10582,嘉应学院,213,42,42,513,141481
2025,10582,嘉应学院,214,272,272,495,174604
2025,10582,嘉应学院,215,236,236,499,166526
2025,10582,嘉应学院,216,123,123,494,175550
2025,10582,嘉应学院,217,89,89,499,167308
2025,10582,嘉应学院,218,257,257,496,172341
2025,10582,嘉应学院,219,50,50,497,170002
2025,10582,嘉应学院(联合培养),220,20,20,491,181086
2025,10582,嘉应学院(联合培养),221,25,25,492,180205
2025,10585,广州体育学院,202,15,15,518,132399
2025,10585,广州体育学院,203,20,20,523,124073
2025,10586,广州美术学院,213,109,109,522,125758
2025,10586,广州美术学院,214,202,202,532,109158
2025,10587,星海音乐学院,202,6,6,542,92498
2025,10588,广东技术师范大学,201,238,238,550,80470
2025,10588,广东技术师范大学,202,49,49,560,66914
2025,10588,广东技术师范大学,203,93,93,552,78639
2025,10588,广东技术师范大学,204,120,120,553,77060
2025,10588,广东技术师范大学(地方专项),205,25,25,541,94663
2025,10588,教广东技术师范大学,206,361,361,546,87636
2025,10588,广东技术师范大学,207,335,335,543,91405
2025,10588,广东技术师范大学,208,386,386,546,87086
2025,10588,广东技术师范大学,209,232,232,538,99707
2025,10588,省广东技术师范大学,210,356,356,546,87285
2025,10588,广东技术师范大学,211,115,115,542,92374
2025,10588,广东技术师范大学,212,24,24,542,92796
2025,10588,广东技术师范大学,213,21,21,530,111731
2025,10588,东广东技术师范大学,214,69,69,540,96413
2025,10588,广东技术师范大学,215,35,35,523,123581
2025,10588,广东技术师范大学,216,10,10,546,86381
2025,10588,广东技术师范大学,217,66,66,542,92717
2025,10588,广广东技术师范大学,218,70,70,541,94915
2025,10588,广东技术师范大学,219,75,75,531,110307
2025,10588,广东技术师范大学,220,58,58,531,109824
2025,10588,广东技术师范大学,221,246,246,534,104829
2025,10588,广东技术师范大学,222,101,101,542,93613
2025,10588,广东技术师范大学,223,103,103,529,113341
2025,10588,广东技术师范大学,224,38,38,529,113935
2025,10588,广东技术师范大学(国际班),225,120,120,512,142350
2025,10588,广东技术师范大学(国际班),226,60,60,472,215382
2025,10588,广东技术师范大学(国际班),227,60,60,505,155034
2025,10588,广东技术师范大学(国际班),228,105,105,497,171080
2025,10588,广东技术师范大学(国际班),229,35,35,502,161667
2025,10588,广东技术师范大学(少数民族班),230,110,110,425,292533
2025,10588,广东技术师范大学(少数民族班),231,45,45,425,292581
2025,10589,海南大学,223,6,6,575,49923
2025,10589,海南大学(中外合作办学),224,13,13,544,90155
2025,10589,海南大学(中外合作办学),225,2,2,560,66811
2025,10589,海南大学,226,69,69,580,44055
2025,10589,海南大学,227,10,10,601,25922
2025,10589,海南大学,228,59,59,571,54495
2025,10589,海南大学(中外合作办学),229,5,5,576,47979
2025,10589,海南大学,230,5,5,598,28078
2025,10589,海南大学(中外合作办学),232,2,2,552,78675
2025,10590,深圳大学,221,160,160,608,20755
2025,10590,深圳大学,222,28,28,607,21671
2025,10590,深圳大学,223,460,460,618,15345
2025,10590,深圳大学,224,55,55,595,30258
2025,10590,深圳大学,225,33,33,616,16350
2025,10590,深圳大学,226,20,20,616,16448
2025,10590,深圳大学,227,185,185,601,26135
2025,10590,深圳大学,228,161,161,602,25415
2025,10590,深圳大学,229,698,698,611,19333
2025,10590,深圳大学,230,226,226,622,12952
2025,10590,深圳大学,231,56,56,597,28923
2025,10590,深圳大学,232,25,25,600,26711
2025,10590,深圳大学,233,83,83,625,11801
2025,10590,深圳大学,234,41,41,596,29352
2025,10590,深圳大学,235,131,131,601,25768
2025,10590,深圳大学,236,144,144,609,20302
2025,10590,深圳大学,237,124,124,598,28278
2025,10590,深圳大学,238,65,65,599,27400
2025,10590,教深圳大学,239,21,21,601,26161
2025,10590,深圳大学,240,31,31,615,16789
2025,10590,深圳大学,241,100,100,613,17973
2025,10590,深圳大学,242,260,260,594,31703
2025,10590,省深圳大学(中外合作办学),243,180,180,583,41502
2025,10590,深圳大学(地方专项),251,61,61,606,22505
2025,10590,深圳大学(地方专项),252,19,19,578,46794
2025,10590,深圳大学(地方专项),253,18,18,599,27091
2025,10590,东深圳大学(地方专项),254,10,10,572,52310
2025,10590,深圳大学(地方专项),255,8,8,585,39480
2025,10590,深圳大学(地方专项),256,82,82,571,53491
2025,10592,广东财经大学,202,1130,1130,548,84422
2025,10592,广广东财经大学,204,1259,1259,544,89870
2025,10592,广东财经大学,206,133,133,565,60677
2025,10592,广东财经大学,208,110,110,549,81883
2025,10592,广东财经大学,210,68,68,551,80003
2025,10592,广东财经大学,211,766,766,556,72264
2025,10592,广东财经大学,213,124,124,543,90887
2025,10592,广东财经大学(联合培养),215,142,142,533,106702
2025,10592,广东财经大学(联合培养),216,75,75,534,105686
2025,10592,广东财经大学(地方专项),219,16,16,532,108969
2025,10592,广东财经大学(地方专项),220,14,14,554,74811
2025,10593,广西大学,204,20,20,568,57220
2025,10593,广西大学,205,56,56,573,52100
2025,10593,广西大学,206,20,20,571,54180
2025,10594,广西科技大学,205,3,3,529,114381
2025,10594,广西科技大学,206,7,7,511,145434
2025,10594,广西科技大学,207,43,43,519,131343
2025,10595,桂林电子科技大学,206,29,29,540,95631
2025,10595,桂林电子科技大学,207,121,121,554,75302
2025,10595,桂林电子科技大学(中外合作办学),208,6,6,553,76683
2025,10595,桂林电子科技大学(本科预科班),210,2,2,531,110612
2025,10596,桂林理工大学,211,7,7,527,116873
2025,10596,桂林理工大学,212,50,50,524,121656
2025,10596,桂林理工大学(中外合作办学),213,10,10,529,114484
2025,10596,桂林理工大学(中外合作办学),214,6,6,530,112548
2025,10598,广西医科大学,206,3,3,533,107688
2025,10598,广西医科大学,207,2,2,621,13765
2025,10598,广西医科大学,208,6,6,504,158045
2025,10598,广西医科大学,209,4,4,595,30901
2025,10598,广西医科大学,210,2,2,604,23431
2025,10598,广西医科大学,211,4,4,565,61422
2025,10598,广西医科大学,212,5,5,544,90091
2025,10598,广西医科大学,213,2,2,545,88399
2025,10599,右江民族医学院,210,1,1,502,160536
2025,10599,右江民族医学院,211,2,2,500,164792
2025,10599,右江民族医学院,212,7,7,544,90598
2025,10599,右江民族医学院,213,14,14,503,159347
2025,10599,右江民族医学院,214,1,1,518,132376
2025,10599,右江民族医学院,215,2,2,541,93948
2025,10599,右江民族医学院,216,2,2,559,68746
2025,10599,右江民族医学院,217,2,2,524,121455
2025,10600,广西中医药大学,207,9,9,571,53993
2025,10600,教广西中医药大学,208,1,1,549,83082
2025,10600,广西中医药大学,209,4,4,540,96161
2025,10600,广西中医药大学(联合培养),210,6,6,503,158531
2025,10600,广西中医药大学,211,7,7,554,75033
2025,10600,省广西中医药大学,212,7,7,517,134580
2025,10601,桂林医科大学,204,10,10,553,76452
2025,10601,桂林医科大学(联合培养),205,8,8,495,173251
2025,10601,桂林医科大学(联合培养),206,2,2,489,183952
2025,10602,东广西师范大学,219,2,2,573,51555
2025,10602,广西师范大学,220,13,13,525,120710
2025,10602,广西师范大学,221,15,15,551,79355
2025,10602,广西师范大学,222,2,2,567,59099
2025,10602,广广西师范大学,223,10,10,549,82698
2025,10602,广西师范大学,224,2,2,561,66652
2025,10603,南宁师范大学,213,7,7,510,146462
2025,10603,南宁师范大学,214,3,3,546,87410
2025,10603,南宁师范大学,215,18,18,528,115178
2025,10603,南宁师范大学,216,3,3,540,95295
2025,10603,南宁师范大学,217,6,6,541,94205
2025,10603,南宁师范大学(桂台合作办学),218,2,2,529,113498
2025,10603,南宁师范大学,219,3,3,535,104710
2025,10603,南宁师范大学,220,2,2,535,104637
2025,10605,河池学院,203,5,5,504,156807
2025,10605,河池学院,204,10,10,496,172247
2025,10606,玉林师范学院,217,20,20,503,160035
2025,10606,玉林师范学院,218,19,19,496,171311
2025,10606,玉林师范学院,219,15,15,496,172892
2025,10606,玉林师范学院,220,4,4,496,171238
2025,10607,广西艺术学院,215,12,12,495,173725
2025,10608,广西民族大学(联合培养),212,2,2,505,155912
2025,10608,广西民族大学(联合培养),213,3,3,518,131818
2025,10608,广西民族大学,214,4,4,518,133383
2025,10608,广西民族大学,215,15,15,506,153269
2025,10608,广西民族大学,216,2,2,543,91464
2025,10608,广西民族大学,217,19,19,528,115359
2025,10608,广西民族大学,218,7,7,521,126907
2025,10608,广西民族大学,219,7,7,513,141480
2025,10608,广西民族大学(联合培养),226,2,2,517,133601
2025,10610,四川大学,203,104,104,617,15640
2025,10610,四川大学,206,6,6,639,6355
2025,10610,四川大学,207,2,2,662,1778
2025,10610,四川大学,208,4,4,616,16475
2025,10611,重庆大学,213,90,90,618,15161
2025,10611,重庆大学(中外合作办学),214,10,10,617,15752
2025,10611,重庆大学,215,5,5,637,7088
2025,10613,西南交通大学,212,63,63,611,19308
2025,10613,西南交通大学,213,61,61,604,23755
2025,10613,西南交通大学(中外合作办学),216,27,27,576,48446
2025,10613,西南交通大学(中外合作办学),217,8,8,571,53533
2025,10614,电子科技大学,205,126,126,646,4620
2025,10615,西南石油大学,217,11,11,557,71682
2025,10615,西南石油大学,218,59,59,566,60269
2025,10615,西南石油大学,219,5,5,587,37478
2025,10615,教西南石油大学,220,17,17,565,61116
2025,10615,西南石油大学,221,4,4,581,43605
2025,10616,成都理工大学,217,14,14,559,68983
2025,10616,成都理工大学,218,2,2,566,59461
2025,10616,省成都理工大学(中外合作办学),219,3,3,545,89169
2025,10616,成都理工大学,220,2,2,557,71350
2025,10616,成都理工大学,221,38,38,550,80569
2025,10616,成都理工大学,222,43,43,559,68525
2025,10616,东成都理工大学,223,10,10,573,52148
2025,10616,成都理工大学(中外合作办学),225,4,4,576,48051
2025,10616,成都理工大学,226,2,2,589,35980
2025,10616,成都理工大学,227,8,8,588,36311
2025,10616,广成都理工大学,228,21,21,565,61118
2025,10617,重庆邮电大学,207,159,159,570,55108
2025,10617,重庆邮电大学(中外合作办学),208,30,30,575,49809
2025,10617,重庆邮电大学,209,20,20,589,35609
2025,10618,重庆交通大学,208,23,23,534,104850
2025,10618,重庆交通大学,209,97,97,542,92945
2025,10619,西南科技大学,210,15,15,536,102904
2025,10619,西南科技大学,211,58,58,543,91488
2025,10619,西南科技大学(中外合作办学),212,4,4,487,187544
2025,10621,成都信息工程大学,207,53,53,564,61919
2025,10621,成都信息工程大学,210,1,1,585,39191
2025,10622,四川轻化工大学,207,2,2,540,96264
2025,10622,四川轻化工大学,208,4,4,548,84498
2025,10622,四川轻化工大学,209,2,2,537,101269
2025,10622,四川轻化工大学,210,5,5,538,98723
2025,10623,西华大学,205,4,4,531,110564
2025,10623,西华大学,206,20,20,557,70908
2025,10623,西华大学(本科预科班),208,2,2,512,142290
2025,10624,中国民用航空飞行学院,214,8,8,535,104391
2025,10624,中国民用航空飞行学院,215,13,13,529,113053
2025,10624,中国民用航空飞行学院,216,12,12,546,87532
2025,10624,中国民用航空飞行学院,217,130,130,546,86994
2025,10624,中国民用航空飞行学院,218,2,2,534,106163
2025,10626,四川农业大学,205,10,10,564,62347
2025,10626,四川农业大学,206,20,20,565,61605
2025,10626,四川农业大学,207,43,43,565,61817
2025,10626,四川农业大学,208,44,44,567,58328
2025,10628,西昌学院,203,2,2,494,176469
2025,10628,西昌学院,204,10,10,519,131026
2025,10631,重庆医科大学,203,11,11,593,32421
2025,10631,重庆医科大学(中外合作办学),204,5,5,581,43573
2025,10631,重庆医科大学,205,11,11,559,68318
2025,10632,西南医科大学,202,30,30,543,90863
2025,10633,成都中医药大学,210,4,4,611,19040
2025,10633,成都中医药大学,211,10,10,567,59024
2025,10633,成都中医药大学(中外合作办学),212,3,3,533,107794
2025,10633,成都中医药大学,213,6,6,550,81354
2025,10633,成都中医药大学,214,4,4,576,48256
2025,10633,成都中医药大学,215,10,10,548,83442
2025,10633,成都中医药大学,216,6,6,528,115770
2025,10633,成都中医药大学(中外合作办学),217,5,5,537,101407
2025,10633,教成都中医药大学(联合培养),219,2,2,556,73004
2025,10634,川北医学院,208,5,5,521,127027
2025,10634,川北医学院,209,10,10,559,69235
2025,10634,川北医学院,210,5,5,545,89189
2025,10635,省西南大学,219,2,2,579,45118
2025,10635,西南大学,220,6,6,583,40947
2025,10635,西南大学(中外合作办学),221,1,1,584,39986
2025,10635,西南大学,222,9,9,601,25643
2025,10635,东西南大学,223,1,1,602,25185
2025,10635,西南大学(中外合作办学),224,25,25,583,40824
2025,10635,西南大学(中外合作办学),225,12,12,571,54197
2025,10635,西南大学,226,1,1,611,19256
2025,10635,广西南大学,227,1,1,587,37426
2025,10636,四川师范大学(联合培养),216,2,2,529,114365
2025,10636,四川师范大学(联合培养),217,3,3,534,106124
2025,10636,四川师范大学,218,2,2,536,102512
2025,10636,四川师范大学,219,38,38,536,101812
2025,10636,四川师范大学,220,5,5,549,82286
2025,10636,四川师范大学,221,35,35,544,89874
2025,10637,重庆师范大学,209,16,16,528,115981
2025,10637,重庆师范大学,210,20,20,554,75410
2025,10637,重庆师范大学,211,14,14,540,96410
2025,10637,重庆师范大学,212,1,1,567,58381
2025,10638,西华师范大学,209,5,5,524,121728
2025,10638,西华师范大学,210,5,5,516,136822
2025,10638,西华师范大学,211,14,14,532,109101
2025,10638,西华师范大学,212,4,4,529,114550
2025,10640,内江师范学院,214,3,3,531,110750
2025,10640,内江师范学院,215,2,2,529,113898
2025,10640,内江师范学院,216,6,6,528,114952
2025,10640,内江师范学院,217,2,2,529,113303
2025,10640,内江师范学院,218,2,2,522,125708
2025,10642,重庆文理学院,203,15,15,518,132973
2025,10642,重庆文理学院,204,8,8,511,144887
2025,10643,重庆三峡学院,206,19,19,509,148442
2025,10644,四川文理学院,208,3,3,500,164995
2025,10644,四川文理学院,209,3,3,507,152063
2025,10644,四川文理学院,210,9,9,498,167492
2025,10647,长江师范学院,207,2,2,523,123763
2025,10647,长江师范学院,208,9,9,497,169525
2025,10647,长江师范学院,209,15,15,495,174614
2025,10647,长江师范学院,210,5,5,490,182853
2025,10649,乐山师范学院,206,6,6,502,160880
2025,10649,乐山师范学院,207,6,6,507,152718
2025,10650,四川外国语大学,216,8,8,553,77532
2025,10650,四川外国语大学(中外合作办学),217,2,2,540,96032
2025,10650,四川外国语大学,218,15,15,535,103669
2025,10650,四川外国语大学(中外合作办学),219,1,1,530,112842
2025,10650,四川外国语大学,220,1,1,540,96541
2025,10651,西南财经大学,209,30,30,606,22630
2025,10651,西南财经大学(中外合作办学),210,13,13,578,46049
2025,10651,西南财经大学,211,12,12,609,20638
2025,10651,西南财经大学(中外合作办学),212,14,14,591,33892
2025,10652,教西南政法大学,207,91,91,586,38006
2025,10652,西南政法大学(中外合作办学),208,4,4,604,23631
2025,10655,四川美术学院,207,4,4,531,110913
2025,10655,四川美术学院,208,2,2,575,49905
2025,10656,省西南民族大学,210,4,4,535,103695
2025,10656,西南民族大学,211,12,12,535,103391
2025,10656,西南民族大学,212,6,6,538,99048
2025,10656,西南民族大学,213,19,19,550,81461
2025,10656,东西南民族大学,214,22,22,536,102819
2025,10657,贵州大学,211,4,4,574,51011
2025,10657,贵州大学(中外合作办学),212,4,4,565,60872
2025,10657,贵州大学,213,13,13,582,41969
2025,10657,广贵州大学,214,2,2,579,45380
2025,10657,贵州大学(中外合作办学),215,5,5,576,48730
2025,10657,贵州大学(中外合作办学),216,3,3,555,73813
2025,10657,贵州大学(中外合作办学),217,3,3,549,82922
2025,10657,贵州大学,218,5,5,594,31585
2025,10660,贵州医科大学(联合培养),201,5,5,493,176895
2025,10660,贵州医科大学(联合培养),202,4,4,494,175362
2025,10660,贵州医科大学(联合培养),204,5,5,499,166082
2025,10660,贵州医科大学(中外合作办学),205,3,3,516,136062
2025,10660,贵州医科大学,206,3,3,538,99378
2025,10660,贵州医科大学,207,5,5,518,132727
2025,10660,贵州医科大学,208,6,6,516,135202
2025,10660,贵州医科大学,209,13,13,558,70500
2025,10661,遵义医科大学,211,2,2,514,139243
2025,10661,遵义医科大学,212,81,81,545,87834
2025,10661,遵义医科大学,213,59,59,521,128071
2025,10661,遵义医科大学,214,16,16,527,117331
2025,10661,遵义医科大学,215,116,116,557,71129
2025,10661,遵义医科大学,216,58,58,520,129101
2025,10662,贵州中医药大学,209,2,2,535,103919
2025,10662,贵州中医药大学,210,14,14,543,90944
2025,10662,贵州中医药大学,211,20,20,508,150358
2025,10662,贵州中医药大学(中外合作办学),212,5,5,496,171466
2025,10663,贵州师范大学,212,2,2,517,134471
2025,10663,贵州师范大学,213,6,6,553,76240
2025,10663,贵州师范大学,214,5,5,525,120295
2025,10663,贵州师范大学,215,4,4,552,78224
2025,10663,贵州师范大学,216,3,3,544,89741
2025,10667,安顺学院,210,1,1,505,155382
2025,10667,安顺学院,211,2,2,497,171015
2025,10667,安顺学院,212,1,1,500,164982
2025,10668,贵州工程应用技术学院,208,2,2,501,162651
2025,10668,贵州工程应用技术学院,209,2,2,494,174863
2025,10668,贵州工程应用技术学院,210,2,2,496,172063
2025,10669,凯里学院,206,4,4,497,171013
2025,10669,凯里学院,207,13,13,500,164399
2025,10669,凯里学院,208,5,5,501,162480
2025,10671,贵州财经大学,206,9,9,528,116221
2025,10671,贵州财经大学(中外合作办学),207,3,3,511,144659
2025,10671,贵州财经大学,208,2,2,531,109649
2025,10671,贵州财经大学(中外合作办学),209,3,3,506,154312
2025,10672,教贵州民族大学,206,7,7,497,170300
2025,10672,贵州民族大学,207,24,24,511,144181
2025,10672,贵州民族大学,208,4,4,504,156976
2025,10672,贵州民族大学,209,2,2,507,152988
2025,10672,省贵州民族大学,210,8,8,494,175132
2025,10672,贵州民族大学,211,5,5,517,134083
2025,10673,云南大学,215,19,19,573,51767
2025,10673,云南大学,216,4,4,580,44088
2025,10673,东云南大学,217,35,35,584,40773
2025,10673,云南大学(中外合作办学),218,9,9,562,65305
2025,10673,云南大学,219,19,19,590,34884
2025,10673,云南大学(中外合作办学),220,6,6,582,41807
2025,10673,广云南大学,221,4,4,573,51943
2025,10673,云南大学(中外合作办学),222,5,5,520,128710
2025,10674,昆明理工大学,205,13,13,541,94952
2025,10674,昆明理工大学,206,52,52,545,87683
2025,10676,云南农业大学,206,4,4,513,141234
2025,10676,云南农业大学,207,2,2,517,134974
2025,10676,云南农业大学(中外合作办学),208,2,2,496,172521
2025,10676,云南农业大学,209,38,38,515,137009
2025,10676,云南农业大学(中外合作办学),210,2,2,460,236764
2025,10676,云南农业大学,211,6,6,529,114556
2025,10677,西南林业大学,206,2,2,527,116561
2025,10677,西南林业大学,207,15,15,516,136861
2025,10677,西南林业大学(中外合作办学),208,2,2,526,118288
2025,10677,西南林业大学,209,1,1,532,108830
2025,10678,昆明医科大学,203,25,25,546,86200
2025,10678,昆明医科大学(中外合作办学),204,7,7,502,161243
2025,10679,大理大学,206,6,6,516,136462
2025,10679,大理大学,207,8,8,522,126498
2025,10679,大理大学,208,2,2,527,116450
2025,10680,云南中医药大学,203,3,3,555,74435
2025,10680,云南中医药大学,204,3,3,520,128619
2025,10681,云南师范大学,208,17,17,536,103175
2025,10681,云南师范大学,209,3,3,571,54218
2025,10685,普洱学院,202,5,5,495,173276
2025,10687,红河学院,205,8,8,494,176286
2025,10687,红河学院,206,8,8,499,166359
2025,10689,云南财经大学,210,41,41,513,140889
2025,10689,云南财经大学(中外合作办学),211,20,20,516,135787
2025,10689,云南财经大学,212,20,20,525,120688
2025,10689,云南财经大学(中外合作办学),213,6,6,490,183644
2025,10691,云南民族大学,206,1,1,548,84346
2025,10694,西藏大学,221,9,9,528,116258
2025,10694,西藏大学,222,2,2,527,117301
2025,10694,西藏大学,223,3,3,544,89284
2025,10694,西藏大学,224,2,2,546,86869
2025,10694,西藏大学,225,3,3,533,106565
2025,10694,西藏大学,226,10,10,534,105805
2025,10694,西藏大学,227,4,4,534,105971
2025,10697,西北大学,209,2,2,596,30011
2025,10697,西北大学,210,20,20,606,22085
2025,10697,西北大学,211,2,2,608,20981
2025,10697,教西北大学(中外合作办学),212,2,2,578,46187
2025,10697,西北大学(中外合作办学),213,5,5,593,31805
2025,10698,西安交通大学,207,8,8,647,4283
2025,10698,西安交通大学,208,149,154,656,2586
2025,10698,省西安交通大学(中外合作办学),209,22,22,615,16614
2025,10698,西安交通大学,210,2,2,656,2624
2025,10698,西安交通大学(中外合作办学),211,6,6,642,5701
2025,10699,西北工业大学,207,57,57,648,4095
2025,10699,东西北工业大学(中外合作办学),208,10,10,621,13426
2025,10699,西北工业大学(中外合作办学),209,10,10,627,10737
2025,10700,西安理工大学,203,37,37,558,69444
2025,10700,西安理工大学(中外合作办学),204,8,8,554,75204
2025,10701,广西安电子科技大学,205,10,10,615,16664
2025,10701,西安电子科技大学(中外合作办学),206,10,10,608,21121
2025,10701,西安电子科技大学,207,96,96,630,9705
2025,10701,西安电子科技大学(中外合作办学),208,28,28,613,18123
2025,10702,西安工业大学,206,3,3,561,66678
2025,10702,西安工业大学,207,13,13,559,68829
2025,10702,西安工业大学(中外合作办学),208,2,2,556,72945
2025,10703,西安建筑科技大学,207,9,9,520,129437
2025,10703,西安建筑科技大学(中外合作办学),208,3,3,485,192009
2025,10703,西安建筑科技大学,209,36,36,537,99976
2025,10703,西安建筑科技大学(中外合作办学),210,6,6,522,126293
2025,10704,西安科技大学,205,12,12,540,95585
2025,10704,西安科技大学,206,4,4,559,68257
2025,10704,西安科技大学,207,48,48,539,97164
2025,10705,西安石油大学,207,13,13,538,98609
2025,10705,西安石油大学,208,7,7,548,84301
2025,10708,陕西科技大学,206,24,24,551,79186
2025,10708,陕西科技大学(中外合作办学),207,4,4,553,77503
2025,10709,西安工程大学,207,4,4,548,84207
2025,10709,西安工程大学,209,7,7,532,108996
2025,10710,长安大学,214,28,28,573,52128
2025,10710,长安大学,216,160,160,574,50620
2025,10710,长安大学(中外合作办学),220,7,7,585,38816
2025,10710,长安大学(中外合作办学),221,10,10,569,56037
2025,10712,西北农林科技大学,213,9,9,594,31221
2025,10712,西北农林科技大学,214,2,2,601,25672
2025,10712,西北农林科技大学,215,26,26,600,26808
2025,10712,西北农林科技大学,216,25,25,597,29098
2025,10712,西北农林科技大学(中外合作办学),217,4,4,593,32575
2025,10712,西北农林科技大学(中外合作办学),218,3,3,588,36480
2025,10712,西北农林科技大学,219,4,4,607,21460
2025,10712,西北农林科技大学(中外合作办学),220,2,2,595,30909
2025,10712,西北农林科技大学,221,2,2,601,25990
2025,10712,西北农林科技大学,222,2,2,594,31753
2025,10712,西北农林科技大学,223,2,2,603,24725
2025,10712,西北农林科技大学,224,2,2,608,20836
2025,10716,陕西中医药大学,203,7,7,550,80510
2025,10716,陕西中医药大学,204,17,17,521,127904
2025,10718,陕西师范大学,218,2,2,607,21507
2025,10718,陕西师范大学,219,7,7,588,36710
2025,10718,陕西师范大学,220,12,12,592,32732
2025,10718,教陕西师范大学,221,56,56,595,30756
2025,10718,陕西师范大学,222,27,27,592,32704
2025,10718,陕西师范大学,223,3,3,591,33835
2025,10718,陕西师范大学(中外合作办学),224,8,8,578,46096
2025,10718,省陕西师范大学,225,5,5,591,33810
2025,10718,陕西师范大学,227,1,1,574,50831
2025,10719,延安大学,207,8,8,516,136021
2025,10720,陕西理工大学,209,6,6,505,156329
2025,10720,东陕西理工大学,210,1,1,541,94951
2025,10720,陕西理工大学,211,6,6,530,111275
2025,10721,宝鸡文理学院,202,5,5,495,174669
2025,10722,咸阳师范学院,206,2,2,515,138455
2025,10722,广咸阳师范学院,207,2,2,495,173769
2025,10722,咸阳师范学院,208,2,2,514,139038
2025,10724,西安外国语大学,206,11,11,544,89973
2025,10724,西安外国语大学,207,1,1,563,64149
2025,10724,西安外国语大学,208,1,1,534,105846
2025,10726,西北政法大学,204,8,8,587,37511
2025,10730,兰州大学,214,11,11,603,24352
2025,10730,兰州大学,215,45,45,606,22644
2025,10730,兰州大学,216,10,10,620,14203
2025,10730,兰州大学,217,46,46,601,25898
2025,10730,兰州大学,218,14,14,610,19445
2025,10731,兰州理工大学,207,78,78,518,132187
2025,10731,兰州理工大学,208,6,6,527,116777
2025,10731,兰州理工大学,209,2,2,523,124847
2025,10732,兰州交通大学,211,1,1,558,69953
2025,10732,兰州交通大学,212,47,47,531,110713
2025,10733,甘肃农业大学,205,5,5,499,167134
2025,10733,甘肃农业大学,206,25,25,492,179567
2025,10735,甘肃中医药大学,206,13,13,542,93568
2025,10735,甘肃中医药大学,207,6,6,505,156137
2025,10735,甘肃中医药大学,208,38,38,462,232778
2025,10736,西北师范大学,213,5,5,518,132243
2025,10736,西北师范大学,214,4,4,541,94775
2025,10736,西北师范大学,215,9,9,551,79721
2025,10736,西北师范大学,216,12,12,458,239326
2025,10736,西北师范大学,217,2,2,519,130484
2025,10737,兰州城市学院,202,5,5,491,181896
2025,10738,陇东学院,208,5,5,494,176446
2025,10738,陇东学院,209,6,6,493,178086
2025,10738,陇东学院,210,18,18,494,176376
2025,10739,天水师范大学,210,4,4,501,163211
2025,10739,天水师范大学,211,3,3,514,139728
2025,10739,天水师范大学,212,3,3,500,165370
2025,10739,天水师范大学,213,3,3,501,162318
2025,10739,天水师范大学,214,6,6,494,175327
2025,10741,兰州财经大学(联合培养),208,6,6,498,169105
2025,10741,兰州财经大学,209,25,25,501,163081
2025,10741,兰州财经大学,210,12,12,517,134842
2025,10741,兰州财经大学(联合培养),212,3,3,495,174585
2025,10742,西北民族大学,210,8,8,499,166023
2025,10742,西北民族大学,211,2,2,502,161564
2025,10743,教青海大学,208,10,10,547,85222
2025,10743,青海大学,209,38,38,542,92704
2025,10743,青海大学,210,18,18,541,95075
2025,10743,青海大学,211,5,5,575,49602
2025,10743,省青海大学,212,12,12,523,123720
2025,10746,青海师范大学,207,9,9,519,130135
2025,10746,青海师范大学,208,19,19,492,180084
2025,10748,青海民族大学,204,4,4,497,170577
2025,10749,东宁夏大学,206,33,33,546,87050
2025,10749,宁夏大学,207,6,6,552,78731
2025,10749,宁夏大学(中外合作办学),208,3,3,538,99515
2025,10752,宁夏医科大学,204,1,1,504,157780
2025,10752,广宁夏医科大学,205,24,24,541,94406
2025,10752,宁夏医科大学,206,7,7,495,174111
2025,10752,宁夏医科大学,207,6,6,534,104982
2025,10752,宁夏医科大学,208,19,19,487,188207
2025,10752,宁夏医科大学,209,1,1,515,137634
2025,10753,宁夏师范大学,207,3,3,489,185082
2025,10753,宁夏师范大学,208,7,7,496,172485
2025,10755,新疆大学,210,6,6,551,79603
2025,10755,新疆大学,211,2,2,567,58831
2025,10755,新疆大学,212,53,53,543,91530
2025,10755,新疆大学,213,12,12,565,61596
2025,10755,新疆大学,214,12,12,562,65131
2025,10757,塔里木大学,206,4,4,491,181500
2025,10757,塔里木大学,207,13,13,493,177299
2025,10757,塔里木大学,208,7,7,495,173538
2025,10757,塔里木大学,209,10,10,498,167610
2025,10757,塔里木大学,210,6,6,489,184892
2025,10758,新疆农业大学,212,13,13,489,185089
2025,10758,新疆农业大学,213,8,8,487,187631
2025,10758,新疆农业大学,214,2,2,501,162335
2025,10758,新疆农业大学,215,125,125,489,184329
2025,10758,新疆农业大学(中外合作办学),216,5,5,485,192756
2025,10759,石河子大学,209,14,14,541,93965
2025,10759,石河子大学,211,26,26,543,91998
2025,10759,石河子大学,212,6,6,559,69295
2025,10759,石河子大学,213,26,26,537,99961
2025,10760,新疆医科大学,205,2,2,489,184569
2025,10760,新疆医科大学,206,8,8,538,99893
2025,10760,新疆医科大学,207,23,23,514,138800
2025,10760,新疆医科大学,208,98,98,469,221280
2025,10762,新疆师范大学,214,24,24,491,180417
2025,10762,新疆师范大学,215,5,5,504,157625
2025,10762,新疆师范大学,216,21,21,486,189537
2025,10762,新疆师范大学,217,6,6,494,176227
2025,10762,新疆师范大学,218,7,7,488,185807
2025,10762,新疆师范大学,219,1,1,486,190619
2025,10763,喀什大学,213,29,29,487,189093
2025,10763,喀什大学,214,2,2,497,170447
2025,10763,喀什大学,215,95,95,489,185256
2025,10763,喀什大学,216,8,8,491,181415
2025,10763,喀什大学,217,4,4,491,181586
2025,10764,教伊犁师范大学,214,3,3,492,179705
2025,10764,伊犁师范大学,215,18,18,486,190372
2025,10764,伊犁师范大学,216,3,3,493,178312
2025,10764,伊犁师范大学,217,3,3,500,165022
2025,10764,省伊犁师范大学,218,69,69,486,190955
2025,10764,伊犁师范大学,219,30,30,484,194478
2025,10764,伊犁师范大学,220,6,6,491,181098
2025,10765,新疆和田学院,212,5,5,490,183204
2025,10765,东新疆和田学院,213,8,8,485,191676
2025,10765,新疆和田学院,214,11,11,485,192060
2025,10765,新疆和田学院,215,18,18,482,197155
2025,10765,新疆和田学院,216,46,46,487,187876
2025,10766,广新疆财经大学,211,23,23,488,186750
2025,10766,新疆财经大学,212,1,1,503,158860
2025,10766,新疆财经大学,213,12,12,488,185880
2025,10766,新疆财经大学,214,2,2,505,156575
2025,10768,新疆艺术学院,211,5,5,488,185793
2025,10792,天津城建大学,215,5,5,509,148444
2025,10792,天津城建大学(中外合作办学),216,4,4,485,192829
2025,10792,天津城建大学,217,32,32,503,159449
2025,10792,天津城建大学,218,5,5,511,144716
2025,10792,天津城建大学,219,4,4,489,185284
2025,10809,山西中医药大学,206,8,8,549,82003
2025,10809,山西中医药大学,207,6,6,508,150279
2025,10809,山西中医药大学,208,13,13,494,176598
2025,10812,吕梁学院,205,1,1,495,174674
2025,10812,吕梁学院,206,3,3,498,167833
2025,10822,广东白云学院,201,488,488,468,222256
2025,10822,广东白云学院(校企联合培养),202,400,400,460,236909
2025,10822,广东白云学院,203,541,541,466,225555
2025,10822,广东白云学院,204,649,649,469,220573
2025,10822,广东白云学院,205,136,136,444,263134
2025,10822,广东白云学院,206,194,194,447,257936
2025,10822,广东白云学院,207,217,217,470,218889
2025,10822,广东白云学院,208,80,80,477,206914
2025,10822,广东白云学院,209,60,60,474,212314
2025,10822,广东白云学院,210,170,170,455,245339
2025,10822,广东白云学院,211,219,219,456,242715
2025,10822,广东白云学院,212,474,474,460,236808
2025,10822,广东白云学院(校企联合培养),213,120,120,454,245994
2025,10822,广东白云学院(校企联合培养),214,30,30,448,257199
2025,10822,广东白云学院(国际班),215,50,50,444,263293
2025,10822,广东白云学院(国际班),216,40,40,437,274378
2025,10822,广东白云学院,217,79,79,466,226728
2025,10823,长沙医学院,203,24,24,503,159774
2025,10823,长沙医学院,204,106,106,482,196477
2025,10825,齐鲁医药学院,202,10,10,489,184748
2025,10831,顺德职业技术大学（原顺德职业技术学院）,201,50,50,530,111625
2025,10831,顺德职业技术大学（原顺德职业技术学院）,203,200,200,533,106831
2025,10833,广东轻工职业技术大学,201,15,15,529,114308
2025,10833,广东轻工职业技术大学,202,400,400,539,98226
2025,10833,广东轻工职业技术大学,203,40,40,537,100700
2025,10833,广东轻工职业技术大学,204,115,115,528,114684
2025,10841,教辽宁对外经贸学院,204,4,4,453,249024
2025,10846,江西科技学院,206,4,4,488,187104
2025,10850,南京工业职业技术大学,204,41,41,532,109519
2025,10856,上海工程技术大学,207,7,7,545,88001
2025,10856,省上海工程技术大学,208,39,39,552,77832
2025,10858,北京科技职业大学,202,9,9,536,102763
2025,10876,浙江万里学院,207,21,21,486,189798
2025,10876,浙江万里学院,208,13,13,513,140755
2025,10878,东安徽建筑大学,203,6,6,524,121602
2025,10878,安徽建筑大学,204,14,14,510,146848
2025,10895,萍乡学院,205,9,9,499,165832
2025,10895,萍乡学院,206,2,2,499,167297
2025,10904,广枣庄学院,202,5,5,498,168477
2025,10908,山东工艺美术学院,205,5,5,511,144655
2025,10918,黄淮学院,206,5,5,494,176118
2025,10918,黄淮学院,207,30,30,494,174833
2025,10918,黄淮学院(中外合作办学),208,5,5,493,177787
2025,10918,黄淮学院,209,5,5,493,178070
2025,10919,平顶山学院,204,5,5,504,157795
2025,10920,湖北理工学院,209,8,8,523,123523
2025,10920,湖北理工学院,210,5,5,526,119097
2025,10927,湖北科技学院,205,10,10,526,118267
2025,10927,湖北科技学院,206,3,3,538,98936
2025,10927,湖北科技学院,207,3,3,533,106665
2025,10927,湖北科技学院(中外合作办学),208,3,3,518,133323
2025,10929,湖北医药学院,202,8,8,534,105743
2025,10964,吉林外国语大学,216,16,16,482,197817
2025,10964,吉林外国语大学(中外合作办学),218,2,2,463,231227
2025,10964,吉林外国语大学,219,6,6,482,197384
2025,10964,吉林外国语大学,220,3,3,488,187517
2025,10976,贵阳学院,202,10,10,504,158118
2025,10994,新疆工程学院,205,30,30,490,183118
2025,10994,新疆工程学院,206,3,3,492,179845
2025,10994,新疆工程学院,207,7,7,489,184279
2025,10994,新疆工程学院,208,4,4,488,185756
2025,10994,新疆工程学院,209,16,16,489,185374
2025,10997,昌吉学院,207,8,8,489,185247
2025,10997,昌吉学院,208,20,20,490,182159
2025,11035,沈阳大学(中外合作办学),204,7,7,507,151329
2025,11035,沈阳大学,205,22,22,514,139848
2025,11035,沈阳大学(中外合作办学),206,6,6,525,120063
2025,11047,上海立信会计金融学院,205,14,14,547,84689
2025,11047,上海立信会计金融学院,206,6,6,552,78661
2025,11048,金陵科技学院,206,3,3,529,113599
2025,11048,金陵科技学院,207,10,10,530,112175
2025,11048,金陵科技学院,208,1,1,528,115326
2025,11049,淮阴工学院,203,6,6,508,151149
2025,11049,淮阴工学院,204,4,4,503,159810
2025,11053,徐州工程学院,207,2,2,525,121179
2025,11053,徐州工程学院,208,1,1,522,125633
2025,11055,常州工学院,203,5,5,516,136150
2025,11055,常州工学院,204,10,10,511,144417
2025,11057,浙江科技大学,204,5,5,545,87682
2025,11057,教浙江科技大学,205,60,60,548,83914
2025,11058,宁波工程学院,205,6,6,523,124359
2025,11058,宁波工程学院,206,20,20,533,106320
2025,11058,宁波工程学院,207,2,2,533,107415
2025,11058,省宁波工程学院(中外合作办学),208,7,7,523,124806
2025,11059,合肥大学,205,4,4,523,124194
2025,11059,合肥大学,206,3,3,524,122600
2025,11059,合肥大学,207,4,4,530,112399
2025,11059,东合肥大学,208,5,5,534,105473
2025,11062,厦门理工学院,208,26,26,551,79271
2025,11065,青岛大学,207,8,8,544,90083
2025,11065,青岛大学,208,32,32,552,77828
2025,11065,广青岛大学,209,15,15,541,95147
2025,11065,青岛大学,210,2,2,540,95394
2025,11066,烟台大学,207,4,4,532,108880
2025,11066,烟台大学,208,18,18,523,124020
2025,11066,烟台大学(联合培养),210,2,2,491,181078
2025,11066,烟台大学(本科预科班),212,1,1,493,177989
2025,11067,潍坊学院,208,6,6,495,173619
2025,11067,潍坊学院,209,5,5,501,162597
2025,11067,潍坊学院,210,3,3,494,175081
2025,11068,郑州工程技术学院,205,11,11,493,178258
2025,11068,郑州工程技术学院,206,10,10,491,180628
2025,11070,洛阳理工学院,206,12,12,495,174346
2025,11070,洛阳理工学院,207,47,47,509,147823
2025,11070,洛阳理工学院(中外合作办学),208,16,16,485,192604
2025,11071,新乡学院,203,4,4,494,176082
2025,11071,新乡学院,204,11,11,498,168617
2025,11072,江汉大学,209,11,11,541,93827
2025,11075,三峡大学,209,2,2,552,78485
2025,11075,三峡大学,210,2,2,548,83323
2025,11075,三峡大学,211,21,21,554,75265
2025,11075,三峡大学,212,4,4,548,83375
2025,11075,三峡大学,213,22,22,595,30829
2025,11077,长沙学院,214,16,16,512,143241
2025,11077,长沙学院,215,14,14,532,108256
2025,11077,长沙学院,216,4,4,521,127742
2025,11077,长沙学院,217,4,4,526,119371
2025,11077,长沙学院,218,3,3,524,122282
2025,11078,广州大学,201,226,226,576,47996
2025,11078,广州大学,202,210,210,566,59770
2025,11078,广州大学,203,75,75,569,56115
2025,11078,广州大学,204,141,141,579,45324
2025,11078,广州大学,205,465,465,574,50737
2025,11078,广州大学,206,441,441,557,71501
2025,11078,广州大学,207,466,466,558,69482
2025,11078,广州大学,208,611,611,569,56546
2025,11078,广州大学,209,639,639,571,54481
2025,11078,广州大学,210,135,135,563,63839
2025,11078,广州大学,211,38,38,566,59857
2025,11078,广州大学,212,156,156,559,68590
2025,11078,广州大学,213,84,84,560,67914
2025,11078,广州大学,214,136,136,555,74228
2025,11078,教广州大学,215,65,65,567,58550
2025,11078,广州大学(国际班),231,20,20,542,93370
2025,11078,广州大学(国际班),232,20,20,535,103951
2025,11078,广州大学(国际班),233,20,20,526,118771
2025,11078,省广州大学(国际班),234,15,15,531,109833
2025,11078,广州大学(中外合作办学),235,20,20,541,95123
2025,11078,广州大学(地方专项),241,22,22,555,74469
2025,11078,广州大学(地方专项),242,25,25,554,75026
2025,11078,东广州大学(地方专项),243,22,22,566,60104
2025,11078,广州大学(地方专项),244,28,28,543,91784
2025,11078,广州大学(地方专项),245,23,23,533,106700
2025,11079,成都大学,221,7,7,552,77895
2025,11079,广成都大学(中外合作办学),222,6,6,537,100773
2025,11079,成都大学,223,46,46,552,77711
2025,11079,成都大学(中外合作办学),224,6,6,549,82713
2025,11079,成都大学(中外合作办学),225,8,8,543,91992
2025,11079,成都大学,226,5,5,564,62968
2025,11079,成都大学,227,2,2,564,62682
2025,11080,西安文理学院,207,2,2,523,123999
2025,11080,西安文理学院,208,2,2,524,121603
2025,11100,海南热带海洋学院,216,4,4,513,140846
2025,11100,海南热带海洋学院(中外合作办学),217,7,7,482,197762
2025,11100,海南热带海洋学院,218,14,14,506,154082
2025,11100,海南热带海洋学院,219,17,17,502,161459
2025,11100,海南热带海洋学院,220,2,2,517,134232
2025,11100,海南热带海洋学院,221,2,2,512,143298
2025,11104,华北科技学院,213,7,7,503,158648
2025,11104,华北科技学院,214,51,51,496,171605
2025,11104,华北科技学院,215,12,12,505,156515
2025,11104,华北科技学院,216,26,26,498,168429
2025,11104,华北科技学院,217,5,5,510,145892
2025,11105,中国人民警察大学,204,3,3,552,77871
2025,11105,中国人民警察大学,205,12,12,546,86370
2025,11105,中国人民警察大学,206,3,3,542,93516
2025,11106,广州航海学院,201,992,992,518,131794
2025,11106,广州航海学院,202,1348,1348,515,137672
2025,11106,广州航海学院,203,345,345,515,138349
2025,11106,广州航海学院(中外合作办学),204,120,120,495,174104
2025,11106,广州航海学院(联合培养),205,30,30,513,140457
2025,11106,广州航海学院(中外合作办学),206,80,80,491,180884
2025,11106,广州航海学院(联合培养),207,15,15,506,153254
2025,11106,广州航海学院(联合培养),208,15,15,514,139344
2025,11110,广东警官学院,201,106,106,545,88040
2025,11113,深圳职业技术大学,201,15,15,591,34343
2025,11113,深圳职业技术大学,202,417,417,572,52888
2025,11113,深圳职业技术大学,203,478,478,566,59726
2025,11116,成都工业学院,202,2,2,547,85333
2025,11117,扬州大学,207,2,2,554,74905
2025,11117,扬州大学,208,13,13,554,74865
2025,11122,三江学院,209,10,10,454,246361
2025,11122,三江学院,210,44,44,443,264958
2025,11122,三江学院,211,24,24,458,239048
2025,11149,中华女子学院,209,2,2,533,106850
2025,11149,教中华女子学院,210,7,7,539,97807
2025,11230,齐齐哈尔医学院,211,1,1,492,178567
2025,11230,齐齐哈尔医学院,212,5,5,497,171130
2025,11230,齐齐哈尔医学院,213,20,20,514,139244
2025,11230,省齐齐哈尔医学院,214,8,8,493,177783
2025,11232,北京信息科技大学,203,14,14,586,38408
2025,11232,北京信息科技大学(中外合作办学),204,7,7,569,56488
2025,11242,太原学院,206,3,3,493,177755
2025,11242,东太原学院,207,4,4,495,173492
2025,11242,太原学院,208,2,2,492,179866
2025,11242,太原学院(本科预科班),210,3,3,443,265161
2025,11258,大连大学,204,2,2,537,100185
2025,11258,广大连大学,205,2,2,557,71925
2025,11258,大连大学,206,1,1,557,71989
2025,11261,吉林工商学院,205,6,6,492,179137
2025,11261,吉林工商学院,206,4,4,497,169747
2025,11276,南京工程学院,205,12,12,572,52873
2025,11287,南京审计大学,207,29,29,565,61515
2025,11287,南京审计大学(中外合作办学),208,7,7,564,62468
2025,11311,三明学院,207,2,2,514,139150
2025,11311,三明学院,208,4,4,523,124902
2025,11311,三明学院,209,1,1,519,131198
2025,11311,三明学院,210,1,1,514,139803
2025,11313,福建商学院(本科预科班),202,3,3,440,269323
2025,11318,江西科技师范大学(国际班),216,1,1,510,147383
2025,11318,江西科技师范大学,217,2,2,547,84845
2025,11318,江西科技师范大学,218,5,5,523,123301
2025,11318,江西科技师范大学,220,14,14,510,146203
2025,11318,江西科技师范大学,221,20,20,523,124780
2025,11318,江西科技师范大学,222,2,2,536,101588
2025,11318,江西科技师范大学,223,2,2,526,118148
2025,11319,江西水利电力大学,208,16,16,533,107249
2025,11319,江西水利电力大学(中外合作办学),209,8,8,490,183386
2025,11326,信阳农林学院,207,5,5,498,168690
2025,11326,信阳农林学院,208,10,10,494,175073
2025,11329,河南工学院,202,14,14,500,164826
2025,11330,安阳工学院,205,4,4,495,173898
2025,11330,安阳工学院(中外合作办学),206,4,4,482,197838
2025,11336,荆楚理工学院(中外合作办学),205,3,3,497,170257
2025,11342,湖南工程学院,205,13,13,525,119660
2025,11342,湖南工程学院,206,7,7,516,136839
2025,11342,湖南工程学院(中外合作办学),207,9,9,517,133881
2025,11347,仲恺农业工程学院,202,245,245,518,132909
2025,11347,仲恺农业工程学院,203,1141,1141,523,123659
2025,11347,仲恺农业工程学院,204,57,57,515,138007
2025,11347,仲恺农业工程学院,205,82,82,521,128130
2025,11347,仲恺农业工程学院(国际班),206,60,60,497,171179
2025,11347,仲恺农业工程学院(国际班),207,30,30,491,181366
2025,11349,五邑大学,201,567,567,507,151591
2025,11349,五邑大学,202,119,119,503,159190
2025,11349,五邑大学,203,1397,1397,526,118711
2025,11349,五邑大学,204,221,221,519,131453
2025,11349,五邑大学,205,779,779,521,127859
2025,11349,教五邑大学,206,197,197,506,153867
2025,11349,五邑大学,207,50,50,537,100217
2025,11349,五邑大学,208,283,283,518,133378
2025,11349,五邑大学,209,74,74,531,111099
2025,11349,省五邑大学(联合培养),210,280,280,495,173849
2025,11349,五邑大学(联合培养),211,66,66,484,193538
2025,11354,梧州学院,215,8,8,498,168029
2025,11354,梧州学院,216,2,2,499,166993
2025,11354,东梧州学院,217,25,25,505,156294
2025,11354,梧州学院,218,10,10,495,173231
2025,11355,南宁职业技术大学,204,4,4,494,175366
2025,11355,南宁职业技术大学,205,10,10,507,152578
2025,11360,广攀枝花学院,204,8,8,503,159556
2025,11390,玉溪师范学院,205,2,2,506,153149
2025,11390,玉溪师范学院,206,2,2,514,139165
2025,11393,昆明学院,214,9,9,507,152709
2025,11393,昆明学院,215,5,5,503,159901
2025,11393,昆明学院,216,2,2,530,112913
2025,11396,商洛学院,206,1,1,498,167490
2025,11396,商洛学院,207,2,2,504,157928
2025,11396,商洛学院,208,2,2,495,173225
2025,11400,西安培华学院,209,3,3,473,213309
2025,11400,西安培华学院,210,14,14,473,212937
2025,11400,西安培华学院,211,8,8,484,194208
2025,11400,西安培华学院,212,5,5,484,193138
2025,11406,甘肃政法大学,207,10,10,503,159650
2025,11406,甘肃政法大学,208,3,3,526,119578
2025,11407,北方民族大学,214,2,2,513,140867
2025,11407,北方民族大学,215,2,2,503,159923
2025,11407,北方民族大学,216,5,5,521,127206
2025,11407,北方民族大学(中外合作办学),217,4,4,503,159510
2025,11413,中国矿业大学(北京),205,6,6,592,33342
2025,11413,中国矿业大学(北京),206,37,37,599,27739
2025,11414,中国石油大学(北京),202,27,27,606,22486
2025,11415,中国地质大学(北京),212,4,4,589,35949
2025,11415,中国地质大学(北京),214,46,46,588,36654
2025,11417,北京联合大学,205,1,1,556,72300
2025,11417,北京联合大学,206,10,10,555,74634
2025,11418,北京城市学院,213,74,74,451,250882
2025,11420,河北金融学院,211,5,5,495,173963
2025,11420,河北金融学院,212,4,4,500,164997
2025,11420,河北金融学院(中外合作办学),213,2,2,498,169004
2025,11420,河北金融学院,214,3,3,495,173186
2025,11420,河北金融学院,215,5,5,508,150599
2025,11436,长春汽车职业技术大学,202,12,12,501,162353
2025,11437,长春工程学院,203,2,2,495,173862
2025,11437,长春工程学院,204,28,28,495,173248
2025,11437,长春工程学院(本科预科班),206,2,2,463,231877
2025,11439,吉林农业科技学院,208,2,2,491,181704
2025,11439,吉林农业科技学院,209,6,6,495,174545
2025,11439,吉林农业科技学院,210,3,3,494,176563
2025,11439,吉林农业科技学院,211,5,5,491,180653
2025,11439,吉林农业科技学院(中外合作办学),212,2,2,494,176608
2025,11446,教黑龙江东方学院,203,50,50,444,263879
2025,11458,上海电机学院,204,12,12,549,82214
2025,11458,上海电机学院(中外合作办学),205,5,5,546,86724
2025,11463,江苏理工学院,204,7,7,534,106072
2025,11482,省浙江财经大学,208,34,34,550,81172
2025,11482,浙江财经大学(中外合作办学),209,1,1,563,63479
2025,11482,浙江财经大学,210,4,4,568,57388
2025,11482,浙江财经大学(中外合作办学),213,1,1,554,75372
2025,11482,东浙江财经大学(中外合作办学),214,2,2,540,96318
2025,11488,衢州学院,207,10,10,495,174349
2025,11488,衢州学院,208,5,5,493,176722
2025,11504,江西警察学院,206,4,4,541,93886
2025,11504,广江西警察学院,207,5,5,534,105987
2025,11508,新余学院,206,6,6,501,162406
2025,11510,山东交通学院,207,4,4,504,158219
2025,11510,山东交通学院,208,16,16,499,165883
2025,11510,山东交通学院,209,2,2,510,147002
2025,11510,山东交通学院(中外合作办学),210,6,6,485,191353
2025,11517,河南工程学院,206,9,9,494,176544
2025,11517,河南工程学院,207,24,24,500,164640
2025,11517,河南工程学院,208,2,2,503,159563
2025,11517,河南工程学院,209,16,16,503,159425
2025,11527,湖南城市学院,211,2,2,516,136547
2025,11527,湖南城市学院,212,6,6,492,178741
2025,11527,湖南城市学院,213,12,12,505,155843
2025,11527,湖南城市学院,214,2,2,525,120726
2025,11528,湖南工学院,202,25,25,518,131952
2025,11532,湖南财政经济学院,205,20,20,515,137360
2025,11532,湖南财政经济学院,206,5,5,528,116025
2025,11535,湖南工业大学,208,26,26,529,113163
2025,11535,湖南工业大学,209,162,162,527,117722
2025,11535,湖南工业大学,213,5,5,534,105099
2025,11535,湖南工业大学,214,6,6,526,118312
2025,11535,湖南工业大学,215,57,57,533,107186
2025,11540,广东金融学院,221,1006,1006,530,112345
2025,11540,广东金融学院,222,985,985,519,131754
2025,11540,广东金融学院,223,114,114,540,96562
2025,11540,广东金融学院,224,109,109,528,114856
2025,11540,广东金融学院,225,596,596,516,136349
2025,11540,广东金融学院,226,984,984,527,117585
2025,11540,广东金融学院,227,1090,1090,522,124928
2025,11540,广东金融学院(联合培养),228,245,245,510,146334
2025,11540,广东金融学院(联合培养),229,60,60,514,139021
2025,11540,广东金融学院(地方专项),232,20,20,533,106485
2025,11540,广东金融学院(地方专项),233,40,40,534,105785
2025,11545,电子科技大学中山学院,201,496,496,487,188009
2025,11545,电子科技大学中山学院,202,585,585,487,188704
2025,11545,电子科技大学中山学院,203,291,291,483,195130
2025,11545,电子科技大学中山学院,204,510,510,489,184090
2025,11545,电子科技大学中山学院,207,435,435,481,198364
2025,11545,电子科技大学中山学院,208,165,165,485,192437
2025,11546,广西科技师范学院,212,2,2,511,144187
2025,11546,广西科技师范学院,213,28,28,503,158552
2025,11546,教广西科技师范学院,214,2,2,504,157938
2025,11548,广西财经学院(中外合作办学),206,6,6,495,173349
2025,11548,广西财经学院,207,4,4,529,113103
2025,11548,广西财经学院(中外合作办学),208,3,3,501,162289
2025,11548,省广西财经学院(联合培养),209,3,3,498,167844
2025,11549,南宁学院,209,18,18,483,195756
2025,11549,南宁学院,210,39,39,484,194612
2025,11549,南宁学院,211,4,4,492,178952
2025,11549,东南宁学院,212,2,2,478,204099
2025,11551,重庆科技大学,205,5,5,538,99175
2025,11551,重庆科技大学,206,22,22,541,94516
2025,11552,四川旅游学院(中外合作办学),202,2,2,487,189284
2025,11560,广西安财经大学,205,6,6,531,111109
2025,11560,西安财经大学(中外合作办学),206,6,6,526,119028
2025,11562,兰州文理学院,204,3,3,498,169089
2025,11600,湖北经济学院,208,6,6,530,111680
2025,11600,湖北经济学院(中外合作办学),209,2,2,488,187186
2025,11600,湖北经济学院,210,3,3,540,96468
2025,11607,北部湾大学,212,6,6,510,147077
2025,11607,北部湾大学,213,2,2,534,105009
2025,11607,北部湾大学,214,2,2,526,119620
2025,11607,北部湾大学,215,18,18,518,131998
2025,11607,北部湾大学,216,19,19,507,152670
2025,11607,北部湾大学,217,3,3,525,119716
2025,11607,北部湾大学(中外合作办学),218,12,12,501,162984
2025,11629,北华航天工业学院,205,3,3,518,131858
2025,11629,北华航天工业学院,206,9,9,529,113648
2025,11632,沈阳工程学院,202,6,6,566,60351
2025,11641,江苏海洋大学,204,3,3,555,73537
2025,11646,宁波大学,208,10,10,557,71685
2025,11646,宁波大学,209,51,51,573,52154
2025,11646,宁波大学,210,26,26,564,62134
2025,11647,浙江传媒学院,215,1,1,545,88221
2025,11647,浙江传媒学院,216,17,17,543,90779
2025,11647,浙江传媒学院(中外合作办学),217,2,2,543,91436
2025,11647,浙江传媒学院,218,48,48,544,89929
2025,11647,浙江传媒学院,220,14,14,542,93072
2025,11647,浙江传媒学院,221,8,8,529,113831
2025,11652,河南财政金融学院,207,11,11,494,175993
2025,11652,河南财政金融学院,208,4,4,509,148140
2025,11653,南阳理工学院,208,5,5,495,174209
2025,11653,南阳理工学院,209,32,32,497,169772
2025,11653,南阳理工学院,210,14,14,504,158379
2025,11653,南阳理工学院,211,12,12,496,172900
2025,11653,南阳理工学院,212,5,5,495,173873
2025,11653,南阳理工学院,213,8,8,502,161131
2025,11656,广东石油化工学院,201,1154,1154,507,152005
2025,11656,广东石油化工学院,202,1043,1043,510,146711
2025,11656,广东石油化工学院,203,875,875,504,158327
2025,11656,广东石油化工学院,204,814,814,503,158966
2025,11656,广东石油化工学院,205,211,211,503,158413
2025,11656,广东石油化工学院,206,38,38,513,142049
2025,11656,广东石油化工学院,207,38,38,512,143828
2025,11656,教广东石油化工学院,208,542,542,499,166883
2025,11658,海南师范大学,228,2,2,525,121335
2025,11658,海南师范大学,229,5,5,536,102372
2025,11658,海南师范大学,230,2,2,552,78702
2025,11658,省海南师范大学,231,2,2,552,77713
2025,11658,海南师范大学,232,15,15,543,92209
2025,11658,海南师范大学,233,2,2,553,76577
2025,11658,海南师范大学,234,3,3,558,70337
2025,11658,东海南师范大学,235,6,6,549,82437
2025,11658,海南师范大学,236,7,7,551,80266
2025,11658,海南师范大学,237,2,2,565,61684
2025,11660,重庆理工大学,211,4,4,550,81042
2025,11660,广重庆理工大学,212,42,42,564,62477
2025,11660,重庆理工大学,213,6,6,553,77001
2025,11660,重庆理工大学,214,2,2,561,65570
2025,11664,西安邮电大学,208,6,6,562,64665
2025,11664,西安邮电大学,209,31,31,573,51659
2025,11664,西安邮电大学(中外合作办学),210,18,18,561,66495
2025,11664,西安邮电大学(中外合作办学),211,6,6,569,55803
2025,11664,西安邮电大学(本科预科班),213,2,2,509,148001
2025,11688,山东工商学院,207,15,15,494,175770
2025,11688,山东工商学院,208,5,5,509,148003
2025,11726,长春大学,212,2,2,494,176547
2025,11726,长春大学,213,16,16,522,126142
2025,11726,长春大学(中外合作办学),214,2,2,509,148591
2025,11726,长春大学(中外合作办学),215,2,2,515,137165
2025,11726,长春大学(中外合作办学),216,3,3,508,150474
2025,11726,长春大学(中外合作办学),217,3,3,502,160344
2025,11726,长春大学(中外合作办学),218,4,4,503,159291
2025,11726,长春大学(中外合作办学),219,4,4,507,151795
2025,11726,长春大学(中外合作办学),220,3,3,486,189412
2025,11731,贵州商学院,208,2,2,499,166168
2025,11731,贵州商学院,209,4,4,496,171575
2025,11731,贵州商学院(中外合作办学),210,3,3,485,191299
2025,11731,贵州商学院,211,3,3,508,150651
2025,11736,西安航空学院,201,5,5,510,146000
2025,11736,西安航空学院,202,4,4,517,134081
2025,11736,西安航空学院(中外合作办学),203,3,3,514,138657
2025,11736,西安航空学院(中外合作办学),204,3,3,513,142143
2025,11765,河南城建学院,205,5,5,493,177321
2025,11765,河南城建学院,206,15,15,494,175824
2025,11775,防灾科技学院,211,13,13,497,171009
2025,11775,防灾科技学院,212,20,20,505,155973
2025,11775,防灾科技学院,213,11,11,515,138004
2025,11775,防灾科技学院,214,3,3,517,134322
2025,11785,江西职业技术大学,202,40,40,501,163577
2025,11798,武汉东湖学院,209,2,2,502,161235
2025,11798,武汉东湖学院,210,4,4,488,185770
2025,11799,重庆工商大学,220,24,24,533,107080
2025,11799,重庆工商大学(中外双学士),221,8,8,521,127638
2025,11799,重庆工商大学,225,16,16,538,98557
2025,11800,汉口学院,211,25,25,482,197966
2025,11802,黑龙江工程学院,208,16,16,488,187049
2025,11802,教黑龙江工程学院,209,2,2,489,184448
2025,11802,黑龙江工程学院,210,5,5,498,168922
2025,11802,黑龙江工程学院,211,29,29,493,177226
2025,11802,黑龙江工程学院,212,9,9,500,164767
2025,11810,省海南医科大学,201,2,2,559,69255
2025,11810,海南医科大学,202,4,4,536,103102
2025,11810,海南医科大学,203,18,18,546,86621
2025,11810,海南医科大学,204,2,2,521,127096
2025,11810,东海南医科大学(中外合作办学),205,10,10,488,186998
2025,11819,东莞理工学院,201,306,306,563,63807
2025,11819,东莞理工学院,202,1725,1725,550,80557
2025,11819,东莞理工学院,203,370,370,536,102979
2025,11819,广东莞理工学院,204,449,449,540,95980
2025,11819,东莞理工学院,205,192,192,526,119185
2025,11819,东莞理工学院(地方专项),211,90,90,550,80698
2025,11819,东莞理工学院(粤台联合培养),212,181,181,546,87018
2025,11819,东莞理工学院(粤台联合培养),213,30,30,539,97124
2025,11819,东莞理工学院,215,93,93,550,80517
2025,11819,东莞理工学院(中外合作办学),219,123,123,536,101745
2025,11824,桂林师范学院,205,6,6,508,150002
2025,11824,桂林师范学院,206,2,2,496,172910
2025,11825,桂林航天工业学院,206,6,6,516,136668
2025,11825,桂林航天工业学院,207,30,30,528,114822
2025,11825,桂林航天工业学院(中外合作办学),208,8,8,506,153341
2025,11833,上海杉达学院(中外合作办学),210,1,1,529,113416
2025,11833,上海杉达学院,211,1,1,511,145364
2025,11833,上海杉达学院,212,3,3,512,142464
2025,11834,黄河科技学院,206,4,4,486,190722
2025,11834,黄河科技学院,207,10,10,488,186757
2025,11835,上海政法学院,210,3,3,563,63321
2025,11835,上海政法学院,211,28,28,565,61755
2025,11835,上海政法学院,212,4,4,595,30302
2025,11837,桂林旅游学院(中外合作办学),218,2,2,485,192504
2025,11837,桂林旅游学院(中外合作办学),219,2,2,488,185979
2025,11837,桂林旅游学院,220,6,6,501,163513
2025,11837,桂林旅游学院(中外合作办学),221,8,8,467,223588
2025,11837,桂林旅游学院,222,4,4,501,162822
2025,11838,贺州学院,206,20,20,499,166811
2025,11838,贺州学院,207,28,28,506,153748
2025,11838,贺州学院,208,4,4,501,162190
2025,11843,九江学院,206,2,2,500,164211
2025,11843,九江学院,207,5,5,511,145486
2025,11843,九江学院,208,3,3,547,84923
2025,11845,广东工业大学,206,556,556,604,23808
2025,11845,广东工业大学,207,182,182,592,33072
2025,11845,广东工业大学,208,233,233,579,45115
2025,11845,广东工业大学,209,91,91,580,44239
2025,11845,广东工业大学,210,206,206,585,39361
2025,11845,广东工业大学,211,655,655,590,34777
2025,11845,广东工业大学,212,338,338,573,52168
2025,11845,广东工业大学,213,600,600,594,30945
2025,11845,广东工业大学,214,45,45,566,59722
2025,11845,广东工业大学,215,135,135,562,64922
2025,11845,教广东工业大学,216,498,498,596,29496
2025,11845,广东工业大学,217,34,34,573,51625
2025,11845,广东工业大学,218,168,168,564,62109
2025,11845,广东工业大学,220,379,379,588,36055
2025,11845,省广东工业大学,221,185,185,574,50851
2025,11845,广东工业大学,222,50,50,569,56296
2025,11845,广东工业大学,223,235,235,600,26982
2025,11845,广东工业大学,225,205,205,577,47667
2025,11845,东广东工业大学,226,60,60,570,54622
2025,11845,广东工业大学,227,232,232,562,64594
2025,11845,广东工业大学,228,85,85,559,69261
2025,11845,广东工业大学,231,180,180,577,47617
2025,11845,广广东工业大学,232,144,144,564,62452
2025,11845,广东工业大学,233,100,100,560,66889
2025,11845,广东工业大学(学分互认),262,309,309,560,67661
2025,11845,广东工业大学(学分互认),265,85,85,549,82152
2025,11845,广东工业大学(学分互认),267,10,10,558,70663
2025,11845,广东工业大学(联合培养),270,40,40,565,61818
2025,11845,广东工业大学(联合培养),271,40,40,552,78827
2025,11845,广东工业大学(联合培养),272,40,40,558,69940
2025,11845,广东工业大学(国际班),273,40,40,575,49625
2025,11845,广东工业大学(中外合作办学),275,70,70,538,98956
2025,11845,广东工业大学(地方专项),282,135,135,554,75638
2025,11845,广东工业大学(地方专项),283,105,105,538,99249
2025,11846,广东外语外贸大学,209,193,193,561,66612
2025,11846,广东外语外贸大学,210,353,353,568,57705
2025,11846,广东外语外贸大学,211,575,575,563,63316
2025,11846,广东外语外贸大学,212,301,301,562,64419
2025,11846,广东外语外贸大学,213,349,349,564,62976
2025,11846,广东外语外贸大学,214,10,10,565,61705
2025,11846,广东外语外贸大学,215,457,457,570,54632
2025,11846,广东外语外贸大学,216,173,173,565,61493
2025,11846,广东外语外贸大学(粤澳合作办学),217,80,80,545,88613
2025,11846,广东外语外贸大学(地方专项),218,84,84,536,102868
2025,11847,佛山大学,201,530,530,560,67916
2025,11847,佛山大学,202,161,161,550,80916
2025,11847,佛山大学,203,742,742,551,79242
2025,11847,佛山大学,204,290,290,543,91968
2025,11847,佛山大学,205,637,637,544,89495
2025,11847,佛山大学,206,150,150,547,84615
2025,11847,佛山大学,207,40,40,550,81498
2025,11847,佛山大学,208,93,93,563,63250
2025,11847,佛山大学,209,85,85,542,93053
2025,11847,佛山大学(联合培养),210,160,160,527,117436
2025,11847,佛山大学,211,70,70,545,88989
2025,11847,佛山大学,212,10,10,551,79200
2025,11847,佛山大学,213,35,35,542,93604
2025,11847,佛山大学,214,410,410,562,65419
2025,11847,佛山大学(中外合作办学),215,120,120,492,178895
2025,11847,佛山大学(联合培养),216,40,40,532,108817
2025,11847,佛山大学(粤澳联合培养),217,30,30,506,154685
2025,11847,佛山大学(地方专项),218,95,95,527,117707
2025,11964,邢台医学院,203,5,5,493,177089
2025,11964,教邢台医学院,204,25,25,491,180253
2025,12026,大连民族大学,205,16,16,505,156040
2025,12026,大连民族大学,206,9,9,528,115742
2025,12044,上海第二工业大学,206,3,3,544,90257
2025,12044,省上海第二工业大学,207,10,10,556,72618
2025,12044,上海第二工业大学,208,2,2,544,90651
2025,12046,广州职业技术大学（原广州番禺职业技术学院）,202,240,240,525,119744
2025,12046,广州职业技术大学（原广州番禺职业技术学院）,203,80,80,537,101005
2025,12046,东广州职业技术大学（原广州番禺职业技术学院）,204,80,80,520,128615
2025,12048,南京特殊教育师范学院,217,1,1,540,95791
2025,12048,南京特殊教育师范学院,218,2,2,552,78541
2025,12048,南京特殊教育师范学院,219,4,4,502,160609
2025,12048,广南京特殊教育师范学院,220,6,6,509,148302
2025,12048,南京特殊教育师范学院,221,2,2,513,141291
2025,12050,上海商学院,205,2,2,543,91335
2025,12050,上海商学院,206,2,2,551,79985
2025,12056,南通理工学院,206,86,86,464,229779
2025,12056,南通理工学院,207,9,9,476,208383
2025,12059,广东培正学院,201,1240,1139,436,276552
2025,12059,广东培正学院,202,683,683,436,276542
2025,12059,广东培正学院,203,920,920,459,237799
2025,12059,广东培正学院(学分互认),204,20,20,443,264570
2025,12104,柳州职业技术大学,204,88,88,496,171529
2025,12107,贵州警察学院,205,4,4,537,101033
2025,12107,贵州警察学院,206,1,1,530,111383
2025,12121,南方医科大学,201,46,46,650,3606
2025,12121,南方医科大学,202,592,592,604,23705
2025,12121,南方医科大学,203,215,215,591,33919
2025,12121,南方医科大学,204,50,50,582,42303
2025,12121,南方医科大学,205,243,243,575,49484
2025,12121,南方医科大学,206,173,173,578,46350
2025,12121,南方医科大学(地方专项),208,111,111,540,96399
2025,12214,湖南医药学院,204,1,1,509,147897
2025,12214,湖南医药学院,205,1,1,542,92937
2025,12214,湖南医药学院,206,8,8,522,124937
2025,12216,安徽新华学院,205,7,7,472,215545
2025,12216,安徽新华学院,206,5,5,479,203091
2025,12303,湖南涉外经济学院,205,38,38,455,244674
2025,12303,湖南涉外经济学院,206,29,29,463,230492
2025,12308,海口经济学院,216,3,3,451,252126
2025,12308,海口经济学院,217,44,16,436,275937
2025,12308,海口经济学院,218,36,36,443,264794
2025,12308,海口经济学院,220,12,6,438,272510
2025,12309,武昌首义学院,205,8,8,493,177621
2025,12310,武昌理工学院,207,27,27,483,196246
2025,12310,武昌理工学院(中外合作办学),208,3,3,474,211145
2025,12332,烟台南山学院,204,5,5,480,201068
2025,12362,武汉生物工程学院,209,23,23,484,194264
2025,12362,武汉生物工程学院,210,14,14,489,185523
2025,12362,武汉生物工程学院,211,5,5,484,193416
2025,12453,中国劳动关系学院,206,18,18,534,105256
2025,12453,中国劳动关系学院,207,3,3,534,105606
2025,12453,中国劳动关系学院,208,3,3,545,87963
2025,12544,教宁夏理工学院(联合培养),207,10,10,479,202360
2025,12544,宁夏理工学院(联合培养),208,5,5,475,209319
2025,12560,云南经济管理学院,206,5,5,479,203311
2025,12560,云南经济管理学院,207,6,6,473,213794
2025,12560,省云南经济管理学院,208,4,4,473,213214
2025,12574,广东东软学院,201,173,173,482,197553
2025,12574,广东东软学院,202,161,161,478,205356
2025,12574,广东东软学院,203,63,63,483,196110
2025,12574,东广东东软学院,204,102,102,485,191679
2025,12574,广东东软学院,205,107,107,480,200430
2025,12574,广东东软学院,206,59,59,479,202666
2025,12574,广东东软学院,207,114,114,468,221810
2025,12574,广广东东软学院,208,88,88,457,242062
2025,12574,广东东软学院,209,90,90,460,236468
2025,12574,广东东软学院,210,92,92,460,236889
2025,12574,广东东软学院,211,50,50,463,231749
2025,12574,广东东软学院,212,68,68,472,215068
2025,12574,广东东软学院,213,99,99,475,210146
2025,12574,广东东软学院,214,51,51,482,197730
2025,12574,广东东软学院,215,90,90,470,219009
2025,12574,广东东软学院,216,70,70,462,232258
2025,12574,广东东软学院,217,30,30,455,245639
2025,12574,广东东软学院(中外合作办学),218,82,41,436,275519
2025,12587,上海立达学院,208,2,2,464,230311
2025,12587,上海立达学院,209,9,9,459,237525
2025,12607,重庆机电职业技术大学,202,15,15,489,185175
2025,12608,重庆工程学院,205,2,2,492,179412
2025,12608,重庆工程学院,206,15,15,491,180473
2025,12609,重庆电子科技职业大学,202,10,10,530,112509
2025,12617,广州城市理工学院,201,320,320,494,176527
2025,12617,广州城市理工学院,202,1718,1718,487,188614
2025,12617,广州城市理工学院,203,549,549,487,188081
2025,12618,广州软件学院,201,918,918,473,214365
2025,12618,广州软件学院,202,500,500,472,214574
2025,12618,广州软件学院,203,632,632,447,258240
2025,12618,广州软件学院,204,116,67,436,276031
2025,12618,广州软件学院(校企联合培养),205,120,120,476,208646
2025,12618,广州软件学院(校企联合培养),206,165,165,459,238586
2025,12618,广州软件学院(校企联合培养),207,120,120,464,229534
2025,12618,广州软件学院(校企联合培养),208,110,110,463,230421
2025,12618,广州软件学院(校企联合培养),209,230,230,463,230920
2025,12618,广州软件学院(校企联合培养),210,165,165,458,239822
2025,12618,广州软件学院(校企联合培养),211,105,105,460,235821
2025,12618,广州软件学院,212,15,15,475,210005
2025,12618,广州软件学院,213,15,15,467,223548
2025,12618,广州软件学院,214,8,8,452,250313
2025,12618,广州软件学院,215,8,8,463,230736
2025,12619,广州南方学院,207,281,281,473,214018
2025,12619,广州南方学院,208,200,200,469,221524
2025,12619,广州南方学院,209,103,103,474,212582
2025,12619,广州南方学院,210,950,950,479,202472
2025,12619,广州南方学院,211,600,600,463,230851
2025,12619,广州南方学院(联合培养),212,62,21,438,273442
2025,12619,教广州南方学院(联合培养),213,66,22,437,273783
2025,12619,广州南方学院(联合培养),214,25,22,437,274209
2025,12619,广州南方学院(联合培养),215,46,12,444,262318
2025,12619,广州南方学院(联合培养),216,56,31,436,276021
2025,12619,省广州南方学院(中外合作办学),217,62,25,438,272656
2025,12620,广东外语外贸大学南国商学院,221,159,159,480,200551
2025,12620,广东外语外贸大学南国商学院,222,329,329,475,210152
2025,12620,广东外语外贸大学南国商学院,223,198,198,470,219021
2025,12620,东广东外语外贸大学南国商学院,224,107,107,475,209609
2025,12620,广东外语外贸大学南国商学院,225,141,141,471,217164
2025,12620,广东外语外贸大学南国商学院,226,454,454,474,212539
2025,12620,广东外语外贸大学南国商学院(国际班),232,130,130,455,245151
2025,12620,广广东外语外贸大学南国商学院(国际班),233,45,45,466,226471
2025,12621,广州华商学院,211,1742,866,436,276586
2025,12621,广州华商学院,212,210,116,436,276534
2025,12621,广州华商学院,213,550,550,439,271306
2025,12621,广州华商学院,214,818,697,436,276373
2025,12621,广州华商学院,215,80,48,437,274693
2025,12621,广州华商学院(国际班),216,65,21,436,275716
2025,12621,广州华商学院(联合培养),217,40,16,436,275731
2025,12622,湛江科技学院,201,2333,403,436,276491
2025,12622,湛江科技学院,202,2965,477,436,276574
2025,12622,湛江科技学院,203,80,12,436,275816
2025,12623,华南农业大学珠江学院,204,52,52,438,273131
2025,12623,华南农业大学珠江学院,205,370,370,462,232650
2025,12623,华南农业大学珠江学院,206,695,695,467,225026
2025,12623,华南农业大学珠江学院,209,10,10,472,215973
2025,12623,华南农业大学珠江学院,210,90,90,475,209193
2025,12631,厦门医学院,203,11,11,541,94741
2025,12631,厦门医学院,204,4,4,542,93640
2025,12636,成都东软学院,205,2,2,499,167431
2025,12636,成都东软学院(中外合作办学),206,4,4,455,244337
2025,12649,湖南科技大学潇湘学院,204,5,5,491,180582
2025,12650,南华大学船山学院,205,6,6,494,174993
2025,12650,南华大学船山学院,206,4,4,491,180765
2025,12651,湘潭理工学院,204,5,5,485,191879
2025,12652,长沙工业学院,204,4,4,520,129499
2025,12653,湖南农业大学东方科技学院,204,2,2,493,177898
2025,12656,中南林业科技大学涉外学院,209,15,15,490,182735
2025,12656,中南林业科技大学涉外学院,210,15,15,492,178580
2025,12657,常德学院,207,2,2,492,180169
2025,12657,常德学院,208,2,2,487,187907
2025,12658,岳阳学院,205,12,12,476,207548
2025,12658,岳阳学院,206,4,4,471,216386
2025,12659,衡阳师范学院南岳学院,206,2,2,495,173737
2025,12659,衡阳师范学院南岳学院,207,2,2,495,174219
2025,12659,衡阳师范学院南岳学院,208,3,3,495,173731
2025,12660,湖南工程学院应用技术学院,203,3,3,494,175886
2025,12660,湖南工程学院应用技术学院,204,2,2,494,175232
2025,12661,湖南中医药大学湘杏学院,203,5,5,529,113930
2025,12661,湖南中医药大学湘杏学院,204,5,5,485,192473
2025,12662,张家界学院,209,3,3,480,200827
2025,12662,张家界学院,210,3,3,471,217270
2025,12668,教广州理工学院,201,3735,3735,446,259886
2025,12668,广州理工学院,202,640,640,450,253100
2025,12689,东南大学成贤学院,205,3,3,485,191603
2025,12689,东南大学成贤学院,206,37,37,489,185397
2025,12709,省厦门华厦学院,206,1,1,493,177615
2025,12709,厦门华厦学院,207,8,8,477,206291
2025,12709,厦门华厦学院,208,18,18,471,216475
2025,12710,闽南理工学院,204,2,2,492,179172
2025,12712,东西安欧亚学院,205,10,10,458,239195
2025,12712,西安欧亚学院,206,4,4,465,227143
2025,12713,西安外事学院,207,9,9,473,213166
2025,12714,西安翻译学院,205,20,20,461,233889
2025,12714,广西安翻译学院,206,25,25,466,225277
2025,12715,西京学院,205,7,7,481,198508
2025,12715,西京学院,206,2,2,491,180840
2025,12746,郑州科技学院,205,5,5,487,187563
2025,12747,郑州工业应用技术学院,205,2,2,481,199103
2025,12747,郑州工业应用技术学院,206,2,2,488,186447
2025,12763,四川工程职业技术大学,202,25,25,508,151007
2025,12766,江西工程学院,210,4,4,486,190195
2025,12766,江西工程学院,211,22,22,483,195416
2025,12779,山西应用科技学院,204,5,5,476,208041
2025,12784,河北传媒学院,218,11,6,442,265767
2025,12784,河北传媒学院,219,9,9,478,204743
2025,12792,浙江越秀外国语学院,209,2,2,488,187344
2025,12792,浙江越秀外国语学院,210,24,24,454,246702
2025,12792,浙江越秀外国语学院,211,6,6,476,207251
2025,12795,南昌理工学院,216,9,9,481,199361
2025,12795,南昌理工学院,217,58,58,482,196799
2025,12795,南昌理工学院,218,3,3,494,176244
2025,12795,南昌理工学院,219,8,8,481,199656
2025,12799,上海建桥学院,205,8,8,476,208743
2025,12799,上海建桥学院,206,37,37,466,225190
2025,12799,上海建桥学院(学分互认),207,6,6,465,227205
2025,12799,上海建桥学院(学分互认),208,3,3,477,206271
2025,12802,吉利学院,206,8,8,485,192599
2025,12911,哈尔滨职业技术大学,202,5,5,494,175655
2025,12914,上海兴伟学院,204,6,1,450,253795
2025,12915,上海中侨职业技术大学,206,38,38,459,238062
2025,12915,上海中侨职业技术大学(中外合作办学),207,6,4,436,276052
2025,12928,泉州职业技术大学,204,30,30,473,213074
2025,12938,江西应用科技学院,210,11,11,471,217948
2025,12938,江西应用科技学院,211,30,30,474,212606
2025,12948,郑州健康学院,202,10,10,477,205649
2025,12957,深圳信息职业技术大学（原深圳信息职业技术学院）,201,300,300,566,60409
2025,12973,青海职业技术大学,204,6,6,494,176315
2025,12992,闽南科技学院,208,1,1,493,177150
2025,12992,闽南科技学院,209,1,1,491,180626
2025,12992,闽南科技学院,210,4,4,484,193979
2025,13006,山东英才学院,202,5,5,469,220462
2025,13021,浙大城市学院,205,6,6,539,97607
2025,13021,浙大城市学院,206,28,28,547,84663
2025,13022,浙大宁波理工学院,204,37,37,540,95885
2025,13023,教杭州医学院,202,10,10,544,89246
2025,13065,安徽外国语学院,204,10,10,454,247352
2025,13115,厦门工学院,207,6,6,475,210806
2025,13115,厦门工学院,208,4,4,479,203452
2025,13121,省西安思源学院,205,4,4,463,230383
2025,13188,武汉晴川学院,208,10,10,484,193401
2025,13198,大连理工大学城市学院,205,4,4,471,216867
2025,13198,大连理工大学城市学院,206,10,10,474,211298
2025,13201,东沈阳工学院,203,4,4,465,227031
2025,13201,沈阳工学院,204,21,21,468,221708
2025,13208,沈阳城市建设学院,203,2,2,457,241820
2025,13208,沈阳城市建设学院,204,8,8,460,236969
2025,13212,广大连医科大学中山学院,202,6,6,475,210535
2025,13212,大连医科大学中山学院,203,2,2,533,106486
2025,13212,大连医科大学中山学院,204,2,2,505,156365
2025,13213,锦州医科大学医疗学院,202,7,7,486,190185
2025,13215,辽宁师范大学海华学院,205,3,3,470,218194
2025,13215,辽宁师范大学海华学院,206,4,4,472,215092
2025,13218,大连财经学院,204,11,11,461,234621
2025,13220,沈阳城市学院,205,11,11,442,266388
2025,13220,沈阳城市学院,206,4,4,458,240201
2025,13234,湖北大学知行学院,207,2,2,483,196180
2025,13234,湖北大学知行学院,208,7,7,487,188689
2025,13235,武汉城市学院,205,4,4,479,202411
2025,13235,武汉城市学院,206,8,8,482,197094
2025,13236,三峡大学科技学院,203,2,2,513,141821
2025,13236,三峡大学科技学院,206,9,9,482,197886
2025,13236,三峡大学科技学院,207,4,4,488,186891
2025,13236,三峡大学科技学院,208,4,4,491,181846
2025,13238,湖北工业大学工程技术学院,207,18,18,486,191081
2025,13240,武汉纺织大学外经贸学院,208,1,1,481,199821
2025,13240,武汉纺织大学外经贸学院,209,2,2,477,206211
2025,13240,武汉纺织大学外经贸学院,210,4,4,482,197823
2025,13241,武昌工学院,206,9,9,486,189868
2025,13242,武汉工商学院,208,17,17,482,197423
2025,13242,武汉工商学院,209,4,4,490,182574
2025,13246,长江大学文理学院,205,3,3,490,183284
2025,13247,湖北商贸学院,207,5,5,479,203345
2025,13247,湖北商贸学院,208,5,5,483,196198
2025,13249,湖北医药学院药护学院,202,8,8,493,177119
2025,13250,湖北恩施学院,207,5,5,479,203075
2025,13250,湖北恩施学院,208,6,6,516,135431
2025,13251,湖北经济学院法商学院,204,8,8,482,196860
2025,13253,武汉体育学院体育科技学院,206,2,2,473,214383
2025,13256,湖北师范大学文理学院,207,6,6,481,198436
2025,13256,湖北师范大学文理学院,208,6,6,486,190777
2025,13257,湖北文理学院理工学院,204,2,2,491,181241
2025,13257,湖北文理学院理工学院,205,10,10,488,185854
2025,13262,文华学院,206,11,11,484,194590
2025,13275,浙江工业大学之江学院,206,10,10,486,190326
2025,13276,浙江师范大学行知学院,202,2,2,494,175097
2025,13277,宁波大学科学技术学院,203,25,25,472,215277
2025,13277,宁波大学科学技术学院,204,5,5,483,196433
2025,13279,教杭州电子科技大学信息工程学院,203,2,2,499,166579
2025,13279,杭州电子科技大学信息工程学院,204,10,10,510,145886
2025,13283,浙江农林大学暨阳学院,207,2,2,489,184462
2025,13283,浙江农林大学暨阳学院,208,14,14,467,224193
2025,13283,省浙江农林大学暨阳学院,209,6,6,471,217599
2025,13283,浙江农林大学暨阳学院,210,2,2,470,218044
2025,13289,温州理工学院,203,9,9,536,102502
2025,13289,温州理工学院,204,6,6,538,98550
2025,13290,东浙江工商大学杭州商学院,208,3,3,494,175970
2025,13290,浙江工商大学杭州商学院,209,17,17,486,190121
2025,13290,浙江工商大学杭州商学院,210,10,10,484,193321
2025,13291,嘉兴南湖学院,202,2,2,526,118266
2025,13292,广中国计量大学现代科技学院,203,2,2,487,187786
2025,13292,中国计量大学现代科技学院,204,8,8,491,181817
2025,13296,黑龙江外国语学院,203,18,11,438,273255
2025,13296,黑龙江外国语学院,204,37,7,439,271794
2025,13296,黑龙江外国语学院,205,5,3,440,270217
2025,13296,黑龙江外国语学院,206,10,8,441,268096
2025,13300,黑龙江工商学院,205,15,13,436,275653
2025,13300,黑龙江工商学院,206,15,15,453,248473
2025,13301,哈尔滨远东理工学院,202,40,40,449,254245
2025,13307,哈尔滨华德学院,205,2,2,475,210169
2025,13307,哈尔滨华德学院,206,28,28,455,244506
2025,13324,山东协和学院,208,8,8,477,206180
2025,13324,山东协和学院,209,18,18,473,213107
2025,13324,山东协和学院,210,7,7,480,201688
2025,13324,山东协和学院,211,2,2,535,103807
2025,13326,滇池学院,209,1,1,496,172674
2025,13326,滇池学院,210,3,3,490,182622
2025,13326,滇池学院,211,6,6,481,199070
2025,13328,丽江文化旅游学院,209,2,2,484,193972
2025,13328,丽江文化旅游学院,210,8,8,473,213977
2025,13330,昆明城市学院,211,2,2,488,185916
2025,13330,昆明城市学院,212,5,5,481,199165
2025,13332,昆明医科大学海源学院,204,23,23,513,140882
2025,13359,烟台理工学院,204,4,4,477,205508
2025,13378,青岛城市学院,205,4,4,468,221865
2025,13378,青岛城市学院,206,5,5,475,210762
2025,13386,山东石油化工学院,205,2,2,491,181033
2025,13386,山东石油化工学院,206,11,11,507,151580
2025,13402,河北外国语学院,205,4,4,466,225963
2025,13402,河北外国语学院,206,2,2,467,224859
2025,13408,华北理工大学轻工学院,204,5,5,480,201637
2025,13415,河北医科大学临床学院,206,6,6,484,193570
2025,13415,河北医科大学临床学院,207,4,4,526,119502
2025,13415,河北医科大学临床学院,208,2,2,493,178314
2025,13418,江西服装学院,209,15,15,467,224579
2025,13418,江西服装学院,210,26,26,466,226311
2025,13420,南昌职业大学,210,46,46,471,216492
2025,13421,南昌工学院,206,2,2,471,217535
2025,13421,南昌工学院,207,6,6,483,195008
2025,13429,南昌大学科学技术学院,205,18,18,488,186544
2025,13429,南昌大学科学技术学院,206,20,20,493,178087
2025,13431,教南昌交通学院,212,11,11,486,190647
2025,13432,赣东学院,207,2,2,498,168234
2025,13432,赣东学院,208,5,5,504,157002
2025,13433,南昌航空大学科技学院,214,3,3,488,186221
2025,13433,省南昌航空大学科技学院,215,2,2,490,183239
2025,13433,南昌航空大学科技学院,216,45,45,491,181397
2025,13433,南昌航空大学科技学院,217,13,13,491,181330
2025,13434,赣南科技学院,212,2,2,505,156589
2025,13434,东赣南科技学院,213,2,2,501,163500
2025,13434,赣南科技学院,214,8,8,501,162437
2025,13434,赣南科技学院,215,2,2,503,159165
2025,13434,赣南科技学院,216,4,4,510,146860
2025,13436,广江西农业大学南昌商学院,215,1,1,494,176562
2025,13436,江西农业大学南昌商学院,216,9,9,487,188915
2025,13436,江西农业大学南昌商学院,217,4,4,491,180267
2025,13436,江西农业大学南昌商学院,218,8,8,490,182804
2025,13436,江西农业大学南昌商学院,219,1,1,481,198409
2025,13437,南昌医学院,208,2,2,510,147162
2025,13437,南昌医学院,209,8,8,514,140162
2025,13437,南昌医学院,210,20,20,505,156321
2025,13437,南昌医学院,211,5,5,555,74397
2025,13437,南昌医学院,212,3,3,560,67868
2025,13437,南昌医学院,213,2,2,524,123052
2025,13437,南昌医学院,214,4,4,538,98920
2025,13437,南昌医学院,215,8,8,511,144229
2025,13437,南昌医学院,216,8,8,542,92711
2025,13438,江西师范大学科学技术学院,209,4,4,493,177459
2025,13438,江西师范大学科学技术学院,210,4,4,492,179144
2025,13438,江西师范大学科学技术学院,211,6,6,492,178712
2025,13439,赣南师范大学科技学院,219,1,1,503,158749
2025,13439,赣南师范大学科技学院,220,5,5,494,176206
2025,13439,赣南师范大学科技学院,221,4,4,492,179164
2025,13439,赣南师范大学科技学院,222,12,12,493,178031
2025,13439,赣南师范大学科技学院,223,3,3,495,174639
2025,13440,南昌应用技术师范学院,209,12,12,484,193484
2025,13441,江西财经大学现代经济管理学院,209,1,1,490,182724
2025,13441,江西财经大学现代经济管理学院,210,28,28,488,187105
2025,13441,江西财经大学现代经济管理学院,211,9,9,489,185143
2025,13441,江西财经大学现代经济管理学院(联合培养),213,6,6,449,253918
2025,13468,阳光学院,206,3,3,472,214770
2025,13468,阳光学院(中外合作办学),207,10,5,438,271986
2025,13468,阳光学院,208,8,8,473,213827
2025,13469,厦门大学嘉庚学院,211,3,3,499,166809
2025,13469,厦门大学嘉庚学院,212,40,40,490,182137
2025,13469,厦门大学嘉庚学院,213,38,38,494,175171
2025,13470,福州大学至诚学院,208,5,5,489,184656
2025,13470,福州大学至诚学院,209,32,32,488,186493
2025,13470,福州大学至诚学院,210,11,11,487,188329
2025,13471,集美大学诚毅学院,209,7,7,492,178776
2025,13471,集美大学诚毅学院,210,16,16,493,177021
2025,13472,福建师范大学协和学院,204,3,3,478,204877
2025,13472,福建师范大学协和学院,205,1,1,488,186389
2025,13497,郑州财经学院,205,15,15,484,194450
2025,13497,教郑州财经学院,206,19,19,486,191022
2025,13500,商丘工学院,202,10,10,479,202179
2025,13501,河南开封科技传媒学院,202,8,8,478,203869
2025,13503,信阳学院,204,2,2,496,171623
2025,13505,省豫北医学院,203,3,3,490,183598
2025,13505,豫北医学院,204,2,2,517,135096
2025,13511,兰州工商学院,204,2,2,455,245285
2025,13514,兰州博文科技学院,204,7,7,467,223409
2025,13524,东北海艺术设计学院,208,9,9,470,218758
2025,13534,山西工学院,202,5,5,503,159883
2025,13537,山西电子科技学院,203,9,9,501,163548
2025,13537,山西电子科技学院,204,2,2,502,161631
2025,13538,广山西晋中理工学院,204,12,12,481,198269
2025,13558,新疆理工学院,211,9,9,486,190318
2025,13558,新疆理工学院,212,11,11,484,193342
2025,13558,新疆理工学院,213,64,64,486,190187
2025,13558,新疆理工学院,214,12,12,486,190638
2025,13560,新疆第二医学院,206,1,1,529,114438
2025,13560,新疆第二医学院,207,35,35,468,222638
2025,13560,新疆第二医学院,208,2,2,487,187656
2025,13561,新疆科技学院,207,15,15,486,189784
2025,13561,新疆科技学院,208,23,23,485,192583
2025,13561,新疆科技学院,209,10,10,490,183639
2025,13561,新疆科技学院,210,5,5,485,191590
2025,13571,无锡太湖学院,206,35,35,470,219371
2025,13571,无锡太湖学院,207,37,37,466,225913
2025,13571,无锡太湖学院,208,17,17,463,230893
2025,13578,河北工程大学科信学院,205,3,3,484,192944
2025,13578,河北工程大学科信学院,206,21,21,487,189341
2025,13579,中国矿业大学徐海学院,207,7,7,482,198237
2025,13579,中国矿业大学徐海学院,208,14,14,480,200540
2025,13588,重庆外语外事学院,207,4,4,493,178252
2025,13588,重庆外语外事学院,208,9,9,478,204892
2025,13589,重庆对外经贸学院,207,6,6,487,189360
2025,13589,重庆对外经贸学院,208,14,14,483,194979
2025,13590,重庆财经学院,207,10,10,494,175042
2025,13590,重庆财经学院,208,2,2,501,163636
2025,13593,石家庄铁道大学四方学院,205,3,3,489,185007
2025,13593,石家庄铁道大学四方学院,206,10,10,487,187873
2025,13594,河北地质大学华信学院,205,6,6,479,202569
2025,13594,河北地质大学华信学院,206,6,6,457,240853
2025,13597,山西科技学院,205,2,2,510,146073
2025,13597,山西科技学院,206,1,1,512,142799
2025,13602,长春电子科技学院,204,8,8,472,214670
2025,13603,长春财经学院,204,8,8,461,235536
2025,13604,吉林建筑科技学院,203,6,6,461,235521
2025,13604,吉林建筑科技学院,204,4,4,443,264023
2025,13606,长春科技学院,203,20,20,470,218497
2025,13606,长春科技学院,204,10,10,466,225664
2025,13609,辽宁中医药大学杏林学院,202,20,20,497,170698
2025,13610,辽宁何氏医学院,202,20,20,486,189837
2025,13611,蚌埠工商学院,204,4,4,486,190644
2025,13613,安徽信息工程学院,202,5,5,473,212720
2025,13614,教马鞍山学院,204,13,13,478,203901
2025,13615,合肥城市学院,204,12,12,474,211665
2025,13618,安徽医科大学临床医学院,202,30,30,473,212799
2025,13619,阜阳理工学院,202,5,5,489,184989
2025,13622,省吉林师范大学博达学院,208,7,7,474,211604
2025,13625,昆明文理学院,210,8,8,469,220531
2025,13625,昆明文理学院,211,9,9,477,205865
2025,13626,昆明理工大学津桥学院,209,9,9,470,218603
2025,13626,东昆明理工大学津桥学院,210,5,5,463,230409
2025,13626,昆明理工大学津桥学院,211,6,6,470,219304
2025,13626,昆明理工大学津桥学院,212,21,21,477,205481
2025,13627,重庆移通学院,205,3,3,491,181886
2025,13627,广重庆移通学院,206,13,13,494,176135
2025,13628,新疆政法学院,211,3,3,496,172992
2025,13628,新疆政法学院,212,7,7,515,137716
2025,13628,新疆政法学院,213,7,7,490,183224
2025,13628,新疆政法学院,214,8,8,496,171361
2025,13631,大连东软信息学院,203,8,8,453,248815
2025,13631,大连东软信息学院,204,25,25,465,227240
2025,13632,上海视觉艺术学院,212,2,2,511,145560
2025,13634,武汉学院,205,16,16,484,193918
2025,13636,上海外国语大学贤达经济人文学院,204,2,2,469,220675
2025,13639,柳州工学院,205,45,45,462,233542
2025,13640,广西民族大学相思湖学院,205,40,40,467,225011
2025,13640,广西民族大学相思湖学院,206,6,6,485,191882
2025,13641,桂林学院,207,8,8,485,191481
2025,13641,桂林学院,208,15,15,487,188979
2025,13642,南宁师范大学师园学院,205,3,3,497,170841
2025,13642,南宁师范大学师园学院,206,9,9,491,180446
2025,13643,广西中医药大学赛恩斯新医药学院,206,126,126,506,154450
2025,13643,广西中医药大学赛恩斯新医药学院,207,44,44,492,179763
2025,13643,广西中医药大学赛恩斯新医药学院,208,28,28,489,183962
2025,13644,桂林信息科技学院,210,4,4,481,199418
2025,13644,桂林信息科技学院,211,28,28,472,214791
2025,13644,桂林信息科技学院,212,78,78,477,206427
2025,13645,南宁理工学院,208,12,12,478,204968
2025,13645,南宁理工学院,209,16,16,482,197424
2025,13647,贵州中医药大学时珍学院,202,20,20,487,188687
2025,13650,贵阳信息科技学院,205,15,15,476,209017
2025,13650,贵阳信息科技学院,206,22,22,480,201038
2025,13651,贵阳人文科技学院,206,2,2,482,197821
2025,13651,贵阳人文科技学院,207,4,4,479,201948
2025,13653,遵义医科大学医学与科技学院,202,10,10,521,128083
2025,13654,南京理工大学紫金学院,205,42,42,487,188749
2025,13654,南京理工大学紫金学院,206,144,144,484,193111
2025,13655,南京航空航天大学金城学院,214,2,2,484,193273
2025,13655,南京航空航天大学金城学院,215,19,19,485,192131
2025,13655,南京航空航天大学金城学院,216,2,2,498,168001
2025,13656,广州华立学院,201,59,59,443,264467
2025,13656,广州华立学院,202,39,33,436,276435
2025,13656,广州华立学院(联合培养),203,16,5,439,271729
2025,13656,广州华立学院,204,562,562,439,270732
2025,13656,广州华立学院,205,1084,194,436,276575
2025,13656,教广州华立学院,206,448,52,436,275914
2025,13656,广州华立学院,207,1673,457,436,276499
2025,13657,广州应用科技学院,213,730,730,438,272353
2025,13657,广州应用科技学院,214,570,570,438,272247
2025,13657,省广州应用科技学院,215,100,100,471,216301
2025,13657,广州应用科技学院,216,100,100,459,237613
2025,13657,广州应用科技学院,217,70,62,436,276376
2025,13657,广州应用科技学院,218,240,224,436,276160
2025,13657,东广州应用科技学院,219,155,77,436,276530
2025,13657,广州应用科技学院,220,120,60,436,276450
2025,13657,广州应用科技学院,221,220,38,436,276583
2025,13657,广州应用科技学院(校企联合培养),222,300,103,436,276345
2025,13657,广广州应用科技学院,223,400,179,436,276531
2025,13657,广州应用科技学院,224,300,76,436,276423
2025,13657,广州应用科技学院(联合培养),225,160,42,436,275792
2025,13657,广州应用科技学院(联合培养),226,125,59,438,273101
2025,13660,天津商业大学宝德学院,216,1,1,493,177545
2025,13660,天津商业大学宝德学院,217,1,1,474,212332
2025,13660,天津商业大学宝德学院,218,1,1,479,203557
2025,13660,天津商业大学宝德学院,219,4,4,478,204857
2025,13661,天津医科大学临床医学院,206,1,1,506,153805
2025,13661,天津医科大学临床医学院,207,18,18,481,199820
2025,13661,天津医科大学临床医学院,208,6,6,525,120588
2025,13662,长春人文学院,207,2,2,479,202804
2025,13662,长春人文学院,208,2,2,460,235788
2025,13665,电子科技大学成都学院,208,2,2,493,177932
2025,13665,电子科技大学成都学院,209,34,34,493,177134
2025,13666,武汉华夏理工学院,206,2,2,493,176928
2025,13666,武汉华夏理工学院,207,13,13,482,197440
2025,13667,广州商学院,204,1679,1679,462,232927
2025,13667,广州商学院,205,1307,1307,463,230853
2025,13667,广州商学院(中外合作办学),206,60,60,445,261519
2025,13667,广州商学院(联合培养),207,90,90,437,273799
2025,13667,广州商学院,208,174,174,458,240270
2025,13668,成都理工大学工程技术学院,204,20,20,488,185992
2025,13669,四川传媒学院,215,8,8,488,187010
2025,13669,四川传媒学院,216,20,20,490,183362
2025,13669,四川传媒学院,218,11,11,489,184303
2025,13670,成都银杏酒店管理学院,205,4,4,475,209694
2025,13670,成都银杏酒店管理学院,206,5,5,478,205349
2025,13673,成都外国语学院,205,27,27,479,203541
2025,13677,西安交通大学城市学院,202,4,4,495,173720
2025,13678,西北大学现代学院,210,4,4,473,213456
2025,13679,西安建筑科技大学华清学院,202,10,10,464,228623
2025,13682,西安工商学院,205,2,2,472,215501
2025,13682,西安工商学院,206,6,6,471,216740
2025,13684,珠海科技学院,208,1002,1002,494,175423
2025,13684,珠海科技学院,209,1975,1975,497,171162
2025,13684,珠海科技学院,210,51,51,494,175332
2025,13686,武汉传媒学院,214,10,10,474,212206
2025,13686,武汉传媒学院,215,8,8,485,192642
2025,13687,南京传媒学院,215,22,22,488,187114
2025,13705,成都医学院,202,20,20,549,81723
2025,13714,教广州工商学院,211,1697,961,436,276582
2025,13714,广州工商学院,212,1428,871,436,276436
2025,13714,广州工商学院,213,336,59,436,276071
2025,13714,广州工商学院,214,290,32,436,276341
2025,13714,省广州工商学院,215,96,19,437,274784
2025,13714,广州工商学院(国际班),216,46,30,436,276515
2025,13714,广州工商学院,217,62,31,436,276431
2025,13714,广州工商学院,218,108,26,436,276568
2025,13714,东广州工商学院,219,108,11,436,276536
2025,13714,广州工商学院,220,80,24,436,276050
2025,13714,广州工商学院,221,120,9,436,275896
2025,13714,广州工商学院,222,15,11,436,276353
2025,13714,广广州工商学院(中外合作办学-联合培养),223,96,9,437,273885
2025,13717,广州科技职业技术大学,203,2520,2520,436,276185
2025,13717,广州科技职业技术大学(校企联合培养),208,200,200,443,265331
2025,13717,广州科技职业技术大学(校企联合培养),210,20,20,444,262540
2025,13719,广东科技学院,205,1545,598,436,276571
2025,13719,广东科技学院,206,1303,1303,449,254929
2025,13719,广东科技学院,207,500,500,436,276393
2025,13719,广东科技学院(联合培养),208,15,4,444,263851
2025,13719,广东科技学院(联合培养),209,15,5,437,275032
2025,13719,广东科技学院(联合培养),210,60,60,466,226716
2025,13719,广东科技学院,211,60,60,444,263887
2025,13720,广东理工学院,204,1670,359,436,276564
2025,13720,广东理工学院,205,60,12,437,275027
2025,13720,广东理工学院,206,2678,1410,436,276488
2025,13720,广东理工学院,207,60,20,437,273804
2025,13720,广东理工学院,208,180,43,436,276324
2025,13720,广东理工学院,209,1095,153,436,276541
2025,13721,广东工商职业技术大学,201,2015,518,436,276580
2025,13721,广东工商职业技术大学,202,70,55,436,276500
2025,13721,广东工商职业技术大学,209,371,90,436,276489
2025,13721,广东工商职业技术大学,210,50,19,437,274743
2025,13721,广东工商职业技术大学,211,50,33,436,275659
2025,13727,新疆天山职业技术大学,204,65,65,455,245352
2025,13744,黑河学院,209,3,3,497,170850
2025,13744,黑河学院,210,6,6,494,176606
2025,13744,黑河学院,211,3,3,492,178427
2025,13744,黑河学院,212,2,2,491,180482
2025,13762,福州外语外贸学院,207,16,16,458,240398
2025,13762,福州外语外贸学院,208,6,6,466,225268
2025,13763,福建江夏学院,204,6,6,518,132080
2025,13766,泉州信息工程学院(联合培养),208,4,4,448,256464
2025,13766,泉州信息工程学院,209,4,4,470,218804
2025,13766,泉州信息工程学院(中外合作办学),210,15,6,442,266580
2025,13766,泉州信息工程学院,211,8,8,478,203719
2025,13773,福州理工学院,203,3,3,456,242809
2025,13773,福州理工学院,204,12,12,454,246688
2025,13774,豫章师范学院(学分互认),213,2,2,500,164502
2025,13774,豫章师范学院(学分互认),214,2,2,492,179343
2025,13776,江西软件职业技术大学,206,36,36,463,231595
2025,13806,长沙师范学院,205,1,1,527,117760
2025,13806,长沙师范学院,206,1,1,528,115482
2025,13809,教湖南应用技术学院,206,2,2,489,185314
2025,13810,肇庆医学院,201,210,210,530,111609
2025,13810,肇庆医学院,202,485,485,497,169391
2025,13810,肇庆医学院,203,370,370,499,165670
2025,13810,省肇庆医学院,204,307,307,496,172953
2025,13811,琼台师范学院,215,4,4,502,161406
2025,13811,琼台师范学院(中外合作办学),216,2,2,453,248056
2025,13811,琼台师范学院,217,4,4,497,169609
2025,13816,东四川工业科技学院,204,11,11,483,195107
2025,13830,广西外国语学院,207,14,14,470,219687
2025,13830,广西外国语学院,208,12,12,466,226455
2025,13842,南京理工大学泰州科技学院,203,10,10,480,200492
2025,13842,广南京理工大学泰州科技学院,204,40,40,482,197461
2025,13844,东莞城市学院(联合培养),212,46,24,436,275663
2025,13844,东莞城市学院(联合培养),213,32,13,436,276398
2025,13844,东莞城市学院,214,56,56,456,243743
2025,13844,东莞城市学院,215,686,686,440,269938
2025,13844,东莞城市学院,216,165,132,436,276512
2025,13844,东莞城市学院,217,315,315,445,261092
2025,13844,东莞城市学院,218,1128,1128,445,261312
2025,13892,三亚学院,219,3,3,455,245345
2025,13892,三亚学院,220,12,12,454,245788
2025,13892,三亚学院(中外合作办学),221,2,2,441,268222
2025,13892,三亚学院,222,31,31,457,241333
2025,13892,三亚学院,223,5,5,447,258691
2025,13892,三亚学院,224,2,2,449,254798
2025,13893,上海师范大学天华学院,203,3,3,484,194402
2025,13893,上海师范大学天华学院,204,10,10,463,231890
2025,13894,西安明德理工学院,205,2,2,474,212340
2025,13894,西安明德理工学院,206,3,3,479,202609
2025,13897,天津理工大学中环信息学院,205,1,1,490,183711
2025,13897,天津理工大学中环信息学院,206,16,16,483,195991
2025,13898,北京科技大学天津学院,212,6,6,482,197022
2025,13898,北京科技大学天津学院,213,10,10,483,195029
2025,13898,北京科技大学天津学院,214,2,2,492,179271
2025,13899,北京中医药大学东方学院,211,1,1,495,174699
2025,13899,北京中医药大学东方学院,212,6,6,521,128060
2025,13899,北京中医药大学东方学院,213,14,14,487,188509
2025,13899,北京中医药大学东方学院,214,1,1,492,179429
2025,13902,广州新华学院,203,1240,1240,472,214736
2025,13902,广州新华学院,204,542,542,478,204871
2025,13902,广州新华学院,205,52,52,481,199335
2025,13902,广州新华学院,206,721,721,483,194795
2025,13903,成都锦城学院,208,10,10,491,181954
2025,13903,成都锦城学院,209,26,26,490,182460
2025,13905,南京工业大学浦江学院,205,17,17,479,202703
2025,13905,南京工业大学浦江学院,206,55,55,481,198774
2025,13906,南京师范大学中北学院,207,8,8,487,189159
2025,13906,南京师范大学中北学院,208,4,4,491,181619
2025,13906,南京师范大学中北学院,209,6,6,482,196486
2025,13920,广西城市职业大学,205,130,130,462,232433
2025,13924,湖南交通工程学院,206,2,2,478,205121
2025,13924,湖南交通工程学院,207,10,10,477,206598
2025,13924,教湖南交通工程学院,208,4,4,475,209616
2025,13925,湖南软件职业技术大学,202,6,6,477,205554
2025,13937,湖南汽车工程职业大学,202,4,4,502,160887
2025,13957,辽宁传媒学院,205,10,10,443,264781
2025,13980,省南京医科大学康达学院,211,7,7,486,190238
2025,13980,南京医科大学康达学院,212,3,3,487,187832
2025,13980,南京医科大学康达学院,213,40,40,494,175535
2025,13980,南京医科大学康达学院,214,2,2,491,180424
2025,13982,东无锡学院,209,4,4,535,103736
2025,13982,无锡学院,210,28,28,542,93707
2025,13982,无锡学院,211,3,3,539,97229
2025,13982,无锡学院(中外合作办学),212,6,6,523,123823
2025,13983,广苏州城市学院,206,20,20,535,103876
2025,13984,苏州大学应用技术学院,205,7,7,477,206385
2025,13984,苏州大学应用技术学院,206,16,16,486,190469
2025,13985,苏州科技大学天平学院,203,4,4,484,193623
2025,13985,苏州科技大学天平学院,204,2,2,493,177553
2025,13986,江苏大学京江学院,205,5,5,487,189147
2025,13986,江苏大学京江学院,206,67,67,480,200706
2025,13987,扬州大学广陵学院,208,9,9,482,196582
2025,13987,扬州大学广陵学院,209,41,41,484,193896
2025,13987,扬州大学广陵学院,210,2,2,489,185604
2025,13988,江苏师范大学科文学院,209,4,4,487,189018
2025,13988,江苏师范大学科文学院,210,14,14,478,205120
2025,13988,江苏师范大学科文学院,211,10,10,482,197699
2025,13989,南京邮电大学通达学院,203,23,23,480,201617
2025,13989,南京邮电大学通达学院,204,63,63,484,194051
2025,13990,南京财经大学红山学院,204,16,16,482,197131
2025,13991,江苏科技大学苏州理工学院,205,6,6,484,194055
2025,13991,江苏科技大学苏州理工学院,206,16,16,488,186482
2025,13992,常州大学怀德学院,205,24,24,480,201181
2025,13992,常州大学怀德学院,206,10,10,479,203154
2025,13993,南通大学杏林学院,203,18,18,480,201049
2025,13993,南通大学杏林学院,204,26,26,477,207179
2025,13994,南京审计大学金审学院,208,55,55,480,201450
2025,13994,南京审计大学金审学院,210,15,15,483,195591
2025,13995,青岛工学院,209,2,2,482,198132
2025,13995,青岛工学院,210,2,2,481,199722
2025,13995,青岛工学院,211,11,11,476,208727
2025,13995,青岛工学院,212,7,7,472,214641
2025,13998,齐鲁理工学院,203,12,12,471,217595
2025,13998,齐鲁理工学院,204,18,18,466,225645
2025,14002,烟台科技学院,204,10,10,474,210873
2025,14030,西安信息职业大学,202,10,10,477,206355
2025,14037,西南财经大学天府学院,204,13,13,485,191768
2025,14038,天津仁爱学院,211,16,16,441,268652
2025,14038,天津仁爱学院,212,39,39,448,256983
2025,14038,天津仁爱学院,213,7,7,463,231785
2025,14039,四川大学锦江学院,216,7,7,486,190664
2025,14039,四川大学锦江学院,217,6,6,488,185810
2025,14039,四川大学锦江学院,218,1,1,494,176265
2025,14042,西安科技大学高新学院(国际班),206,2,2,460,237251
2025,14042,西安科技大学高新学院(中外合作办学),207,3,3,476,207958
2025,14043,教四川文化艺术学院,214,2,2,479,202006
2025,14046,福建农林大学金山学院(中外合作办学),204,3,3,450,253834
2025,14087,天津财经大学珠江学院,204,14,14,479,202640
2025,14099,湖北第二师范学院,207,3,3,527,116953
2025,14099,省湖北第二师范学院(中外合作办学),208,4,4,510,145923
2025,14101,太原工业学院,204,2,2,493,177979
2025,14101,太原工业学院,205,22,22,499,166139
2025,14139,民政职业大学,208,4,4,508,149819
2025,14139,东民政职业大学,209,1,1,520,129172
2025,14139,民政职业大学,210,7,7,514,139327
2025,14160,宿迁学院,206,3,3,504,158321
2025,14160,宿迁学院,207,13,13,502,160339
2025,14160,广宿迁学院,208,5,5,501,162888
2025,14172,海南科技职业大学,204,5,5,467,223741
2025,14202,沧州交通学院,209,2,2,481,198829
2025,14202,沧州交通学院,210,8,8,478,204704
2025,14202,沧州交通学院,211,10,10,479,203035
2025,14202,沧州交通学院,212,5,5,478,205363
2025,14203,皖江工学院,202,5,5,480,200067
2025,14207,上海财经大学浙江学院,205,8,8,490,183367
2025,14207,上海财经大学浙江学院,206,4,4,493,178241
2025,14223,贵州师范学院,204,2,2,509,147690
2025,14225,河北东方学院,207,2,2,475,210085
2025,14225,河北东方学院,208,3,3,477,205438
2025,14225,河北东方学院,209,4,4,472,214668
2025,14225,河北东方学院,210,5,5,479,203466
2025,14226,运城职业技术大学,207,16,16,471,217838
2025,14226,运城职业技术大学,208,1,1,489,185453
2025,14262,西南交通大学希望学院,202,6,6,487,188089
2025,14276,齐鲁师范学院,203,5,5,496,172914
2025,14276,齐鲁师范学院(中外合作办学),204,5,5,482,196673
2025,14277,山东青年政治学院,205,5,5,508,150304
2025,14277,山东青年政治学院,206,5,5,497,171002
2025,14278,广东第二师范学院,201,296,296,518,132810
2025,14278,广东第二师范学院,202,105,105,534,105965
2025,14278,广东第二师范学院,203,71,71,522,125871
2025,14278,广东第二师范学院,204,53,53,515,137924
2025,14278,广东第二师范学院,205,76,76,545,88803
2025,14278,广东第二师范学院,206,318,318,534,104847
2025,14278,广东第二师范学院,207,245,245,536,101899
2025,14278,广东第二师范学院,208,51,51,519,130274
2025,14278,广东第二师范学院,209,45,45,541,94154
2025,14278,广东第二师范学院,210,360,360,518,132601
2025,14278,广东第二师范学院,215,30,30,515,137587
2025,14278,广东第二师范学院(学分互认),226,15,15,518,133226
2025,14278,广东第二师范学院(学分互认),227,15,15,503,158533
2025,14278,广东第二师范学院(学分互认),228,15,15,505,156379
2025,14278,广东第二师范学院(学分互认),229,15,15,472,215514
2025,14278,广东第二师范学院(学分互认),230,15,15,466,226180
2025,14325,南方科技大学,201,22,22,652,3232
2025,14325,南方科技大学(中外合作办学),202,16,16,619,14438
2025,14327,青岛电影学院,211,5,5,436,275540
2025,14389,成都师范学院,211,1,1,543,91241
2025,14389,教成都师范学院,212,1,1,517,134078
2025,14389,成都师范学院,213,8,8,525,120195
2025,14389,成都师范学院,214,2,2,510,146159
2025,14410,四川电影电视学院,214,16,16,481,200017
2025,14410,省四川电影电视学院,215,1,1,491,181383
2025,14430,中国科学院大学,202,18,18,677,505
2025,14432,河北中医药大学,203,2,2,576,48035
2025,14432,河北中医药大学,204,8,8,546,86426
2025,14432,东河北中医药大学,205,3,3,546,87374
2025,14432,河北中医药大学,206,4,4,518,132242
2025,14432,河北中医药大学,207,2,2,521,127890
2025,14434,山西传媒学院,209,5,5,492,179122
2025,14434,广山西传媒学院,210,2,2,505,155606
2025,14437,南昌师范学院,211,2,2,508,150900
2025,14437,南昌师范学院,212,2,2,498,168174
2025,14437,南昌师范学院,213,4,4,508,150719
2025,14437,南昌师范学院,214,2,2,514,139920
2025,14440,贵州理工学院,202,4,4,521,127494
2025,14440,贵州理工学院,203,2,2,518,131807
2025,14440,贵州理工学院,204,2,2,514,139807
2025,14527,山西工程技术学院,205,4,4,490,183254
2025,14527,山西工程技术学院,206,24,24,495,174316
2025,14596,中国社会科学院大学,208,4,4,613,17720
2025,14623,滇西应用技术大学,204,8,8,500,165156
2025,14623,滇西应用技术大学,205,2,2,499,166653
2025,14625,茅台学院,204,2,2,493,177886
2025,14625,茅台学院,205,2,2,507,151909
2025,14625,茅台学院,206,2,2,496,171356
2025,14625,茅台学院,207,2,2,494,176354
2025,14625,茅台学院,208,2,2,494,174907
2025,14654,郑州西亚斯学院(中外合作办学),208,31,13,438,273474
2025,14654,郑州西亚斯学院,209,8,8,490,182422
2025,14655,深圳技术大学,201,581,581,580,44470
2025,14655,深圳技术大学,202,924,924,584,40017
2025,14655,深圳技术大学,203,743,743,590,34418
2025,14829,海南比勒费尔德应用科学大学(中外合作办学),204,26,27,469,221220
2025,14829,海南比勒费尔德应用科学大学(中外合作办学),205,13,15,481,198832
2025,14829,海南比勒费尔德应用科学大学(中外合作办学),206,13,15,485,191622
2025,14830,重庆中医药学院,204,12,12,557,71246
2025,14851,香港城市大学(东莞)(内地香港合作办学),201,62,62,616,16184
2025,14880,深圳理工大学,201,206,206,629,10163
2025,14881,青海理工学院,203,4,4,492,179952
2025,14881,青海理工学院,204,10,10,497,170102
2025,14881,青海理工学院,205,2,2,503,159665
2025,14942,大湾区大学,201,80,80,622,13266
2025,16202,河北石油职业技术大学,204,30,30,495,174490
2025,16203,河北科技工程职业技术大学,205,17,17,500,163923
2025,16203,河北科技工程职业技术大学,206,3,3,495,174257
2025,16204,河北工业职业技术大学,205,4,4,497,171165
2025,16204,河北工业职业技术大学,206,6,6,501,163706
2025,16204,河北工业职业技术大学,207,5,5,493,178359
2025,16204,河北工业职业技术大学,208,2,2,493,177584
2025,16204,河北工业职业技术大学,209,6,6,493,178096
2025,16205,教广西农业职业技术大学,204,33,33,501,162532
2025,16206,贵阳康养职业大学,205,5,5,507,151947
2025,16206,贵阳康养职业大学,206,6,6,499,166763
2025,16208,兰州资源环境职业技术大学,203,7,7,493,177118
2025,16208,省兰州资源环境职业技术大学,204,5,5,496,171432
2025,16209,兰州石化职业技术大学,202,5,5,495,173461
2025,16301,宁波诺丁汉大学(中外合作办学),207,13,13,580,44194
2025,16301,宁波诺丁汉大学(中外合作办学),208,29,29,587,36964
2025,16302,东西交利物浦大学(中外合作办学),205,3,3,606,22672
2025,16302,西交利物浦大学(中外合作办学),206,13,13,601,25904
2025,16401,北师香港浸会大学(内地香港合作办学),202,12,12,582,42491
2025,16401,北师香港浸会大学(内地香港合作办学),203,29,29,589,35286
2025,16405,广温州肯恩大学(中外合作办学),205,23,23,537,100086
2025,16405,温州肯恩大学(中外合作办学),206,15,15,539,97041
2025,16409,深圳北理莫斯科大学(中外合作办学),201,47,47,557,71348
2025,16409,深圳北理莫斯科大学(中外合作办学),202,3,3,575,49167
2025,16409,深圳北理莫斯科大学(中外合作办学),203,65,65,565,61023
2025,16410,广东以色列理工学院(中外合作办学),201,378,378,539,96842
2025,18213,哈尔滨工业大学(深圳),203,332,332,662,1730
2025,18213,哈尔滨工业大学(深圳)(中外合作办学),204,13,13,646,4592
2025,19001,北京大学医学部,206,14,14,676,512
2025,19001,北京大学医学部,207,13,13,672,836
2025,19001,北京大学医学部,208,1,1,672,810
2025,19001,北京大学医学部,209,6,6,661,1931
2025,19002,中国人民大学(苏州校区)(中外合作办学),205,9,9,635,7729
2025,19002,中国人民大学(苏州校区)(中外合作办学),206,1,1,654,3035
2025,19004,北京交通大学(威海校区)(中外合作办学),206,4,4,595,30841
2025,19004,北京交通大学(威海校区)(中外合作办学),207,8,8,609,20561
2025,19004,北京交通大学(威海校区)(中外合作办学),208,6,6,570,54578
2025,19027,北京师范大学(珠海校区),210,14,14,625,11765
2025,19027,北京师范大学(珠海校区),211,292,292,621,13642
2025,19141,大连理工大学(盘锦校区),205,8,8,607,21627
2025,19141,大连理工大学(盘锦校区),206,9,9,615,16919
2025,19141,大连理工大学(盘锦校区)(中外合作办学),207,14,14,597,28802
2025,19145,东北大学秦皇岛分校,210,11,11,600,26323
2025,19145,东北大学秦皇岛分校,211,54,54,608,20873
2025,19145,东北大学秦皇岛分校,212,8,8,619,14872
2025,19145,东北大学秦皇岛分校(中外合作办学),213,14,14,604,23779
2025,19145,东北大学秦皇岛分校(中外合作办学),214,4,4,613,18017
2025,19213,哈尔滨工业大学(威海),203,10,10,652,3333
2025,19213,哈尔滨工业大学(威海)(中外合作办学),204,3,3,617,15904
2025,19213,哈尔滨工业大学(威海)(中外合作办学),205,5,5,621,13767
2025,19213,哈尔滨工业大学(威海),206,5,5,647,4322
2025,19246,复旦大学医学院,202,3,3,682,293
2025,19246,复旦大学医学院,203,24,24,661,1935
2025,19248,上海交通大学医学院,202,3,3,677,504
2025,19248,上海交通大学医学院(联合办学),203,16,16,667,1257
2025,19335,浙江大学医学院,202,26,26,649,3881
2025,19359,合肥工业大学(宣城校区),210,10,10,578,46169
2025,19359,合肥工业大学(宣城校区),211,41,41,596,29357
2025,19414,中国石油大学(北京)克拉玛依校区,205,4,4,566,59499
2025,19414,中国石油大学(北京)克拉玛依校区,206,36,36,570,54774
2025,19422,山东大学威海分校,206,11,11,612,18490
2025,19422,教山东大学威海分校,207,26,26,618,15047
2025,19422,山东大学威海分校,208,22,22,607,21456
2025,19614,电子科技大学(沙河校区),203,33,33,643,5172
2025,19614,电子科技大学(沙河校区)(中外合作办学),204,35,35,630,9828
2025,19614,省电子科技大学(沙河校区)(中外合作办学),205,18,18,621,13392
2025,19635,西南大学(荣昌校区),207,8,8,573,51433
2025,19635,西南大学(荣昌校区),208,3,3,569,56329
2025,19635,西南大学(荣昌校区),209,14,14,574,50869
2025,19635,东西南大学(荣昌校区)(中外合作办学),210,2,2,568,57959
2025,51285,江西飞行学院,205,9,9,502,162020
2025,51285,江西飞行学院,206,27,27,516,135587
2025,51721,河北环境工程学院,207,3,3,494,175012
2025,51721,广河北环境工程学院,208,12,12,494,176062
2025,51721,河北环境工程学院,209,3,3,493,176768
2025,51721,河北环境工程学院,210,3,3,491,180292
2025,80001,汕头大学医学院,211,159,159,597,28631
2025,80001,汕头大学医学院,212,186,186,570,55583
2025,80001,汕头大学医学院,213,80,80,541,94439
2025,80001,汕头大学医学院,214,141,141,552,78487
2025,80002,华南师范大学(汕尾校区),202,133,133,574,50274
2025,80002,华南师范大学(汕尾校区),203,241,241,580,44060
2025,80002,华南师范大学(汕尾校区),204,260,260,589,35642
2025,80002,华南师范大学(汕尾校区),205,160,160,577,47047
2025,80003,广东工业大学(揭阳校区),202,813,813,573,51141
2025,80004,广东技术师范大学(河源校区),201,90,90,532,108576
2025,80004,广东技术师范大学(河源校区),202,32,32,531,110200
2025,81012,香港珠海学院,206,11,11,510,146009
2025,92004,陆军工程大学,201,1,1,583,41167
2025,92004,陆军工程大学,202,6,6,581,43448
2025,92011,陆军军医大学,202,12,12,572,52532
2025,92011,陆军军医大学,203,5,5,571,53613
2026,10001,北京大学(高校专项计划),204,1,1,681,343
2026,10001,北京大学,205,40,42,690,110
2026,10002,中国人民大学(高校专项计划),203,1,1,646,4958
2026,10002,中国人民大学,204,2,2,670,971
2026,10002,中国人民大学,205,39,39,671,900
2026,10003,清华大学(高校专项计划),202,3,3,681,352
2026,10003,清华大学,203,72,72,689,121
2026,10004,北京交通大学(高校专项计划),202,3,3,608,23405
2026,10004,北京交通大学,203,88,88,622,14374
2026,10004,北京交通大学(中外合作办学),204,5,5,614,19564
2026,10004,北京交通大学(中外合作办学),205,3,3,610,22000
2026,10004,北京交通大学(中外合作办学),206,2,2,616,18231
2026,10004,北京交通大学,209,5,5,633,9291
2026,10004,北京交通大学,210,2,2,636,8244
2026,10004,北京交通大学,211,2,2,637,7771
2026,10005,北京工业大学(高校专项计划),201,1,1,604,26654
2026,10005,北京工业大学(高校专项计划),202,2,2,581,50333
2026,10005,北京工业大学,203,13,13,617,17159
2026,10005,北京工业大学,204,3,3,609,23026
2026,10005,北京工业大学,205,6,6,617,17239
2026,10006,北京航空航天大学(高校专项计划),202,1,1,657,2559
2026,10006,北京航空航天大学,203,106,106,664,1555
2026,10006,北京航空航天大学(中外合作办学),205,9,9,641,6240
2026,10006,北京航空航天大学(中外合作办学),207,10,10,644,5526
2026,10007,北京理工大学(高校专项计划),202,1,1,659,2148
2026,10007,北京理工大学,203,56,56,663,1673
2026,10007,北京理工大学(中外合作办学),204,39,39,625,12844
2026,10008,北京科技大学,204,6,6,620,15393
2026,10008,北京科技大学(高校专项计划),205,1,1,605,26148
2026,10008,北京科技大学,206,33,33,621,14911
2026,10008,教北京科技大学,207,20,20,620,15622
2026,10008,北京科技大学,208,1,1,630,10566
2026,10008,北京科技大学,209,5,5,625,13068
2026,10008,省北京科技大学,210,2,2,631,10253
2026,10009,北方工业大学(中外合作办学),201,4,4,559,79612
2026,10010,北京化工大学(高校专项计划),202,2,2,593,36966
2026,10010,东北京化工大学,203,67,67,611,21318
2026,10010,北京化工大学,204,7,7,613,19890
2026,10010,北京化工大学(中外合作办学),205,12,12,593,37317
2026,10010,北京化工大学,208,37,37,609,22831
2026,10011,北京工商大学,203,16,16,566,69674
2026,10011,北京工商大学,204,5,5,573,59360
2026,10012,北京服装学院,202,1,1,539,111121
2026,10012,北京服装学院,203,4,4,538,113058
2026,10012,北京服装学院,204,6,6,544,101675
2026,10013,北京邮电大学(高校专项计划),201,2,2,618,16587
2026,10013,北京邮电大学,202,12,12,657,2531
2026,10013,北京邮电大学(中外合作办学),203,31,31,625,12859
2026,10013,北京邮电大学,205,117,117,637,7613
2026,10013,北京邮电大学(中外合作办学),206,18,18,615,18921
2026,10015,北京印刷学院,202,1,1,565,71186
2026,10015,北京印刷学院,203,5,5,544,101530
2026,10016,北京建筑大学,201,7,7,551,90590
2026,10016,北京建筑大学,202,1,1,572,60896
2026,10017,北京石油化工学院,202,2,2,549,93779
2026,10017,北京石油化工学院,203,1,1,560,77221
2026,10017,北京石油化工学院,204,6,6,558,80767
2026,10019,中国农业大学(中外合作办学),205,3,3,605,26130
2026,10019,中国农业大学(高校专项计划),206,3,3,601,29789
2026,10019,中国农业大学,207,36,36,622,14768
2026,10019,中国农业大学(中外合作办学),208,6,6,616,18048
2026,10019,中国农业大学(中外合作办学),210,2,2,600,30514
2026,10019,中国农业大学,211,35,35,619,16327
2026,10019,中国农业大学,212,9,9,613,19875
2026,10022,北京林业大学,205,4,4,592,37903
2026,10022,北京林业大学,206,9,9,597,32669
2026,10022,北京林业大学,207,8,8,596,34162
2026,10022,北京林业大学(高校专项计划),208,2,2,553,87978
2026,10022,北京林业大学,209,7,7,587,43621
2026,10022,北京林业大学,210,20,20,587,43726
2026,10022,北京林业大学,211,6,6,592,38140
2026,10022,北京林业大学,212,44,45,605,26321
2026,10022,北京林业大学(中外合作办学),213,5,5,559,79161
2026,10022,北京林业大学,216,14,14,588,41793
2026,10026,北京中医药大学,204,4,4,588,41922
2026,10026,北京中医药大学(高校专项计划),206,1,1,549,93640
2026,10026,北京中医药大学,207,7,7,641,6338
2026,10026,北京中医药大学,208,27,27,603,27942
2026,10027,北京师范大学,203,13,13,632,9493
2026,10027,北京师范大学,204,23,23,639,7130
2026,10028,首都师范大学,203,4,4,596,33784
2026,10028,首都师范大学,204,4,4,608,23557
2026,10028,首都师范大学,205,13,13,599,31049
2026,10028,首都师范大学,206,6,6,589,41575
2026,10029,首都体育学院,202,4,4,559,79293
2026,10030,北京外国语大学,205,12,12,614,19680
2026,10030,北京外国语大学(中外合作办学),207,7,7,594,35631
2026,10030,北京外国语大学,208,3,3,619,16394
2026,10031,北京第二外国语学院,204,1,1,587,43774
2026,10031,教北京第二外国语学院,205,7,7,562,75314
2026,10031,北京第二外国语学院,206,3,3,578,53990
2026,10032,北京语言大学,205,23,23,573,60197
2026,10032,省北京语言大学(中外合作办学),207,9,9,535,118516
2026,10032,北京语言大学,208,21,21,582,48308
2026,10032,北京语言大学(中外合作办学),209,10,10,527,132591
2026,10032,东北京语言大学,210,3,3,562,75042
2026,10033,中国传媒大学,204,2,2,622,14549
2026,10033,中国传媒大学(中外合作办学),205,6,6,591,39389
2026,10033,中国传媒大学(中外合作办学),207,12,12,590,39619
2026,10033,中国传媒大学,211,5,5,604,26978
2026,10033,中国传媒大学,212,16,16,611,21266
2026,10033,中国传媒大学,213,21,21,613,20083
2026,10033,中国传媒大学,214,2,2,618,16661
2026,10033,中国传媒大学(中外合作办学),215,3,3,584,46285
2026,10034,中央财经大学(高校专项计划),204,1,1,617,17231
2026,10034,中央财经大学,205,62,62,620,15833
2026,10034,中央财经大学(中外合作办学),206,8,8,611,21298
2026,10034,中央财经大学,207,4,4,632,9766
2026,10034,中央财经大学,209,2,2,641,6219
2026,10036,对外经济贸易大学(高校专项计划),205,1,1,600,30238
2026,10036,对外经济贸易大学,206,36,36,618,16964
2026,10036,对外经济贸易大学(中外合作办学),207,11,11,609,22687
2026,10036,对外经济贸易大学,208,11,11,620,15649
2026,10036,对外经济贸易大学(中外合作办学),209,13,13,607,24321
2026,10037,北京物资学院,202,1,1,569,64893
2026,10037,北京物资学院(中外合作办学),203,2,2,542,105600
2026,10037,北京物资学院,204,4,4,555,85700
2026,10038,首都经济贸易大学,202,5,5,577,55088
2026,10038,首都经济贸易大学,203,2,2,595,35296
2026,10041,中国人民公安大学,202,3,3,612,20788
2026,10043,北京体育大学,204,2,2,601,29170
2026,10043,北京体育大学,205,3,3,589,41105
2026,10043,北京体育大学(中外合作办学),206,7,7,538,112462
2026,10043,北京体育大学,207,2,2,601,29802
2026,10043,北京体育大学,208,1,1,598,32338
2026,10046,中国音乐学院,202,1,1,565,70768
2026,10047,中央美术学院,204,3,3,567,67902
2026,10047,中央美术学院(中外合作办学),205,4,4,515,153008
2026,10047,中央美术学院,206,2,2,617,17488
2026,10050,北京电影学院,211,2,2,590,39778
2026,10050,北京电影学院,212,2,2,604,26997
2026,10050,北京电影学院,213,2,2,598,31941
2026,10050,北京电影学院,214,1,1,606,25650
2026,10052,中央民族大学,204,15,15,608,23578
2026,10052,中央民族大学,205,40,43,615,18591
2026,10052,中央民族大学(内地澳门合作办学),206,8,8,609,23054
2026,10053,中国政法大学,205,8,8,645,5121
2026,10053,中国政法大学,206,33,33,620,15744
2026,10053,中国政法大学(中外合作办学),207,3,3,595,34781
2026,10054,华北电力大学(北京),202,3,3,640,6665
2026,10054,华北电力大学(北京)(高校专项计划),203,1,1,611,21776
2026,10054,华北电力大学(北京),204,54,54,622,14705
2026,10054,华北电力大学(北京),205,56,56,614,19067
2026,10055,南开大学(高校专项计划),202,2,2,610,22143
2026,10055,南开大学,203,69,69,646,5065
2026,10056,天津大学(高校专项计划),204,1,1,621,15051
2026,10056,天津大学,205,73,73,641,6438
2026,10056,天津大学(内地香港合作办学),206,30,30,630,10457
2026,10056,天津大学(中外合作办学),207,14,14,619,16289
2026,10057,教天津科技大学,203,4,4,545,99957
2026,10057,天津科技大学(中外合作办学),204,3,3,538,111986
2026,10057,天津科技大学,205,14,14,561,76064
2026,10057,省天津科技大学(中外合作办学),206,3,3,558,81034
2026,10057,天津科技大学,209,13,13,547,96858
2026,10057,天津科技大学,210,16,16,541,106517
2026,10058,东天津工业大学,203,4,4,565,70892
2026,10058,天津工业大学,204,24,24,568,66482
2026,10058,天津工业大学,205,18,18,580,51635
2026,10058,天津工业大学(中外合作办学),207,4,4,583,48031
2026,10059,中国民航大学,203,62,62,576,55696
2026,10059,中国民航大学,204,101,101,572,61488
2026,10059,中国民航大学,205,13,13,574,59204
2026,10060,天津理工大学,201,12,12,540,108237
2026,10060,天津理工大学(中外合作办学),202,2,2,523,138255
2026,10060,天津理工大学,203,22,22,571,62585
2026,10060,天津理工大学(中外合作办学),204,10,10,550,93075
2026,10060,天津理工大学(中外合作办学),206,4,4,530,126061
2026,10060,天津理工大学(中外合作办学),207,7,7,466,240490
2026,10060,天津理工大学,208,20,20,566,69097
2026,10060,天津理工大学,209,19,19,546,98622
2026,10061,天津农学院,201,1,1,510,162576
2026,10061,天津农学院,202,11,11,498,184713
2026,10061,天津农学院,203,2,2,527,131015
2026,10061,天津农学院,204,22,22,497,186340
2026,10062,天津医科大学,201,2,2,596,33656
2026,10062,天津医科大学,202,9,9,589,40781
2026,10063,天津中医药大学,202,8,8,552,89364
2026,10063,天津中医药大学,203,19,19,559,78911
2026,10063,天津中医药大学,204,11,11,548,95165
2026,10063,天津中医药大学,205,7,7,543,104399
2026,10063,天津中医药大学,206,15,15,529,129143
2026,10063,天津中医药大学,207,2,2,573,60348
2026,10065,天津师范大学,203,3,3,541,108140
2026,10065,天津师范大学,204,10,10,538,111644
2026,10065,天津师范大学,205,2,2,590,40013
2026,10065,天津师范大学,206,3,3,553,88420
2026,10065,天津师范大学,207,13,13,557,81624
2026,10065,天津师范大学,208,2,2,573,59432
2026,10065,天津师范大学,209,11,11,502,177459
2026,10065,天津师范大学,210,4,4,552,89680
2026,10066,天津职业技术师范大学,201,3,3,531,124369
2026,10066,天津职业技术师范大学,202,44,44,519,146082
2026,10068,天津外国语大学,205,2,2,555,85406
2026,10068,天津外国语大学,206,6,6,540,109470
2026,10068,天津外国语大学(中外合作办学),207,1,1,531,125388
2026,10068,天津外国语大学,208,1,1,579,51961
2026,10068,天津外国语大学,211,3,3,544,102431
2026,10068,天津外国语大学,212,4,4,556,83502
2026,10069,天津商业大学,205,21,21,523,139138
2026,10069,天津商业大学(中外合作办学),206,5,5,523,139874
2026,10069,天津商业大学,207,30,30,531,124969
2026,10070,天津财经大学,207,7,7,561,75948
2026,10070,天津财经大学,208,5,5,557,81437
2026,10070,天津财经大学,209,2,2,556,84163
2026,10070,天津财经大学,210,10,10,556,84199
2026,10070,天津财经大学,211,4,4,549,94084
2026,10070,天津财经大学,212,5,5,560,77133
2026,10070,天津财经大学,213,6,6,563,73504
2026,10071,天津体育学院,203,3,3,501,178377
2026,10071,教天津体育学院,204,2,2,505,170958
2026,10076,河北工程大学,201,4,4,507,168508
2026,10076,河北工程大学,202,13,13,532,123363
2026,10076,省河北工程大学(中外合作办学),203,2,2,527,131893
2026,10076,河北工程大学(中外合作办学),204,1,1,522,141176
2026,10077,河北地质大学,202,9,9,513,157821
2026,10077,东河北地质大学,203,14,14,520,144078
2026,10077,河北地质大学,204,6,6,529,128629
2026,10078,华北水利水电大学,201,36,36,552,90053
2026,10078,华北水利水电大学(中外合作办学),203,4,4,458,254069
2026,10079,华北电力大学(保定),202,10,10,597,33365
2026,10079,华北电力大学(保定),203,2,2,635,8349
2026,10079,华北电力大学(保定),204,54,54,613,19773
2026,10079,华北电力大学(保定),205,46,46,604,26837
2026,10079,华北电力大学(保定)(高校专项计划),206,1,1,611,21367
2026,10080,河北工业大学,201,47,47,598,32584
2026,10080,河北工业大学,202,14,14,584,46197
2026,10080,河北工业大学,203,4,4,605,25896
2026,10080,河北工业大学,204,4,4,613,19928
2026,10080,河北工业大学(中外合作办学),205,6,6,599,31413
2026,10080,河北工业大学(联合培养),206,8,8,588,42399
2026,10081,华北理工大学(联合培养),205,2,2,494,191636
2026,10081,华北理工大学,206,30,30,531,124119
2026,10081,华北理工大学,207,3,3,555,85488
2026,10081,华北理工大学,208,9,9,521,143342
2026,10081,华北理工大学,209,3,3,548,96004
2026,10081,华北理工大学,211,4,4,537,114247
2026,10081,华北理工大学,212,4,4,502,176892
2026,10081,华北理工大学,213,3,3,566,69856
2026,10089,河北医科大学,202,5,5,492,194172
2026,10089,河北医科大学,203,12,12,529,127820
2026,10089,河北医科大学,204,5,5,502,177522
2026,10092,河北北方学院,201,5,5,527,132671
2026,10092,河北北方学院,206,5,5,521,143211
2026,10093,承德医学院,201,3,3,543,103632
2026,10094,河北师范大学(中外合作办学),202,3,3,445,274459
2026,10094,河北师范大学,203,10,10,533,121514
2026,10101,衡水学院,202,2,2,498,184779
2026,10101,衡水学院,203,4,4,509,164048
2026,10101,衡水学院,204,6,6,495,189926
2026,10101,衡水学院(中外合作办学),205,2,2,485,207788
2026,10103,邯郸学院(中外合作办学),201,5,5,450,267073
2026,10104,邢台学院,202,2,2,494,191830
2026,10105,沧州师范学院,202,8,8,493,193396
2026,10105,沧州师范学院(中外合作办学),203,10,10,480,215663
2026,10107,石家庄铁道大学,202,1,1,546,99666
2026,10107,石家庄铁道大学,203,14,14,536,115260
2026,10107,石家庄铁道大学,204,1,1,569,65798
2026,10107,石家庄铁道大学,205,2,2,575,57489
2026,10108,山西大学,202,28,28,532,122840
2026,10108,山西大学,203,40,40,568,66582
2026,10109,太原科技大学,201,12,12,530,125858
2026,10110,中北大学,203,1,1,551,91614
2026,10110,中北大学,204,3,3,547,96729
2026,10110,中北大学,205,10,10,532,122330
2026,10110,中北大学,206,164,164,551,91411
2026,10110,中北大学,207,33,33,537,114638
2026,10110,中北大学,208,5,5,551,90906
2026,10110,中北大学,209,4,4,568,65941
2026,10112,太原理工大学,201,6,6,604,26793
2026,10112,教太原理工大学,203,4,4,605,26378
2026,10112,太原理工大学,204,24,24,598,32262
2026,10112,太原理工大学,205,46,46,595,34995
2026,10112,省太原理工大学,206,30,30,594,36036
2026,10112,太原理工大学,207,35,35,587,42720
2026,10112,太原理工大学,208,5,5,593,36859
2026,10113,东山西农业大学,203,17,17,504,173279
2026,10113,山西农业大学,204,14,14,502,177319
2026,10113,山西农业大学,205,3,3,537,114547
2026,10113,山西农业大学,207,15,15,505,172260
2026,10114,山西医科大学,204,4,4,499,183189
2026,10114,山西医科大学(中外合作办学),205,2,2,459,251535
2026,10114,山西医科大学,206,16,16,512,158359
2026,10114,山西医科大学,207,12,12,508,165457
2026,10114,山西医科大学(中外合作办学),208,2,2,496,188051
2026,10114,山西医科大学,209,6,6,570,63743
2026,10114,山西医科大学,210,10,10,538,111860
2026,10114,山西医科大学,211,10,10,440,282258
2026,10114,山西医科大学,212,5,5,516,152294
2026,10117,长治医学院,201,9,9,532,122897
2026,10117,长治医学院,202,1,1,501,177842
2026,10118,山西师范大学,203,4,4,519,146125
2026,10118,山西师范大学,204,4,4,502,177063
2026,10118,山西师范大学,205,4,4,511,161507
2026,10118,山西师范大学,206,14,14,503,174548
2026,10118,山西师范大学,207,12,12,499,182805
2026,10120,山西大同大学,202,10,10,509,163841
2026,10124,忻州师范学院,201,1,1,501,178011
2026,10124,忻州师范学院,202,4,4,504,173185
2026,10124,忻州师范学院,203,1,1,507,167282
2026,10124,忻州师范学院,204,1,1,500,181097
2026,10125,山西财经大学,202,19,19,507,166960
2026,10125,山西财经大学,203,5,5,545,99967
2026,10126,内蒙古大学,207,6,6,552,89646
2026,10126,内蒙古大学,208,6,6,550,93396
2026,10126,内蒙古大学,209,46,46,559,78575
2026,10126,内蒙古大学,210,30,30,552,89512
2026,10126,内蒙古大学,211,11,11,579,52333
2026,10127,内蒙古科技大学,203,6,6,490,199038
2026,10127,内蒙古科技大学,204,68,68,501,178100
2026,10128,内蒙古工业大学,201,10,10,494,191142
2026,10128,内蒙古工业大学(校企联合培养),202,5,5,482,211907
2026,10128,内蒙古工业大学,203,5,5,499,181583
2026,10128,内蒙古工业大学,204,25,25,525,136126
2026,10128,内蒙古工业大学,205,35,35,504,173454
2026,10129,内蒙古农业大学,202,4,4,488,202471
2026,10129,内蒙古农业大学,203,24,24,489,200372
2026,10129,内蒙古农业大学,204,14,14,492,194430
2026,10129,内蒙古农业大学(中外合作办学),205,10,10,466,239545
2026,10132,内蒙古医科大学,201,2,2,493,193442
2026,10132,内蒙古医科大学,202,3,3,536,116655
2026,10132,内蒙古医科大学,203,1,1,488,201539
2026,10132,内蒙古医科大学,204,6,6,523,139608
2026,10132,内蒙古医科大学,205,4,4,521,141770
2026,10132,内蒙古医科大学,206,4,4,538,112837
2026,10132,内蒙古医科大学,207,2,2,541,106603
2026,10132,内蒙古医科大学,208,2,2,493,193967
2026,10132,内蒙古医科大学,209,3,3,491,196789
2026,10135,内蒙古师范大学,203,10,10,489,200917
2026,10135,内蒙古师范大学,204,5,5,496,187951
2026,10135,教内蒙古师范大学,205,4,4,517,149494
2026,10135,内蒙古师范大学,206,5,5,511,160055
2026,10136,内蒙古民族大学,203,3,3,486,205318
2026,10136,省内蒙古民族大学,204,4,4,488,202372
2026,10136,内蒙古民族大学,205,6,6,498,184464
2026,10136,内蒙古民族大学,206,5,5,491,197057
2026,10136,东内蒙古民族大学,207,10,10,491,196407
2026,10140,辽宁大学,209,3,3,568,66904
2026,10140,辽宁大学,210,5,5,580,50741
2026,10140,辽宁大学,212,30,30,567,68163
2026,10140,辽宁大学,213,15,15,590,39759
2026,10140,辽宁大学,214,16,16,583,47207
2026,10140,辽宁大学(中外合作办学),215,3,3,549,94971
2026,10140,辽宁大学(中外合作办学),216,6,6,558,80285
2026,10140,辽宁大学(中外合作办学),217,5,5,552,89034
2026,10140,辽宁大学(中外合作办学),218,4,4,558,80335
2026,10141,大连理工大学,202,33,33,642,6079
2026,10141,大连理工大学(中外合作办学),203,10,10,616,18325
2026,10142,沈阳工业大学,202,11,11,509,164957
2026,10142,沈阳工业大学,203,12,12,503,175357
2026,10142,沈阳工业大学,204,47,47,534,119572
2026,10142,沈阳工业大学,205,2,2,564,72602
2026,10142,沈阳工业大学,206,4,4,537,114098
2026,10142,沈阳工业大学,207,3,3,542,104973
2026,10142,沈阳工业大学(中外合作办学),208,10,10,520,144733
2026,10142,沈阳工业大学,209,6,6,551,90685
2026,10143,沈阳航空航天大学,201,37,37,556,84033
2026,10144,沈阳理工大学,201,18,18,548,95866
2026,10144,沈阳理工大学,202,1,1,569,64874
2026,10144,沈阳理工大学,203,1,1,546,99640
2026,10144,沈阳理工大学,204,3,3,542,105835
2026,10145,东北大学(高校专项计划),201,1,1,603,28014
2026,10145,东北大学,202,2,2,607,24821
2026,10145,东北大学,203,8,8,610,22513
2026,10145,东北大学,204,94,94,619,16329
2026,10145,东北大学,205,11,11,615,18491
2026,10145,东北大学,206,4,4,619,16410
2026,10145,东北大学(中外合作办学),207,16,16,604,26913
2026,10145,东北大学(中外合作办学),208,20,20,604,27009
2026,10146,辽宁科技大学,201,14,14,526,134124
2026,10146,辽宁科技大学(中外合作办学),202,2,2,531,124754
2026,10147,辽宁工程技术大学,202,17,17,537,114601
2026,10147,辽宁工程技术大学,203,5,5,545,100710
2026,10148,辽宁石油化工大学,201,13,13,537,114999
2026,10148,辽宁石油化工大学(中外合作办学),202,2,2,521,141988
2026,10149,沈阳化工大学,201,17,17,534,118775
2026,10149,沈阳化工大学,202,4,4,517,150515
2026,10149,沈阳化工大学(中外合作办学),203,2,2,519,146729
2026,10149,沈阳化工大学(中外合作办学),204,1,1,533,121189
2026,10150,大连交通大学,202,2,2,547,97783
2026,10150,大连交通大学,203,6,6,515,153678
2026,10150,大连交通大学,204,17,17,535,117398
2026,10150,大连交通大学(中外合作办学),205,7,7,459,251531
2026,10151,大连海事大学(高校专项计划),204,1,1,563,73083
2026,10151,大连海事大学,205,20,20,590,40051
2026,10151,大连海事大学(中外合作办学),206,3,3,596,33948
2026,10151,大连海事大学,207,72,72,589,41377
2026,10151,大连海事大学,208,7,7,594,36168
2026,10151,大连海事大学(中外合作办学),209,14,14,581,49503
2026,10152,大连工业大学,204,2,2,540,108275
2026,10152,教大连工业大学,205,1,1,531,124434
2026,10152,大连工业大学,206,3,3,546,99298
2026,10152,大连工业大学,208,3,3,539,110381
2026,10152,省大连工业大学,209,4,4,530,125843
2026,10152,大连工业大学,210,4,4,534,118786
2026,10152,大连工业大学,211,2,2,546,99099
2026,10152,东大连工业大学,212,5,5,545,100644
2026,10152,大连工业大学(中外合作办学),213,3,3,531,123847
2026,10152,大连工业大学(中外合作办学),214,2,2,529,127583
2026,10152,大连工业大学(中外合作办学),216,2,2,532,122832
2026,10153,沈阳建筑大学,201,2,2,520,144462
2026,10153,沈阳建筑大学,202,5,5,501,178033
2026,10153,沈阳建筑大学,203,2,2,491,196289
2026,10153,沈阳建筑大学,204,3,3,499,183201
2026,10153,沈阳建筑大学,205,21,21,510,163005
2026,10153,沈阳建筑大学,206,1,1,542,105377
2026,10153,沈阳建筑大学,207,1,1,504,173303
2026,10153,沈阳建筑大学,208,1,1,527,131250
2026,10154,辽宁工业大学,201,5,5,528,129372
2026,10157,沈阳农业大学,201,6,6,546,99420
2026,10157,沈阳农业大学,202,2,2,548,95382
2026,10157,沈阳农业大学,203,7,7,506,170000
2026,10158,大连海洋大学,201,10,10,509,164608
2026,10158,大连海洋大学,202,2,2,512,158412
2026,10158,大连海洋大学,203,20,20,510,162847
2026,10158,大连海洋大学,204,2,2,498,183782
2026,10159,中国医科大学,201,10,10,586,44289
2026,10159,中国医科大学,202,4,4,565,71092
2026,10159,中国医科大学(中外合作办学),203,22,22,494,190743
2026,10160,锦州医科大学,201,2,2,494,191013
2026,10160,锦州医科大学,202,7,7,491,197290
2026,10160,锦州医科大学,203,15,15,500,181309
2026,10160,锦州医科大学(中外合作办学),204,4,4,479,217191
2026,10160,锦州医科大学,205,1,1,537,113748
2026,10161,大连医科大学,201,2,2,553,88102
2026,10161,大连医科大学,202,3,3,603,27996
2026,10161,大连医科大学,203,2,2,595,34871
2026,10161,大连医科大学,204,8,8,575,56838
2026,10161,大连医科大学,205,2,2,566,68926
2026,10161,大连医科大学,206,2,2,586,44283
2026,10161,大连医科大学,207,2,2,556,83710
2026,10161,大连医科大学,208,2,2,513,157322
2026,10162,辽宁中医药大学,202,13,13,491,196808
2026,10162,辽宁中医药大学,203,5,5,499,181607
2026,10162,辽宁中医药大学,204,15,15,536,115105
2026,10162,辽宁中医药大学,205,8,8,532,123573
2026,10163,沈阳药科大学,201,4,4,523,139322
2026,10163,沈阳药科大学,202,42,42,517,150550
2026,10164,沈阳医学院,201,9,9,522,140753
2026,10165,辽宁师范大学(中外合作办学),202,5,5,500,181250
2026,10165,辽宁师范大学(中外合作办学),203,6,6,498,184317
2026,10167,渤海大学,202,3,3,483,211441
2026,10169,鞍山师范学院,203,2,2,493,193023
2026,10169,鞍山师范学院,204,3,3,491,196645
2026,10169,鞍山师范学院,205,2,2,491,196997
2026,10171,朝阳师范学院,202,4,4,493,192980
2026,10171,朝阳师范学院,203,4,4,488,201277
2026,10172,大连外国语大学,204,1,1,556,83841
2026,10172,大连外国语大学,205,13,13,527,132539
2026,10172,大连外国语大学,206,2,2,548,95706
2026,10173,教东北财经大学,209,15,15,570,63623
2026,10173,东北财经大学,210,10,10,550,92478
2026,10173,东北财经大学(中外合作办学),211,3,3,560,77061
2026,10173,省东北财经大学(中外合作办学),212,3,3,559,79481
2026,10173,东北财经大学(中外合作办学),213,3,3,558,80786
2026,10173,东北财经大学(中外合作办学),214,2,2,564,72584
2026,10173,东东北财经大学(中外合作办学),215,3,3,548,95317
2026,10173,东北财经大学(中外合作办学),216,2,2,571,62075
2026,10173,东北财经大学(中外合作办学),217,4,4,551,91581
2026,10177,沈阳音乐学院,202,1,1,514,154522
2026,10183,吉林大学,209,6,6,618,16683
2026,10183,吉林大学,210,28,28,611,21567
2026,10183,吉林大学,211,5,5,608,23668
2026,10183,吉林大学(高校专项计划),212,1,1,594,36007
2026,10183,吉林大学,213,12,12,621,15278
2026,10183,吉林大学,214,18,18,622,14432
2026,10183,吉林大学,215,46,46,614,19389
2026,10183,吉林大学,216,31,31,624,13522
2026,10183,吉林大学,217,30,30,622,14521
2026,10183,吉林大学,218,12,12,610,22495
2026,10183,吉林大学,219,13,13,617,17140
2026,10183,吉林大学,220,7,7,610,22337
2026,10183,吉林大学,221,3,3,611,21217
2026,10183,吉林大学,222,15,15,612,20926
2026,10183,吉林大学,223,8,8,628,11478
2026,10183,吉林大学,224,2,2,624,13226
2026,10183,吉林大学,225,5,5,620,15910
2026,10183,吉林大学,226,15,15,622,14233
2026,10183,吉林大学(中外合作办学),227,5,5,609,23027
2026,10184,延边大学,206,3,3,542,106322
2026,10184,延边大学,207,3,3,553,87515
2026,10184,延边大学,208,12,12,569,64990
2026,10184,延边大学,209,6,6,563,72951
2026,10184,延边大学,210,4,4,565,69927
2026,10184,延边大学,211,2,2,581,49514
2026,10184,延边大学(中外合作办学),212,6,6,533,121926
2026,10184,延边大学,213,10,10,510,163255
2026,10186,长春理工大学,204,2,2,531,124863
2026,10186,长春理工大学,205,13,13,523,139109
2026,10186,长春理工大学,206,3,3,534,119828
2026,10186,长春理工大学,207,118,118,563,73164
2026,10186,长春理工大学,208,1,1,613,19943
2026,10186,长春理工大学,209,12,12,573,59518
2026,10186,长春理工大学,210,18,18,539,110918
2026,10186,长春理工大学,211,13,13,553,88330
2026,10186,长春理工大学(中外合作办学),212,16,16,569,65393
2026,10186,长春理工大学(中外合作办学),213,27,27,546,98687
2026,10186,长春理工大学(中外合作办学),214,4,4,545,100958
2026,10186,长春理工大学,215,2,2,534,118833
2026,10188,东北电力大学,202,2,2,569,64552
2026,10188,东北电力大学,203,35,35,581,50067
2026,10188,东北电力大学,204,2,2,577,55457
2026,10188,东北电力大学(中外合作办学),205,7,7,588,42506
2026,10190,长春工业大学,206,2,2,506,169085
2026,10190,长春工业大学,207,3,3,522,140312
2026,10190,长春工业大学,208,4,4,545,101331
2026,10190,长春工业大学,209,5,5,542,105386
2026,10190,长春工业大学,210,14,14,529,128061
2026,10190,长春工业大学(中外合作办学),211,10,10,481,213951
2026,10190,长春工业大学(中外合作办学),212,10,10,497,186755
2026,10190,教长春工业大学(中外合作办学),213,4,4,522,141122
2026,10191,吉林建筑大学,202,5,5,495,190298
2026,10191,吉林建筑大学,203,14,14,493,193596
2026,10191,省吉林建筑大学,204,2,2,499,183252
2026,10191,吉林建筑大学(中外合作办学),205,6,6,498,184250
2026,10191,吉林建筑大学(中外合作办学),206,2,2,476,222288
2026,10193,东吉林农业大学,201,4,4,521,143470
2026,10193,吉林农业大学,202,7,7,495,189081
2026,10199,长春中医药大学,201,19,19,528,129818
2026,10199,长春中医药大学,203,20,20,489,199887
2026,10200,东北师范大学(高校专项计划),207,1,1,571,62065
2026,10200,东北师范大学(中外合作办学),208,6,6,554,86772
2026,10200,东北师范大学(中外合作办学),209,4,4,565,71062
2026,10200,东北师范大学,210,13,13,581,50428
2026,10200,东北师范大学,215,3,3,596,34062
2026,10201,北华大学,203,3,3,505,171244
2026,10201,北华大学,204,12,12,518,148832
2026,10201,北华大学,205,3,3,495,189960
2026,10201,北华大学,210,2,2,488,201305
2026,10201,北华大学,211,4,4,496,187460
2026,10201,北华大学,212,4,4,535,116907
2026,10202,通化师范学院,201,8,8,490,198657
2026,10203,吉林师范大学,203,8,8,526,133068
2026,10203,吉林师范大学,204,2,2,530,126279
2026,10203,吉林师范大学,205,3,3,494,190852
2026,10205,长春师范大学,203,2,2,526,132802
2026,10205,长春师范大学,204,4,4,525,134675
2026,10205,长春师范大学,205,2,2,523,138906
2026,10205,长春师范大学(校企联合培养),207,2,2,532,122082
2026,10206,白城师范学院,201,17,17,493,192724
2026,10207,吉林财经大学,204,8,8,535,118204
2026,10207,吉林财经大学(中外合作办学),205,6,6,506,170488
2026,10207,吉林财经大学,206,9,9,529,129127
2026,10207,吉林财经大学,212,4,4,541,107898
2026,10207,吉林财经大学,213,6,6,524,136798
2026,10207,吉林财经大学,214,4,4,515,152542
2026,10207,吉林财经大学,215,2,2,540,108796
2026,10212,黑龙江大学,203,4,4,539,110348
2026,10212,黑龙江大学,204,11,11,495,190510
2026,10212,黑龙江大学(高校专项计划),205,1,1,543,103424
2026,10212,黑龙江大学(中外合作办学),210,5,5,468,235806
2026,10212,黑龙江大学(中外合作办学),211,6,6,472,230499
2026,10212,黑龙江大学(联合培养),219,2,2,519,146960
2026,10212,黑龙江大学,220,10,10,528,130850
2026,10212,黑龙江大学,221,10,10,547,97964
2026,10212,黑龙江大学,222,17,17,543,104533
2026,10212,黑龙江大学,223,41,41,534,119980
2026,10212,黑龙江大学,224,34,34,501,177950
2026,10212,黑龙江大学,225,14,14,499,181888
2026,10212,黑龙江大学,226,24,24,518,148775
2026,10212,黑龙江大学(联合培养),227,3,3,480,216197
2026,10212,黑龙江大学,228,28,28,507,168213
2026,10212,黑龙江大学(联合培养),229,3,3,475,224987
2026,10212,黑龙江大学(中外合作办学),230,4,4,508,166334
2026,10212,黑龙江大学(中外合作办学),231,4,4,491,196609
2026,10212,黑龙江大学(联合培养),232,2,2,530,126958
2026,10213,哈尔滨工业大学(中外合作办学),201,2,2,635,8337
2026,10213,哈尔滨工业大学(高校专项计划),202,3,3,629,10945
2026,10213,哈尔滨工业大学,203,15,15,672,781
2026,10213,哈尔滨工业大学(中外合作办学),204,4,4,633,9129
2026,10213,教哈尔滨工业大学(中外合作办学),205,4,4,629,10938
2026,10213,哈尔滨工业大学(中外合作办学),207,3,3,618,16792
2026,10213,哈尔滨工业大学(中外合作办学),208,5,5,617,17750
2026,10214,省哈尔滨理工大学,204,23,23,524,136346
2026,10214,哈尔滨理工大学,205,35,35,553,87692
2026,10214,哈尔滨理工大学,206,2,2,542,106118
2026,10214,东哈尔滨理工大学,208,12,12,509,164770
2026,10214,哈尔滨理工大学,209,42,42,533,121585
2026,10214,哈尔滨理工大学,210,24,24,568,66795
2026,10214,哈尔滨理工大学,212,79,79,543,104309
2026,10214,哈尔滨理工大学,213,12,12,534,119121
2026,10214,哈尔滨理工大学(联合培养),214,8,8,464,243058
2026,10214,哈尔滨理工大学(联合培养),215,5,4,450,266942
2026,10216,燕山大学,203,42,42,572,60653
2026,10217,哈尔滨工程大学,205,20,20,620,15654
2026,10217,哈尔滨工程大学,210,3,3,625,12777
2026,10217,哈尔滨工程大学,211,2,2,627,11866
2026,10217,哈尔滨工程大学,212,1,1,627,11946
2026,10217,哈尔滨工程大学,213,4,4,623,13852
2026,10217,哈尔滨工程大学,214,1,1,623,14151
2026,10217,哈尔滨工程大学,215,4,4,630,10642
2026,10217,哈尔滨工程大学,216,2,2,627,12078
2026,10217,哈尔滨工程大学,217,2,2,628,11446
2026,10217,哈尔滨工程大学,218,2,2,634,9102
2026,10217,哈尔滨工程大学,219,2,2,621,14985
2026,10217,哈尔滨工程大学(中外合作办学),220,5,5,565,71018
2026,10217,哈尔滨工程大学(中外合作办学),221,27,27,598,32608
2026,10217,哈尔滨工程大学(中外合作办学),222,8,8,589,40716
2026,10219,黑龙江科技大学,202,5,5,492,195610
2026,10219,黑龙江科技大学,203,55,55,507,168141
2026,10219,黑龙江科技大学(中外合作办学),204,14,14,470,233692
2026,10220,东北石油大学,203,17,17,537,114375
2026,10220,东北石油大学,204,13,13,527,132754
2026,10222,佳木斯大学,205,3,3,487,204249
2026,10222,佳木斯大学,206,3,3,485,207661
2026,10222,佳木斯大学,207,38,38,489,200828
2026,10222,佳木斯大学(中外合作办学),208,5,5,477,220842
2026,10222,佳木斯大学,209,17,17,495,189371
2026,10222,佳木斯大学,210,2,2,483,211097
2026,10222,佳木斯大学,211,4,4,489,200969
2026,10223,黑龙江八一农垦大学,201,8,8,494,191700
2026,10224,东北农业大学,203,14,14,555,85772
2026,10224,东北农业大学,204,30,30,563,73050
2026,10224,东北农业大学,205,8,8,585,45696
2026,10224,东北农业大学,206,75,75,549,93670
2026,10224,东北农业大学,207,2,2,579,52792
2026,10224,东北农业大学,208,4,4,552,88857
2026,10224,东北农业大学(中美121双学位),209,3,3,527,131916
2026,10224,东北农业大学(中美121双学位),210,3,3,526,134165
2026,10224,东北农业大学(中美121双学位),211,3,3,540,109391
2026,10224,东北农业大学(中美121双学位),212,3,3,567,67420
2026,10225,东北林业大学,202,8,8,567,68460
2026,10225,东北林业大学(高校专项计划),203,1,1,570,63190
2026,10225,东北林业大学,204,30,30,577,55055
2026,10225,东北林业大学(中外合作办学),206,5,5,531,125410
2026,10225,东北林业大学(中外合作办学),207,4,4,560,77240
2026,10225,东北林业大学(中外合作办学),208,2,2,583,47795
2026,10225,东北林业大学(中外合作办学),209,2,2,580,51714
2026,10226,哈尔滨医科大学,202,5,5,523,139062
2026,10226,哈尔滨医科大学,203,9,9,522,140422
2026,10226,教哈尔滨医科大学,204,14,14,566,69692
2026,10226,哈尔滨医科大学,206,9,9,543,104357
2026,10226,哈尔滨医科大学,207,2,2,543,103913
2026,10226,省哈尔滨医科大学,208,3,3,526,133467
2026,10226,哈尔滨医科大学,209,1,1,584,46830
2026,10228,黑龙江中医药大学,202,21,21,541,107660
2026,10228,东黑龙江中医药大学,203,2,2,514,155124
2026,10228,黑龙江中医药大学,204,24,24,489,199659
2026,10228,黑龙江中医药大学,205,3,3,537,113588
2026,10229,牡丹江医科大学,201,3,3,491,197600
2026,10229,牡丹江医科大学,202,8,8,521,141966
2026,10229,牡丹江医科大学,203,6,6,530,127249
2026,10231,哈尔滨师范大学,204,5,5,517,150066
2026,10231,哈尔滨师范大学,205,13,13,484,208839
2026,10231,哈尔滨师范大学,206,3,3,522,141070
2026,10231,哈尔滨师范大学,207,6,6,514,154602
2026,10231,哈尔滨师范大学,208,8,8,541,106511
2026,10231,哈尔滨师范大学,209,16,16,497,186233
2026,10231,哈尔滨师范大学,210,7,7,520,144569
2026,10232,齐齐哈尔大学,204,2,2,487,204030
2026,10232,齐齐哈尔大学,206,46,46,492,195679
2026,10232,齐齐哈尔大学,207,4,4,519,146504
2026,10232,齐齐哈尔大学(中外合作办学),208,7,7,464,242740
2026,10232,齐齐哈尔大学(中外合作办学),209,5,5,479,217697
2026,10232,齐齐哈尔大学,211,4,4,498,184272
2026,10232,齐齐哈尔大学,212,10,10,512,159472
2026,10232,齐齐哈尔大学,213,12,12,486,206078
2026,10233,牡丹江师范学院,203,8,8,491,196401
2026,10233,牡丹江师范学院,204,10,10,492,195510
2026,10233,牡丹江师范学院,205,4,4,491,195858
2026,10233,牡丹江师范学院,206,2,2,507,167669
2026,10234,哈尔滨学院,204,1,1,500,180365
2026,10234,哈尔滨学院,205,12,12,496,187039
2026,10234,哈尔滨学院,206,2,2,489,200438
2026,10234,哈尔滨学院,207,1,1,519,146523
2026,10235,大庆师范学院,201,5,5,489,200840
2026,10235,大庆师范学院(中外合作办学),202,5,5,465,241438
2026,10236,绥化学院,202,4,4,489,199999
2026,10240,哈尔滨商业大学,203,8,8,497,185748
2026,10240,哈尔滨商业大学,204,84,84,491,196811
2026,10240,哈尔滨商业大学,205,84,84,493,192728
2026,10240,哈尔滨商业大学(联合培养),207,2,2,485,206722
2026,10242,哈尔滨体育学院,202,16,16,490,199043
2026,10242,哈尔滨体育学院,203,4,4,489,200282
2026,10242,哈尔滨体育学院,204,6,6,487,203580
2026,10245,哈尔滨金融学院,202,12,12,495,190384
2026,10245,哈尔滨金融学院,203,5,5,504,173546
2026,10246,复旦大学(高校专项计划),203,1,1,668,1085
2026,10246,复旦大学(高校专项计划),204,8,8,639,7156
2026,10246,复旦大学,205,71,82,679,429
2026,10247,同济大学(高校专项计划),202,2,2,630,10446
2026,10247,同济大学,203,48,48,661,1885
2026,10247,同济大学,204,10,10,641,6302
2026,10247,同济大学,205,33,33,651,3769
2026,10247,同济大学(中外合作办学),206,11,11,645,5148
2026,10248,上海交通大学(高校专项计划),202,1,1,660,2041
2026,10248,上海交通大学,203,78,78,677,510
2026,10248,上海交通大学(中外合作办学),204,82,82,667,1181
2026,10248,上海交通大学,207,1,1,693,63
2026,10251,华东理工大学,203,6,6,606,25608
2026,10251,教华东理工大学(高校专项计划),204,2,2,611,21804
2026,10251,华东理工大学(高校专项计划),205,1,1,613,20195
2026,10251,华东理工大学,206,33,33,612,20592
2026,10251,省华东理工大学,207,16,16,621,14806
2026,10251,华东理工大学,208,6,6,625,12928
2026,10252,上海理工大学,203,22,22,599,31237
2026,10252,东上海理工大学(中外合作办学),204,10,10,591,39166
2026,10254,上海海事大学,202,16,16,570,63569
2026,10254,上海海事大学,203,62,62,567,68428
2026,10255,东华大学,211,12,12,609,23154
2026,10255,东华大学,212,29,29,612,20841
2026,10256,上海电力大学,201,25,25,606,25447
2026,10259,上海应用技术大学,201,16,16,574,58814
2026,10259,上海应用技术大学,203,8,8,582,48748
2026,10262,上海健康医学院,201,10,10,530,126488
2026,10262,上海健康医学院,202,10,10,533,120561
2026,10262,上海健康医学院,203,10,10,531,124191
2026,10264,上海海洋大学(中外合作办学),203,15,15,561,76752
2026,10264,上海海洋大学,204,21,21,585,44874
2026,10264,上海海洋大学,205,22,22,574,58595
2026,10268,上海中医药大学,201,3,3,629,10915
2026,10269,华东师范大学(高校专项计划),204,5,5,590,40008
2026,10269,华东师范大学,205,36,36,637,7674
2026,10270,上海师范大学,202,9,9,558,80147
2026,10270,上海师范大学(中外合作办学),203,4,4,545,101260
2026,10271,上海外国语大学,204,5,5,603,28062
2026,10271,上海外国语大学(高校专项计划),205,1,1,589,41242
2026,10271,上海外国语大学(中外合作办学),206,2,2,610,22617
2026,10272,上海财经大学,204,29,29,621,15020
2026,10272,上海财经大学(高校专项计划),205,1,1,617,17278
2026,10272,上海财经大学,206,20,20,627,12096
2026,10274,上海海关学院,202,57,57,557,82623
2026,10274,上海海关学院,203,25,25,577,55375
2026,10276,华东政法大学,203,6,6,619,16063
2026,10276,华东政法大学,204,12,12,604,27247
2026,10277,上海体育大学,202,2,2,570,63931
2026,10277,上海体育大学,203,4,4,572,61247
2026,10277,上海体育大学(中外合作办学),204,2,2,588,41623
2026,10280,上海大学,201,5,5,620,15918
2026,10280,上海大学(中外合作办学),202,6,6,609,22898
2026,10284,南京大学(高校专项计划),202,10,2,640,6533
2026,10284,南京大学,203,97,97,670,928
2026,10284,南京大学,204,2,2,684,258
2026,10284,南京大学(中外合作办学),205,6,6,644,5369
2026,10285,苏州大学,204,3,3,616,18322
2026,10285,苏州大学(高校专项计划),205,4,4,583,47151
2026,10285,苏州大学,206,45,45,617,17416
2026,10285,苏州大学,207,4,4,613,19962
2026,10285,苏州大学,208,3,3,618,16682
2026,10286,东南大学(高校专项计划),202,2,2,603,28079
2026,10286,东南大学,203,86,86,660,2130
2026,10286,东南大学(中外合作办学),204,30,30,617,17390
2026,10287,南京航空航天大学(高校专项计划),202,2,2,624,13654
2026,10287,南京航空航天大学,203,2,2,650,3900
2026,10287,南京航空航天大学,204,4,4,643,5692
2026,10287,南京航空航天大学,205,64,64,626,12521
2026,10287,南京航空航天大学(中外合作办学),206,11,11,614,19350
2026,10287,南京航空航天大学(中外合作办学),207,2,2,611,21880
2026,10288,南京理工大学(高校专项计划),202,2,2,615,18699
2026,10288,南京理工大学,203,54,54,623,13675
2026,10288,教南京理工大学(中外合作办学),204,9,9,608,23684
2026,10288,南京理工大学,205,4,4,630,10602
2026,10289,江苏科技大学,203,2,2,567,67933
2026,10289,省江苏科技大学,204,46,46,560,77576
2026,10289,江苏科技大学(中外合作办学),205,3,3,555,85038
2026,10290,中国矿业大学,202,12,12,595,35414
2026,10290,东中国矿业大学(高校专项计划),203,2,2,565,70795
2026,10290,中国矿业大学,204,106,106,605,26187
2026,10290,中国矿业大学(中外合作办学),205,6,6,562,74407
2026,10291,南京工业大学,202,2,2,583,47566
2026,10291,南京工业大学,203,30,30,576,56621
2026,10291,南京工业大学(中外合作办学),204,3,3,580,51758
2026,10291,南京工业大学(中外合作办学),205,3,3,571,63006
2026,10292,常州大学,202,1,1,578,53576
2026,10292,常州大学,203,23,23,553,87761
2026,10293,南京邮电大学,201,156,156,610,22554
2026,10294,河海大学,202,7,7,619,16242
2026,10294,河海大学,203,15,15,596,33592
2026,10294,河海大学(高校专项计划),204,1,1,601,29365
2026,10294,河海大学,205,141,141,599,31485
2026,10294,河海大学(中外合作办学),206,8,8,572,60936
2026,10295,江南大学(高校专项计划),206,1,1,578,53542
2026,10295,江南大学,207,3,3,616,17887
2026,10295,江南大学,208,4,4,612,20708
2026,10295,江南大学,209,3,3,600,30094
2026,10295,江南大学,210,2,2,610,22007
2026,10295,江南大学,211,14,14,603,27836
2026,10295,江南大学,212,2,2,619,15980
2026,10295,江南大学,215,4,4,614,19257
2026,10295,江南大学,216,3,3,610,22012
2026,10295,江南大学,217,5,5,615,18613
2026,10295,江南大学,218,2,2,587,43427
2026,10295,江南大学,219,3,3,621,15087
2026,10295,江南大学,220,2,2,617,17356
2026,10295,江南大学,221,2,2,603,27807
2026,10295,江南大学,222,4,4,602,28856
2026,10295,江南大学(中外合作办学),223,3,3,584,46834
2026,10295,江南大学(中外合作办学),224,4,4,597,33095
2026,10298,南京林业大学,202,12,12,554,86992
2026,10298,南京林业大学,203,8,8,573,60012
2026,10298,南京林业大学,204,14,14,564,72738
2026,10298,南京林业大学,205,33,33,563,73896
2026,10298,南京林业大学,206,18,18,585,45649
2026,10298,南京林业大学,207,19,19,521,142526
2026,10298,南京林业大学,208,14,14,521,142177
2026,10298,南京林业大学,210,16,16,559,78706
2026,10298,南京林业大学(中外合作办学),211,8,8,518,148840
2026,10299,江苏大学,202,5,5,577,54769
2026,10299,江苏大学,203,37,37,579,53013
2026,10300,南京信息工程大学,202,6,6,587,43512
2026,10300,南京信息工程大学,203,104,104,589,41507
2026,10300,南京信息工程大学(中外合作办学),204,20,20,551,91773
2026,10304,南通大学,204,5,5,549,94969
2026,10304,南通大学,205,15,15,555,84873
2026,10304,南通大学,206,17,17,547,97070
2026,10304,南通大学(中外合作办学),207,2,2,541,108059
2026,10304,南通大学(中外合作办学),208,1,1,537,114986
2026,10305,盐城工学院,201,2,2,547,97454
2026,10305,盐城工学院,202,3,3,517,150333
2026,10307,南京农业大学(高校专项计划),202,1,1,591,38699
2026,10307,教南京农业大学,203,25,25,578,53621
2026,10307,南京农业大学,204,85,85,583,47507
2026,10307,南京农业大学(中外合作办学),205,2,2,590,40131
2026,10312,省南京医科大学,202,2,2,563,73880
2026,10312,南京医科大学,203,2,2,620,15747
2026,10312,南京医科大学,204,5,5,602,28368
2026,10312,东南京医科大学,205,2,2,583,47688
2026,10312,南京医科大学,206,4,4,596,34265
2026,10315,南京中医药大学,201,9,9,588,42363
2026,10315,南京中医药大学,203,8,8,564,72169
2026,10315,南京中医药大学,204,9,9,548,96310
2026,10316,中国药科大学,202,2,2,642,6000
2026,10316,中国药科大学,203,30,30,607,24300
2026,10316,中国药科大学(高校专项计划),204,1,1,576,55730
2026,10316,中国药科大学,205,16,16,610,22149
2026,10316,中国药科大学(中外合作办学),206,5,5,604,26964
2026,10316,中国药科大学(中外合作办学),207,4,4,597,33387
2026,10319,南京师范大学(高校专项计划),202,1,1,580,51540
2026,10319,南京师范大学,203,2,2,603,27990
2026,10319,南京师范大学,204,10,10,590,40509
2026,10319,南京师范大学,205,8,8,597,33539
2026,10320,江苏师范大学,203,5,5,565,70036
2026,10320,江苏师范大学,204,2,2,573,60412
2026,10320,江苏师范大学(中外合作办学),205,2,2,530,125929
2026,10320,江苏师范大学(中外合作办学),206,2,2,519,146566
2026,10320,江苏师范大学(中外合作办学),210,8,8,530,126875
2026,10324,盐城师范学院,202,11,11,500,180110
2026,10324,盐城师范学院,203,2,2,498,183681
2026,10324,盐城师范学院,204,15,15,509,163733
2026,10327,南京财经大学,202,17,17,559,78992
2026,10327,南京财经大学,203,7,7,562,75013
2026,10327,南京财经大学(中外合作办学),204,4,4,549,93850
2026,10327,南京财经大学(中外合作办学),205,2,2,546,99465
2026,10330,南京体育学院,201,6,6,515,153659
2026,10331,南京艺术学院,202,1,1,564,72177
2026,10332,苏州科技大学,204,3,3,551,91564
2026,10332,苏州科技大学(中外合作办学),205,2,2,534,119498
2026,10332,苏州科技大学,206,10,10,552,88963
2026,10332,苏州科技大学(中外合作办学),207,2,2,558,79975
2026,10333,苏州工学院,201,20,20,544,102842
2026,10335,浙江大学(高校专项计划),203,10,10,642,6096
2026,10335,浙江大学,204,6,6,685,209
2026,10335,浙江大学,205,57,57,676,530
2026,10335,浙江大学(农学),206,46,46,649,4224
2026,10336,杭州电子科技大学,203,3,3,577,54735
2026,10336,杭州电子科技大学,204,25,25,576,55780
2026,10336,杭州电子科技大学,205,45,45,602,28752
2026,10336,杭州电子科技大学,206,3,3,578,53409
2026,10336,杭州电子科技大学(中外合作办学),207,12,12,600,30444
2026,10336,杭州电子科技大学(中外合作办学),208,15,15,597,33170
2026,10337,浙江工业大学,203,7,7,578,53502
2026,10337,浙江工业大学,204,3,3,572,60777
2026,10337,浙江工业大学,205,10,10,593,36483
2026,10337,浙江工业大学,206,21,21,579,52632
2026,10337,浙江工业大学,207,64,64,584,46074
2026,10337,浙江工业大学(中外合作办学),208,10,10,523,139615
2026,10337,浙江工业大学(中外合作办学),209,15,15,558,81132
2026,10338,浙江理工大学,202,31,31,556,83898
2026,10338,浙江理工大学(中外合作办学),203,8,8,541,106699
2026,10338,浙江理工大学,204,87,87,575,57616
2026,10338,教浙江理工大学,205,3,3,577,55286
2026,10338,浙江理工大学,206,6,6,571,62040
2026,10340,浙江海洋大学,201,4,4,549,94313
2026,10340,省浙江海洋大学,202,55,55,538,112613
2026,10340,浙江海洋大学,203,17,17,535,118262
2026,10340,浙江海洋大学,204,4,4,540,108584
2026,10340,东浙江海洋大学(中外合作办学),205,2,2,542,105230
2026,10341,浙江农林大学,202,10,10,542,104917
2026,10341,浙江农林大学,203,47,47,542,105223
2026,10343,温州医科大学,201,3,3,543,103798
2026,10343,温州医科大学,202,17,17,584,46085
2026,10343,温州医科大学(中外合作办学),203,2,2,575,57852
2026,10344,浙江中医药大学,202,2,2,565,70660
2026,10344,浙江中医药大学,203,44,44,536,115296
2026,10344,浙江中医药大学(中外合作办学),204,3,3,515,152690
2026,10345,浙江师范大学,205,4,4,571,61931
2026,10345,浙江师范大学(中外合作办学),206,5,5,534,119007
2026,10345,浙江师范大学,207,39,39,569,65100
2026,10345,浙江师范大学,208,9,9,561,76713
2026,10345,浙江师范大学,209,6,6,553,88713
2026,10345,浙江师范大学(中外合作办学),210,8,8,551,90393
2026,10346,杭州师范大学,202,3,3,572,60733
2026,10346,杭州师范大学,203,2,2,593,37468
2026,10346,杭州师范大学,204,15,15,544,102249
2026,10347,湖州师范大学,202,6,6,519,146131
2026,10351,温州大学,203,2,2,552,89990
2026,10351,温州大学,204,11,11,550,91872
2026,10351,温州大学,205,7,7,545,101172
2026,10351,温州大学,206,2,2,556,83319
2026,10351,温州大学(中外合作办学),207,2,2,551,90504
2026,10351,温州大学(中外合作办学),208,3,3,547,98091
2026,10352,丽水学院,201,3,3,515,153111
2026,10352,丽水学院,202,13,13,525,134877
2026,10352,丽水学院,203,9,9,510,162383
2026,10352,丽水学院(中外合作办学),204,5,5,473,227520
2026,10353,浙江工商大学,203,14,14,558,81122
2026,10353,浙江工商大学,204,7,7,550,92394
2026,10353,浙江工商大学,205,6,6,550,92283
2026,10354,嘉兴大学,201,64,64,542,105982
2026,10354,嘉兴大学(中外合作办学),202,5,5,531,123941
2026,10355,中国美术学院,202,6,6,566,69255
2026,10355,中国美术学院,203,11,11,599,31621
2026,10356,中国计量大学,202,13,13,576,56497
2026,10356,中国计量大学,203,50,50,582,49218
2026,10356,中国计量大学,204,1,1,587,43751
2026,10356,中国计量大学(中外合作办学),205,10,10,567,68372
2026,10357,安徽大学,202,33,33,575,56952
2026,10357,安徽大学,205,67,67,600,30816
2026,10357,安徽大学(中外合作办学),207,20,20,567,67772
2026,10358,中国科学技术大学(高校专项计划),201,2,2,657,2532
2026,10358,中国科学技术大学,202,94,97,673,746
2026,10359,合肥工业大学,203,11,11,605,26296
2026,10359,合肥工业大学(中外合作办学),204,15,15,569,65695
2026,10359,合肥工业大学(高校专项计划),205,1,1,578,53784
2026,10359,合肥工业大学,206,82,82,617,17346
2026,10360,安徽工业大学,201,17,17,541,107115
2026,10360,安徽工业大学,202,3,3,543,104683
2026,10360,安徽工业大学,203,5,5,542,105048
2026,10361,安徽理工大学,203,12,12,527,131728
2026,10361,安徽理工大学,204,6,6,531,124901
2026,10361,教安徽理工大学,205,64,64,550,92021
2026,10361,安徽理工大学,206,29,29,522,141455
2026,10361,安徽理工大学,207,8,8,541,106807
2026,10363,省安徽工程大学,201,6,6,524,136499
2026,10363,安徽工程大学,202,4,4,534,118718
2026,10363,安徽工程大学(中外合作办学),203,2,2,533,121674
2026,10364,东安徽农业大学,201,3,3,543,104279
2026,10364,安徽农业大学,202,40,40,523,138961
2026,10364,安徽农业大学,203,3,3,532,123751
2026,10366,安徽医科大学,202,2,2,549,94409
2026,10366,安徽医科大学,203,18,18,553,88246
2026,10368,皖南医科大学,201,12,12,542,104855
2026,10369,安徽中医药大学,202,1,1,520,143916
2026,10369,安徽中医药大学,203,1,1,502,176828
2026,10369,安徽中医药大学,204,3,3,563,73849
2026,10369,安徽中医药大学,205,3,3,538,112987
2026,10369,安徽中医药大学,206,1,1,537,113559
2026,10369,安徽中医药大学,207,15,15,507,168319
2026,10370,安徽师范大学,202,33,33,536,115916
2026,10372,安庆师范大学,202,5,5,526,133794
2026,10372,安庆师范大学(中外合作办学),203,5,5,491,196057
2026,10373,淮北师范大学,204,4,4,500,180945
2026,10373,淮北师范大学,205,4,4,536,116009
2026,10378,安徽财经大学,202,59,59,518,147306
2026,10381,淮南师范学院,201,4,4,496,186895
2026,10381,淮南师范学院,202,12,12,496,187869
2026,10383,铜陵学院,202,23,23,498,185071
2026,10383,铜陵学院,203,5,5,501,178321
2026,10384,厦门大学,205,11,11,632,9563
2026,10384,厦门大学(高校专项计划),207,4,4,611,21533
2026,10384,厦门大学,208,49,49,630,10646
2026,10384,厦门大学,209,46,46,627,11958
2026,10384,厦门大学(马来西亚分校),210,8,8,607,24863
2026,10384,厦门大学(马来西亚分校),211,56,56,607,24313
2026,10385,华侨大学,206,35,35,545,100711
2026,10385,华侨大学,208,87,87,557,82132
2026,10385,华侨大学,209,5,5,561,76379
2026,10385,华侨大学,212,5,5,537,113967
2026,10385,华侨大学,214,31,31,556,83767
2026,10386,福州大学(闽台联合培养),201,7,7,576,56007
2026,10386,福州大学(高校专项计划),202,3,3,602,28354
2026,10386,福州大学,203,31,31,605,26376
2026,10386,福州大学,204,12,12,596,33661
2026,10386,福州大学(闽台联合培养),207,8,8,610,22103
2026,10388,福建理工大学,202,3,3,543,103813
2026,10388,福建理工大学,203,25,25,549,94563
2026,10388,福建理工大学(中外合作办学),204,5,5,521,142804
2026,10389,福建农林大学,204,3,3,546,99034
2026,10389,福建农林大学,205,5,5,539,110656
2026,10389,福建农林大学(中外合作办学),206,8,8,477,220948
2026,10389,福建农林大学(中外合作办学),207,8,8,487,204226
2026,10389,福建农林大学,208,55,55,522,140588
2026,10389,福建农林大学,209,54,54,532,122288
2026,10389,福建农林大学(中外合作办学),210,3,3,481,215220
2026,10389,福建农林大学,211,2,2,545,100505
2026,10390,集美大学,203,10,10,552,89342
2026,10390,集美大学,204,14,14,565,70267
2026,10390,集美大学,205,8,8,555,85255
2026,10392,福建医科大学,201,4,4,528,129409
2026,10392,福建医科大学,202,6,6,579,51953
2026,10392,教福建医科大学,203,2,2,571,62628
2026,10392,福建医科大学,204,2,2,564,71638
2026,10392,福建医科大学,205,3,3,552,90204
2026,10393,省福建中医药大学,202,8,8,544,102527
2026,10393,福建中医药大学,203,5,5,560,78393
2026,10393,福建中医药大学(中外合作办学),204,6,6,502,177326
2026,10394,东福建师范大学,203,52,52,545,100886
2026,10394,福建师范大学,204,62,62,567,68435
2026,10394,福建师范大学(中外合作办学),205,18,18,547,97040
2026,10395,闽江大学,203,1,1,544,101742
2026,10397,武夷学院,202,5,5,499,182720
2026,10397,武夷学院,203,10,10,504,172967
2026,10397,武夷学院,204,7,7,501,179257
2026,10398,宁德师范学院,201,3,3,512,159653
2026,10398,宁德师范学院,202,2,2,510,161671
2026,10399,泉州师范学院,203,4,4,507,167099
2026,10399,泉州师范学院,204,19,19,515,153705
2026,10399,泉州师范学院,205,4,4,508,165640
2026,10399,泉州师范学院,206,2,2,519,146375
2026,10402,闽南师范大学,203,6,6,542,106220
2026,10402,闽南师范大学(中美人才培养),204,3,3,501,178612
2026,10402,闽南师范大学(中美人才培养),205,3,3,479,217555
2026,10402,闽南师范大学(中外合作办学),206,3,3,481,213811
2026,10403,南昌大学,203,2,2,596,33845
2026,10403,南昌大学,204,10,10,586,43781
2026,10403,南昌大学,205,23,23,592,37546
2026,10403,南昌大学,206,12,12,594,36165
2026,10403,南昌大学(中外合作办学),207,4,4,588,42550
2026,10403,南昌大学(中外合作办学),208,4,4,592,38445
2026,10403,南昌大学(中外合作办学),209,16,16,577,54349
2026,10403,南昌大学,210,2,2,610,21961
2026,10403,南昌大学,211,3,3,578,53377
2026,10403,南昌大学,218,2,2,595,35248
2026,10403,南昌大学(中外合作办学),220,4,4,561,76438
2026,10403,南昌大学(中外合作办学),221,2,2,589,40718
2026,10403,南昌大学,222,16,16,608,23879
2026,10403,南昌大学,223,13,13,589,41554
2026,10404,华东交通大学,203,22,22,533,120950
2026,10404,华东交通大学,204,3,3,527,131326
2026,10404,华东交通大学(中外合作办学),205,6,6,530,127214
2026,10404,华东交通大学,206,124,124,538,111663
2026,10404,华东交通大学,207,26,26,564,71439
2026,10404,华东交通大学(中外合作办学),208,4,4,567,67190
2026,10404,华东交通大学,209,6,6,558,80159
2026,10404,华东交通大学,210,23,23,554,86119
2026,10405,东华理工大学,202,50,50,539,110297
2026,10405,东华理工大学(国际班),203,14,14,485,207676
2026,10405,东华理工大学(中外合作办学),204,18,18,493,193385
2026,10406,南昌航空大学,203,6,6,548,95867
2026,10406,南昌航空大学,204,48,48,565,70562
2026,10406,南昌航空大学,205,38,38,572,61561
2026,10406,南昌航空大学,206,8,8,565,69984
2026,10406,南昌航空大学,207,4,4,572,61805
2026,10406,南昌航空大学(中外合作办学),208,4,4,557,81731
2026,10406,南昌航空大学(中外合作办学),209,12,12,530,126553
2026,10406,南昌航空大学(中外合作办学),214,4,4,548,96555
2026,10406,南昌航空大学(中外合作办学),215,4,4,554,86471
2026,10407,江西理工大学,202,19,19,526,133363
2026,10407,江西理工大学,203,107,107,549,94669
2026,10407,江西理工大学,204,3,3,561,76400
2026,10407,教江西理工大学,205,4,4,566,69024
2026,10407,江西理工大学(中外合作办学),206,3,3,548,96162
2026,10407,江西理工大学(中外合作办学),207,30,30,436,287700
2026,10408,省景德镇陶瓷大学,204,1,1,503,175191
2026,10408,景德镇陶瓷大学,205,1,1,518,147230
2026,10408,景德镇陶瓷大学,206,10,10,536,116588
2026,10408,东景德镇陶瓷大学,207,1,1,554,86535
2026,10408,景德镇陶瓷大学,208,2,2,535,117069
2026,10408,景德镇陶瓷大学,209,3,3,540,108852
2026,10410,江西农业大学,202,33,33,517,149310
2026,10410,江西农业大学,203,2,2,524,136754
2026,10412,江西中医药大学,202,4,4,501,178809
2026,10412,江西中医药大学,203,8,8,558,80317
2026,10412,江西中医药大学,204,9,9,529,128455
2026,10412,江西中医药大学,205,4,4,560,77794
2026,10413,赣南医科大学,201,2,2,539,110939
2026,10413,赣南医科大学,202,6,6,504,173912
2026,10413,赣南医科大学,203,4,4,517,150172
2026,10413,赣南医科大学,204,3,3,564,72007
2026,10413,赣南医科大学,205,13,13,540,109309
2026,10413,赣南医科大学,206,4,4,527,132252
2026,10413,赣南医科大学,207,6,6,532,122759
2026,10413,赣南医科大学,208,2,2,532,122312
2026,10414,江西师范大学,207,19,19,538,112259
2026,10414,江西师范大学,208,18,18,535,117617
2026,10414,江西师范大学,209,13,13,544,102244
2026,10414,江西师范大学,210,11,11,558,80341
2026,10414,江西师范大学,211,44,44,553,87946
2026,10414,江西师范大学,212,1,1,573,59915
2026,10414,江西师范大学,213,51,51,537,113885
2026,10414,江西师范大学(中外合作办学),214,8,8,521,142045
2026,10414,江西师范大学(中外合作办学),215,8,8,506,170480
2026,10414,江西师范大学,223,1,1,542,106323
2026,10414,江西师范大学,224,2,2,584,46202
2026,10414,江西师范大学,225,2,2,566,68513
2026,10414,江西师范大学,226,2,2,580,51693
2026,10414,江西师范大学,227,2,2,564,72382
2026,10414,江西师范大学,228,1,1,561,75764
2026,10414,江西师范大学(中外合作办学),229,6,6,489,200193
2026,10416,上饶师范学院,204,2,2,503,175694
2026,10416,上饶师范学院,205,3,3,498,184839
2026,10416,上饶师范学院,206,2,2,510,162749
2026,10416,上饶师范学院,207,13,13,500,180926
2026,10416,上饶师范学院,208,11,11,496,187815
2026,10416,上饶师范学院,209,3,3,508,166503
2026,10416,上饶师范学院,210,3,3,509,164041
2026,10416,上饶师范学院(中外合作办学),211,2,2,488,201798
2026,10416,上饶师范学院,220,2,2,514,155736
2026,10417,宜春学院,204,2,2,505,172155
2026,10417,宜春学院,205,14,14,501,178125
2026,10417,宜春学院,206,4,4,514,155627
2026,10417,宜春学院,207,6,6,507,168460
2026,10417,宜春学院,208,6,6,491,196985
2026,10417,宜春学院,209,5,5,493,193942
2026,10418,赣南师范大学,206,12,12,511,160163
2026,10418,赣南师范大学,207,2,2,520,144978
2026,10418,赣南师范大学,208,7,7,509,163938
2026,10418,赣南师范大学,209,3,3,530,125770
2026,10418,赣南师范大学,210,1,1,554,86455
2026,10418,赣南师范大学,211,30,30,517,149644
2026,10418,教赣南师范大学,212,4,4,546,98887
2026,10418,赣南师范大学,213,18,18,511,161441
2026,10418,赣南师范大学,214,3,3,535,116969
2026,10418,省赣南师范大学,215,2,2,506,169748
2026,10419,井冈山大学,202,2,2,528,129408
2026,10419,井冈山大学,203,6,6,508,165876
2026,10419,东井冈山大学,204,6,6,528,129363
2026,10419,井冈山大学,205,28,28,501,177730
2026,10419,井冈山大学,206,4,4,543,104148
2026,10421,江西财经大学,203,65,65,562,75145
2026,10421,江西财经大学(中外合作办学),204,8,8,558,79944
2026,10421,江西财经大学,205,41,41,568,66311
2026,10421,江西财经大学(中外合作办学),206,4,4,555,84621
2026,10421,江西财经大学,210,10,10,574,58693
2026,10421,江西财经大学(中外合作办学),211,8,8,539,110156
2026,10421,江西财经大学,212,19,19,566,69506
2026,10421,江西财经大学(中外合作办学),213,14,14,541,108163
2026,10422,山东大学(高校专项计划),202,2,2,593,36478
2026,10422,山东大学(高校专项计划),203,2,2,579,52519
2026,10422,山东大学,204,10,10,632,9612
2026,10422,山东大学,205,17,17,617,17427
2026,10422,山东大学,206,5,5,622,14731
2026,10422,山东大学,208,57,57,619,16034
2026,10422,山东大学,209,44,44,626,12274
2026,10423,中国海洋大学,206,5,5,611,21149
2026,10423,中国海洋大学,207,6,6,611,21643
2026,10423,中国海洋大学(高校专项计划),208,1,1,620,15695
2026,10423,中国海洋大学,209,74,74,617,17514
2026,10423,中国海洋大学,210,5,5,623,14025
2026,10423,中国海洋大学,211,62,62,609,23292
2026,10423,中国海洋大学,212,6,6,616,17813
2026,10423,中国海洋大学(中外合作办学),213,2,2,615,18610
2026,10423,中国海洋大学(中外合作办学),214,2,2,615,18917
2026,10423,中国海洋大学(中外合作办学),215,3,3,608,23892
2026,10424,山东科技大学,202,13,13,565,71165
2026,10425,中国石油大学(华东)(高校专项计划),203,1,1,583,47991
2026,10425,中国石油大学(华东),204,59,59,603,28094
2026,10425,中国石油大学(华东),205,8,8,600,30713
2026,10425,中国石油大学(华东),206,2,2,607,24202
2026,10426,青岛科技大学,201,43,43,537,114244
2026,10426,青岛科技大学(中外合作办学),202,8,8,523,138416
2026,10427,济南大学,205,11,11,533,120888
2026,10427,济南大学,206,12,12,531,124365
2026,10427,济南大学,207,103,103,536,115300
2026,10427,济南大学,208,30,30,530,127225
2026,10427,济南大学,209,5,5,538,113090
2026,10429,青岛理工大学,203,7,7,536,116175
2026,10429,青岛理工大学(中外合作办学),204,3,3,450,266327
2026,10429,青岛理工大学,205,46,46,548,96353
2026,10429,青岛理工大学(中外合作办学),206,3,3,532,122739
2026,10430,山东建筑大学,204,6,6,493,192421
2026,10430,山东建筑大学,205,19,19,503,174592
2026,10430,山东建筑大学(中外合作办学),206,2,2,475,224123
2026,10430,山东建筑大学(中外合作办学),207,6,6,500,180897
2026,10431,齐鲁工业大学,203,20,20,541,108017
2026,10431,齐鲁工业大学,204,48,48,524,136746
2026,10431,齐鲁工业大学,205,10,10,523,139693
2026,10433,山东理工大学,201,2,2,545,100934
2026,10433,山东理工大学,202,19,19,545,101088
2026,10433,山东理工大学,203,4,4,554,86831
2026,10434,教山东农业大学,203,94,94,519,145779
2026,10434,山东农业大学(中外合作办学),204,10,10,483,211154
2026,10435,青岛农业大学,202,42,42,500,179993
2026,10435,省青岛农业大学(中外合作办学),203,16,16,479,218500
2026,10438,山东第二医科大学,201,2,2,507,168549
2026,10438,山东第二医科大学,202,14,14,505,171382
2026,10439,东山东第一医科大学,202,2,2,542,105701
2026,10439,山东第一医科大学,203,2,2,535,117000
2026,10439,山东第一医科大学,204,1,1,554,86647
2026,10439,山东第一医科大学,206,3,3,538,113055
2026,10439,山东第一医科大学,207,6,6,522,140435
2026,10439,山东第一医科大学,208,1,1,589,41173
2026,10439,山东第一医科大学,209,1,1,575,57694
2026,10439,山东第一医科大学,210,4,4,540,109815
2026,10439,山东第一医科大学,211,14,14,512,159175
2026,10439,山东第一医科大学,212,1,1,587,43148
2026,10439,山东第一医科大学,213,9,9,523,138421
2026,10439,山东第一医科大学,214,5,5,530,126821
2026,10439,山东第一医科大学,215,1,1,545,99852
2026,10439,山东第一医科大学,216,2,2,561,75822
2026,10440,山东医药大学,201,4,4,538,111776
2026,10440,山东医药大学,202,2,2,484,208934
2026,10440,山东医药大学,203,9,9,539,111098
2026,10441,山东中医药大学,201,19,19,482,212985
2026,10441,山东中医药大学(中外合作办学),202,1,1,506,170145
2026,10443,济宁医学院,201,6,6,500,181301
2026,10445,山东师范大学,206,2,2,563,73283
2026,10445,山东师范大学,207,21,21,521,141767
2026,10445,山东师范大学(中外合作办学),208,3,3,511,159902
2026,10445,山东师范大学,209,4,4,549,94089
2026,10445,山东师范大学,210,37,37,548,96414
2026,10447,聊城大学,202,8,8,491,197017
2026,10447,聊城大学,203,5,5,501,179287
2026,10449,山东航空学院,202,1,1,516,151632
2026,10449,山东航空学院,203,3,3,535,117965
2026,10451,鲁东大学,202,21,21,500,179919
2026,10451,鲁东大学(中外合作办学),203,5,5,493,192685
2026,10452,临沂大学,203,24,24,516,151469
2026,10452,临沂大学(中外合作办学),204,4,4,485,207678
2026,10452,临沂大学,205,2,2,498,183335
2026,10453,泰山学院,201,10,10,499,182290
2026,10455,菏泽学院,202,2,2,495,189454
2026,10455,菏泽学院,203,4,4,495,189438
2026,10456,山东财经大学,202,21,21,538,111781
2026,10456,山东财经大学,203,5,5,548,95643
2026,10459,郑州大学,202,2,2,601,29687
2026,10459,郑州大学,203,3,3,599,31089
2026,10459,郑州大学,204,12,12,601,29140
2026,10459,郑州大学,205,15,15,609,23257
2026,10459,郑州大学,206,4,4,601,29443
2026,10459,郑州大学(中外合作办学),207,3,3,581,50191
2026,10459,郑州大学,211,2,2,592,37744
2026,10460,河南理工大学,203,3,3,543,104641
2026,10460,河南理工大学,204,6,6,527,131558
2026,10460,河南理工大学,205,31,31,533,121770
2026,10460,河南理工大学,206,3,3,521,142431
2026,10460,河南理工大学(中外合作办学),207,6,6,533,121694
2026,10460,河南理工大学(中外合作办学),208,4,4,532,123094
2026,10460,河南理工大学(中外合作办学),209,3,3,542,105846
2026,10462,郑州轻工业大学,202,90,90,518,148803
2026,10462,教郑州轻工业大学(中外合作办学),203,10,10,510,162259
2026,10462,郑州轻工业大学(中外合作办学),205,15,15,495,189505
2026,10463,河南工业大学,203,1,1,531,125101
2026,10463,省河南工业大学,204,8,8,507,167156
2026,10463,河南工业大学,205,21,21,536,115237
2026,10463,河南工业大学,206,29,29,519,145281
2026,10463,东河南工业大学(豫台联合培养),207,2,2,540,108948
2026,10463,河南工业大学(中外合作办学),208,4,4,525,135782
2026,10463,河南工业大学,210,11,11,552,89912
2026,10463,河南工业大学(中外合作办学),212,4,4,508,166838
2026,10464,河南科技大学,202,7,7,489,200929
2026,10464,河南科技大学,203,6,6,491,196466
2026,10464,河南科技大学,204,79,79,543,104746
2026,10464,河南科技大学,205,17,17,486,206145
2026,10464,河南科技大学(中外合作办学),206,14,14,528,129985
2026,10465,中原工学院,202,4,4,511,160636
2026,10465,中原工学院,203,4,4,537,114847
2026,10466,河南农业大学,202,2,2,504,172774
2026,10466,河南农业大学,203,4,4,543,103283
2026,10466,河南农业大学,204,15,15,503,174172
2026,10466,河南农业大学(中外合作办学),205,30,30,470,232923
2026,10466,河南农业大学(中外合作办学),206,15,15,486,205303
2026,10466,河南农业大学,207,4,4,513,157658
2026,10466,河南农业大学,208,2,2,501,178433
2026,10467,河南科技学院,203,55,55,496,188477
2026,10471,河南中医药大学,203,6,6,559,79236
2026,10471,河南中医药大学,204,15,15,489,200243
2026,10472,河南医药大学,203,20,20,514,155252
2026,10475,河南大学,204,5,5,563,73284
2026,10475,河南大学,205,4,4,560,77548
2026,10475,河南大学,206,47,47,556,82944
2026,10475,河南大学(中外合作办学),207,15,15,563,73587
2026,10475,河南大学,209,55,55,568,65976
2026,10475,河南大学(中外合作办学),211,10,10,542,105514
2026,10475,河南大学(中外合作办学),212,8,8,558,79949
2026,10475,河南大学(中外合作办学),213,5,5,563,73663
2026,10475,河南大学(中外合作办学),214,5,5,557,82807
2026,10476,河南师范大学,203,20,20,513,156392
2026,10476,河南师范大学,204,21,21,505,171160
2026,10477,信阳师范大学,201,5,5,503,175705
2026,10477,信阳师范大学,202,8,8,499,181900
2026,10477,信阳师范大学(中外合作办学),203,15,15,478,219797
2026,10477,信阳师范大学(中外合作办学),204,5,5,481,213511
2026,10478,周口师范学院,202,11,11,501,178409
2026,10481,南阳师范学院,204,3,3,508,165786
2026,10481,南阳师范学院,205,8,8,494,192150
2026,10481,南阳师范学院(中外合作办学),206,2,2,477,221035
2026,10481,南阳师范学院,207,32,32,501,179168
2026,10481,南阳师范学院,208,12,12,494,191380
2026,10482,洛阳师范学院,203,5,5,514,154412
2026,10483,商丘师范学院,202,3,3,497,185366
2026,10483,商丘师范学院,203,2,2,495,189144
2026,10483,商丘师范学院,204,1,1,507,168371
2026,10483,商丘师范学院,205,2,2,507,167762
2026,10483,商丘师范学院,206,3,3,501,178707
2026,10484,河南财经政法大学,202,1,1,554,87279
2026,10484,河南财经政法大学,203,2,2,539,110727
2026,10484,河南财经政法大学,205,1,1,545,100513
2026,10484,河南财经政法大学,206,1,1,558,81128
2026,10484,河南财经政法大学,207,20,20,527,132711
2026,10485,教郑州航空工业管理学院,202,4,4,517,149202
2026,10485,郑州航空工业管理学院,203,4,4,552,89387
2026,10485,郑州航空工业管理学院(中外合作办学),204,2,2,549,94118
2026,10485,省郑州航空工业管理学院,207,4,4,548,95685
2026,10485,郑州航空工业管理学院(中外合作办学),208,2,2,545,100823
2026,10486,武汉大学(高校专项计划),203,3,3,620,15534
2026,10486,东武汉大学,204,27,27,635,8480
2026,10486,武汉大学,205,162,162,639,7050
2026,10486,武汉大学,206,11,11,633,9138
2026,10486,武汉大学(中外合作办学),208,2,2,616,17929
2026,10486,武汉大学(中外合作办学),209,4,4,633,9292
2026,10486,武汉大学(中外合作办学),210,2,2,640,6849
2026,10486,武汉大学(中外合作办学),211,12,12,626,12465
2026,10486,武汉大学(中外合作办学),212,5,5,619,16108
2026,10486,武汉大学(中外合作办学),213,7,7,616,18313
2026,10486,武汉大学(医学护理类),214,6,6,619,16417
2026,10486,武汉大学(医学护理类),215,6,6,609,22680
2026,10486,武汉大学(医学护理类),216,2,2,644,5612
2026,10487,华中科技大学(高校专项计划),204,3,3,590,40176
2026,10487,华中科技大学,206,165,165,646,4984
2026,10487,华中科技大学,207,10,10,638,7401
2026,10487,华中科技大学(中外合作办学),209,12,12,621,15179
2026,10487,华中科技大学(中外合作办学),216,10,10,614,19419
2026,10487,华中科技大学(预防医学),217,11,11,618,16862
2026,10488,武汉科技大学,204,21,21,553,88097
2026,10488,武汉科技大学,205,45,45,575,57601
2026,10488,武汉科技大学(中外合作办学),206,45,45,544,101551
2026,10489,长江大学,205,2,2,554,86165
2026,10489,长江大学,206,1,1,524,136943
2026,10489,长江大学,207,41,41,540,109859
2026,10489,长江大学,208,2,2,541,106516
2026,10489,长江大学(中外合作办学),209,5,5,490,198445
2026,10489,长江大学,212,2,2,570,63750
2026,10489,长江大学,213,1,1,577,55082
2026,10489,长江大学(中外合作办学),214,3,3,544,102187
2026,10490,武汉工程大学,201,2,2,548,95925
2026,10490,武汉工程大学,202,13,13,546,99749
2026,10490,武汉工程大学,203,20,20,570,63646
2026,10490,武汉工程大学,204,18,18,562,75426
2026,10490,武汉工程大学(中外合作办学),205,6,6,544,102726
2026,10491,中国地质大学(武汉),203,5,5,590,40220
2026,10491,中国地质大学(武汉)(高校专项计划),204,4,4,574,58237
2026,10491,中国地质大学(武汉),205,7,7,612,20941
2026,10491,中国地质大学(武汉)(中外合作办学),206,4,4,583,47431
2026,10491,中国地质大学(武汉),209,50,50,594,35811
2026,10491,中国地质大学(武汉),210,65,65,590,39899
2026,10491,中国地质大学(武汉)(中外合作办学),211,3,3,595,35234
2026,10491,中国地质大学(武汉)(中外合作办学),212,2,2,601,29930
2026,10491,中国地质大学(武汉)(中外合作办学),213,3,3,585,45174
2026,10491,中国地质大学(武汉)(中外合作办学),214,5,5,585,45385
2026,10491,中国地质大学(武汉)(中外合作办学),216,3,3,602,28600
2026,10495,武汉纺织大学,202,8,8,552,89875
2026,10495,武汉纺织大学,203,45,45,540,108535
2026,10496,武汉轻工大学(中外合作办学),204,10,10,491,196359
2026,10496,武汉轻工大学,205,26,26,544,102134
2026,10496,武汉轻工大学(中外合作办学),206,2,2,524,137502
2026,10497,武汉理工大学(高校专项计划),205,3,3,562,75563
2026,10497,武汉理工大学,206,238,238,605,26496
2026,10497,武汉理工大学(中外合作办学),210,6,6,596,33764
2026,10497,武汉理工大学,213,2,2,628,11357
2026,10497,教武汉理工大学,214,2,2,629,11014
2026,10497,武汉理工大学,215,2,2,628,11596
2026,10497,武汉理工大学,216,1,1,630,10447
2026,10497,省武汉理工大学(中外合作办学),217,3,3,604,26666
2026,10497,武汉理工大学(中外合作办学),218,4,4,611,21452
2026,10497,武汉理工大学(中外合作办学),219,7,7,613,19829
2026,10500,东湖北工业大学,204,54,54,514,155715
2026,10500,湖北工业大学,205,111,111,549,93883
2026,10504,华中农业大学,204,4,4,585,45726
2026,10504,华中农业大学(中外合作办学),206,2,2,570,63832
2026,10504,华中农业大学(高校专项计划),207,1,1,598,32193
2026,10504,华中农业大学,208,52,52,586,44714
2026,10504,华中农业大学(中外合作办学),209,5,5,565,70915
2026,10504,华中农业大学,210,3,3,579,52267
2026,10507,湖北中医药大学,203,2,2,531,124715
2026,10507,湖北中医药大学,204,17,17,562,75471
2026,10507,湖北中医药大学,205,19,19,510,162774
2026,10507,湖北中医药大学,206,19,19,533,120411
2026,10511,华中师范大学,206,36,36,587,42763
2026,10511,华中师范大学,207,44,44,608,23848
2026,10511,华中师范大学,208,16,16,607,24418
2026,10512,湖北大学,204,9,9,545,100241
2026,10512,湖北大学,205,14,14,565,70153
2026,10512,湖北大学(中外合作办学),206,38,38,541,108119
2026,10512,湖北大学,210,13,13,570,63625
2026,10512,湖北大学,211,6,6,568,66837
2026,10512,湖北大学,212,18,18,571,62447
2026,10512,湖北大学,213,30,30,553,87862
2026,10512,湖北大学,214,16,16,540,108937
2026,10513,湖北师范大学,202,6,6,561,76969
2026,10519,湖北文理学院,202,4,4,511,161231
2026,10520,中南财经政法大学(高校专项计划),204,1,1,587,43654
2026,10520,中南财经政法大学,205,91,91,605,26332
2026,10520,中南财经政法大学(中外合作办学),206,5,5,600,30103
2026,10520,中南财经政法大学,207,34,34,607,24364
2026,10520,中南财经政法大学(中外合作办学),208,6,6,597,32803
2026,10520,中南财经政法大学(中外合作办学),210,5,5,561,76710
2026,10522,武汉体育学院,202,10,10,501,178485
2026,10522,武汉体育学院,203,2,2,525,134706
2026,10522,武汉体育学院,204,5,5,527,132093
2026,10522,武汉体育学院,205,5,5,532,122355
2026,10522,武汉体育学院(中外合作办学),206,3,3,521,143046
2026,10524,中南民族大学,204,1,1,556,84114
2026,10524,中南民族大学,205,6,6,559,78820
2026,10524,中南民族大学,206,6,6,551,91373
2026,10524,中南民族大学,207,15,15,556,84306
2026,10524,中南民族大学,208,17,17,547,97504
2026,10525,湖北汽车工业学院,201,4,4,538,111990
2026,10525,湖北汽车工业学院(中外合作办学),202,4,4,534,120082
2026,10528,湖北工程学院,201,6,6,485,207492
2026,10528,湖北工程学院,202,9,9,496,188595
2026,10530,湘潭大学,205,28,28,566,69715
2026,10530,湘潭大学,207,92,92,578,53032
2026,10531,吉首大学,202,16,16,526,133795
2026,10531,吉首大学,203,20,20,510,163289
2026,10531,吉首大学,204,6,6,520,144133
2026,10532,湖南大学(本科预科班),204,1,1,604,27098
2026,10532,湖南大学,205,39,39,621,15272
2026,10532,湖南大学(高校专项计划),206,1,1,605,26014
2026,10532,湖南大学,207,58,58,624,13185
2026,10532,教湖南大学,210,40,40,630,10412
2026,10532,湖南大学,211,91,91,624,13394
2026,10533,中南大学(高校专项计划),204,2,1,613,20344
2026,10533,省中南大学,205,117,117,623,14101
2026,10533,中南大学(中外合作办学),206,6,6,617,17604
2026,10533,中南大学(中外合作办学),207,18,18,606,24936
2026,10533,东中南大学,210,15,15,618,16633
2026,10533,中南大学,212,6,6,631,9934
2026,10533,中南大学,213,152,152,623,13960
2026,10533,中南大学(中外合作办学),215,6,6,615,18937
2026,10533,中南大学(高校专项计划),216,2,0,,
2026,10534,湖南科技大学,206,3,3,547,97618
2026,10534,湖南科技大学,207,1,1,542,105735
2026,10534,湖南科技大学,208,49,49,515,153239
2026,10534,湖南科技大学,209,2,2,559,79116
2026,10534,湖南科技大学,210,243,243,533,120907
2026,10536,长沙理工大学,204,4,4,558,81202
2026,10536,长沙理工大学,205,21,21,549,94622
2026,10536,长沙理工大学,206,22,22,554,86551
2026,10536,长沙理工大学(中外合作办学),207,8,8,487,203125
2026,10536,长沙理工大学,208,268,268,559,78898
2026,10536,长沙理工大学,209,17,17,557,82088
2026,10536,长沙理工大学,210,12,12,563,73196
2026,10536,长沙理工大学(中外合作办学),211,2,2,536,115342
2026,10536,长沙理工大学(中外合作办学),213,5,5,597,33388
2026,10536,长沙理工大学(中外合作办学),214,4,4,573,60237
2026,10536,长沙理工大学(中外合作办学),215,4,4,562,75185
2026,10537,湖南农业大学,205,3,3,547,97736
2026,10537,湖南农业大学,206,45,45,513,156293
2026,10537,湖南农业大学(中外合作办学),207,5,5,518,148399
2026,10537,湖南农业大学,208,3,3,541,107127
2026,10537,湖南农业大学,209,169,169,528,130737
2026,10537,湖南农业大学(中外合作办学),210,45,45,504,173790
2026,10537,湖南农业大学,211,3,3,527,131096
2026,10538,中南林业科技大学,205,34,34,524,136843
2026,10538,中南林业科技大学(中外合作办学),206,2,2,525,134850
2026,10538,中南林业科技大学,207,162,162,531,124990
2026,10538,中南林业科技大学(中外合作办学),208,2,2,515,153679
2026,10538,中南林业科技大学,209,2,2,536,116082
2026,10541,湖南中医药大学,201,3,3,486,205720
2026,10541,湖南中医药大学,202,28,28,557,82110
2026,10541,湖南中医药大学,203,4,4,556,83243
2026,10541,湖南中医药大学,204,2,2,557,81532
2026,10541,湖南中医药大学,205,29,29,521,142422
2026,10541,湖南中医药大学,207,2,2,543,103504
2026,10541,湖南中医药大学,208,5,5,556,83362
2026,10541,湖南中医药大学,209,15,15,557,82561
2026,10542,湖南师范大学,206,27,27,583,48008
2026,10542,湖南师范大学,207,4,4,591,38691
2026,10542,湖南师范大学,208,2,2,580,51332
2026,10542,湖南师范大学,209,8,8,586,44477
2026,10542,湖南师范大学,210,4,4,596,33779
2026,10542,湖南师范大学,211,55,55,597,32792
2026,10542,湖南师范大学,212,6,6,609,23106
2026,10542,湖南师范大学,213,18,18,591,38836
2026,10542,湖南师范大学,220,18,18,576,56210
2026,10543,湖南理工大学,203,4,4,542,106342
2026,10543,湖南理工大学,204,3,3,534,119017
2026,10543,湖南理工大学,205,10,10,525,135114
2026,10543,湖南理工大学,206,12,12,532,122591
2026,10543,教湖南理工大学(中外合作办学),207,2,2,503,174921
2026,10545,湘南学院,204,7,7,504,172455
2026,10545,湘南学院,206,2,2,547,97796
2026,10545,省湘南学院,207,8,8,532,123442
2026,10545,湘南学院,209,10,10,500,179790
2026,10546,衡阳师范学院,204,3,3,524,138058
2026,10546,东衡阳师范学院,205,7,7,504,173103
2026,10546,衡阳师范学院,206,3,3,534,120267
2026,10546,衡阳师范学院,207,4,4,524,137825
2026,10546,衡阳师范学院,210,3,3,520,144328
2026,10546,衡阳师范学院,211,1,1,532,123184
2026,10547,邵阳学院,203,6,6,498,184504
2026,10547,邵阳学院,204,3,3,507,167325
2026,10547,邵阳学院,205,18,18,510,163260
2026,10547,邵阳学院,206,2,2,521,143143
2026,10547,邵阳学院,207,16,16,505,171178
2026,10547,邵阳学院,208,4,4,493,192555
2026,10548,怀化学院,203,4,4,519,145511
2026,10548,怀化学院,204,5,5,494,191757
2026,10549,湖南文理学院(中外合作办学),202,6,6,494,192006
2026,10549,湖南文理学院,203,8,8,496,187178
2026,10549,湖南文理学院(中外合作办学),204,4,4,499,181660
2026,10551,湖南科技学院,203,19,19,507,168423
2026,10551,湖南科技学院(中外合作办学),204,2,2,491,196908
2026,10553,湖南人文科技学院(中外合作办学),204,1,1,486,206271
2026,10553,湖南人文科技学院,205,2,2,502,176186
2026,10553,湖南人文科技学院,206,9,9,510,162991
2026,10553,湖南人文科技学院,207,1,1,543,104350
2026,10554,湖南工商大学,203,1,1,550,92881
2026,10554,湖南工商大学,204,2,2,555,84867
2026,10554,湖南工商大学(中外合作办学),205,2,2,545,100714
2026,10554,湖南工商大学,206,3,3,527,131093
2026,10554,湖南工商大学,207,8,8,548,95521
2026,10554,湖南工商大学(中外合作办学),213,1,1,539,110985
2026,10555,南华大学,204,10,10,535,117940
2026,10555,南华大学,205,2,2,525,135470
2026,10555,南华大学,206,12,12,530,125706
2026,10555,南华大学,207,28,28,531,125155
2026,10555,南华大学,208,11,11,519,145653
2026,10555,南华大学,209,264,264,539,111461
2026,10555,南华大学,210,180,180,523,138339
2026,10555,南华大学,213,30,30,521,143027
2026,10558,中山大学,206,256,256,626,12628
2026,10558,中山大学,207,66,66,643,5730
2026,10558,中山大学,208,412,412,648,4392
2026,10558,中山大学,209,148,148,642,6177
2026,10558,中山大学,210,122,122,643,5646
2026,10558,中山大学,211,343,343,625,13063
2026,10558,中山大学,212,33,33,664,1544
2026,10558,中山大学,213,23,23,666,1322
2026,10558,中山大学,214,461,461,650,3795
2026,10558,中山大学,215,402,402,638,7378
2026,10558,中山大学,216,333,333,625,13126
2026,10558,中山大学(高校专项计划),217,4,4,625,13028
2026,10558,中山大学(高校专项计划),218,18,18,611,21542
2026,10559,暨南大学,210,54,54,602,28466
2026,10559,暨南大学,211,36,36,602,28988
2026,10559,暨南大学,212,244,244,610,22244
2026,10559,暨南大学,213,11,11,606,25004
2026,10559,暨南大学,214,99,99,605,26083
2026,10559,教暨南大学,215,89,89,602,28760
2026,10559,暨南大学,216,62,62,603,27893
2026,10559,暨南大学,217,184,184,600,30199
2026,10559,省暨南大学,218,174,174,598,32296
2026,10559,暨南大学,219,316,316,614,19486
2026,10559,暨南大学,220,356,356,616,18395
2026,10559,东暨南大学,221,20,20,598,31940
2026,10559,暨南大学,222,100,100,594,35940
2026,10559,暨南大学(中外合作办学),223,70,70,595,34944
2026,10560,汕头大学,207,59,59,562,74230
2026,10560,汕头大学,208,136,136,562,75122
2026,10560,汕头大学,209,140,140,563,73794
2026,10560,汕头大学,210,76,76,562,74802
2026,10560,汕头大学,211,97,97,561,76992
2026,10560,汕头大学,212,150,150,574,58163
2026,10560,汕头大学,213,128,128,562,75055
2026,10560,汕头大学,214,152,152,566,68650
2026,10560,汕头大学,215,362,362,576,55980
2026,10560,汕头大学,216,369,369,570,64446
2026,10560,汕头大学,217,349,349,577,54429
2026,10560,汕头大学,218,10,10,561,76870
2026,10560,汕头大学(地方专项),219,11,11,552,89643
2026,10560,汕头大学(地方专项),220,18,18,551,90653
2026,10560,汕头大学(地方专项),221,9,9,567,68066
2026,10560,汕头大学(地方专项),222,8,8,566,69309
2026,10560,汕头大学(地方专项),223,15,15,544,103001
2026,10560,汕头大学(地方专项),224,13,13,565,70394
2026,10560,汕头大学(国际班),226,60,60,508,166304
2026,10561,华南理工大学(高校专项计划),203,15,15,597,32911
2026,10561,华南理工大学(高校专项计划),204,31,31,598,32258
2026,10561,华南理工大学,205,426,426,646,4933
2026,10561,华南理工大学,206,748,749,627,11842
2026,10561,华南理工大学,207,828,828,628,11306
2026,10561,华南理工大学,208,758,758,632,9710
2026,10561,华南理工大学,209,35,35,627,12093
2026,10561,华南理工大学(中外合作办学),210,10,10,621,15208
2026,10564,华南农业大学,210,234,234,572,61429
2026,10564,华南农业大学,211,116,116,569,65742
2026,10564,华南农业大学,213,55,55,569,65049
2026,10564,华南农业大学,214,33,33,570,63239
2026,10564,华南农业大学,215,64,64,570,63785
2026,10564,华南农业大学,216,459,459,590,39922
2026,10564,华南农业大学,217,456,456,584,47116
2026,10564,华南农业大学,218,540,540,592,38226
2026,10564,华南农业大学,219,382,382,591,38892
2026,10564,华南农业大学,220,163,163,583,48115
2026,10564,华南农业大学,221,118,118,578,54214
2026,10564,华南农业大学,222,136,136,574,58811
2026,10564,华南农业大学,223,137,137,573,60117
2026,10564,华南农业大学,224,111,111,581,50334
2026,10564,华南农业大学,230,37,37,597,33072
2026,10564,华南农业大学,231,163,163,579,51916
2026,10564,华南农业大学,232,71,71,579,52066
2026,10564,华南农业大学,233,53,53,575,57027
2026,10564,华南农业大学(国际班),251,30,30,543,104495
2026,10564,华南农业大学(国际班),252,280,280,537,114265
2026,10564,华南农业大学(中外合作办学),253,176,176,548,96510
2026,10564,华南农业大学(地方专项),271,450,450,542,105374
2026,10566,广东海洋大学,201,188,188,522,140098
2026,10566,广东海洋大学,202,323,323,517,149109
2026,10566,教广东海洋大学,203,25,25,529,127984
2026,10566,广东海洋大学,204,34,34,533,120916
2026,10566,广东海洋大学,205,444,444,506,169918
2026,10566,省广东海洋大学,206,398,398,514,155255
2026,10566,广东海洋大学,207,166,166,533,121908
2026,10566,广东海洋大学,208,131,131,526,134477
2026,10566,东广东海洋大学,209,424,424,550,92009
2026,10566,广东海洋大学,210,392,392,544,102386
2026,10566,广东海洋大学,211,468,468,529,128169
2026,10566,广东海洋大学,213,663,663,548,96576
2026,10566,广东海洋大学(中外合作办学),214,111,111,498,184654
2026,10566,广东海洋大学,215,94,94,503,174147
2026,10566,广东海洋大学,216,11,11,529,128243
2026,10566,广东海洋大学,217,181,181,516,152050
2026,10566,广东海洋大学,218,337,337,513,157563
2026,10566,广东海洋大学,219,414,414,508,166376
2026,10566,广东海洋大学,220,50,50,526,133362
2026,10566,广东海洋大学,221,153,153,516,152401
2026,10566,广东海洋大学(地方专项),222,20,20,521,143084
2026,10566,广东海洋大学(地方专项),223,34,34,541,107135
2026,10566,广东海洋大学(地方专项),224,22,22,544,102943
2026,10566,广东海洋大学(地方专项),225,34,34,539,111019
2026,10566,广东海洋大学,226,272,272,513,157234
2026,10566,广东海洋大学,227,68,68,516,152195
2026,10566,广东海洋大学,228,410,410,547,97432
2026,10566,广东海洋大学,229,271,271,540,108404
2026,10566,广东海洋大学,230,408,408,542,105193
2026,10566,广东海洋大学,231,70,70,545,100955
2026,10566,广东海洋大学,232,270,270,499,181910
2026,10566,广东海洋大学,233,20,20,534,120089
2026,10570,广州医科大学,201,10,10,626,12223
2026,10570,广州医科大学,202,7,7,607,24767
2026,10570,广州医科大学,203,15,15,618,17121
2026,10570,广州医科大学,204,903,903,564,72411
2026,10570,广州医科大学,205,178,178,556,83212
2026,10570,广州医科大学,206,453,453,560,77584
2026,10570,广州医科大学(地方专项),208,55,55,532,123032
2026,10571,广东医科大学,201,684,684,551,91124
2026,10571,广东医科大学,202,446,446,541,108104
2026,10571,广东医科大学,203,453,453,516,151269
2026,10571,广东医科大学,204,513,513,518,147974
2026,10571,广东医科大学,205,618,618,517,149325
2026,10571,广东医科大学,206,627,627,529,128594
2026,10571,广东医科大学,207,345,345,504,172913
2026,10571,广东医科大学,208,60,60,544,102775
2026,10571,广东医科大学,209,30,30,559,78798
2026,10571,广东医科大学,210,30,30,525,134660
2026,10571,广东医科大学(地方专项),211,100,97,509,165002
2026,10571,广东医科大学(协同培养),212,105,105,508,166907
2026,10571,广东医科大学(协同培养),213,35,35,512,158387
2026,10572,广州中医药大学,201,105,105,606,25409
2026,10572,广州中医药大学,202,438,438,568,66011
2026,10572,广州中医药大学,203,168,168,564,71548
2026,10572,广州中医药大学,204,255,255,562,75220
2026,10572,广州中医药大学,205,233,233,555,85077
2026,10572,广州中医药大学,206,149,149,563,73505
2026,10572,广州中医药大学,207,392,392,553,88182
2026,10572,广州中医药大学,208,33,33,554,86047
2026,10572,广州中医药大学,209,71,71,554,87132
2026,10572,广州中医药大学(地方专项),215,8,8,568,66279
2026,10572,教广州中医药大学(地方专项),216,20,20,543,103598
2026,10572,广州中医药大学(地方专项),217,15,15,532,122960
2026,10573,广东药科大学,201,396,396,545,100110
2026,10573,省广东药科大学,202,1079,1079,528,130327
2026,10573,广东药科大学,203,410,410,520,144896
2026,10573,广东药科大学,204,1278,1278,513,156522
2026,10573,东广东药科大学,205,394,394,508,165673
2026,10573,广东药科大学,206,386,386,517,150429
2026,10573,广东药科大学,207,673,673,528,130882
2026,10573,广东药科大学(国际班),209,64,64,495,189789
2026,10573,广东药科大学(国际班),210,40,40,485,207504
2026,10573,广东药科大学,211,203,203,545,101306
2026,10573,广东药科大学,212,253,253,509,164132
2026,10573,广东药科大学,213,15,15,542,106400
2026,10573,广东药科大学(国际班),214,18,18,511,160692
2026,10574,华南师范大学,223,8,8,621,14856
2026,10574,华南师范大学,224,11,11,616,18009
2026,10574,华南师范大学,225,142,142,612,20444
2026,10574,华南师范大学,226,35,35,609,23193
2026,10574,华南师范大学,227,184,184,609,23017
2026,10574,华南师范大学,228,20,20,610,22373
2026,10574,华南师范大学,229,26,26,604,26947
2026,10574,华南师范大学,230,171,171,596,34119
2026,10574,华南师范大学,231,187,187,602,28454
2026,10574,华南师范大学,232,28,28,609,23008
2026,10574,华南师范大学,233,14,14,605,26219
2026,10574,华南师范大学,234,14,14,601,29347
2026,10574,华南师范大学,235,10,10,596,34355
2026,10574,华南师范大学,236,36,36,597,33296
2026,10574,华南师范大学,237,30,30,615,18421
2026,10574,华南师范大学,238,45,45,615,18674
2026,10574,华南师范大学,239,71,71,589,40796
2026,10574,华南师范大学,240,264,264,589,40954
2026,10574,华南师范大学,241,87,87,587,43446
2026,10574,华南师范大学,242,884,884,605,26190
2026,10574,华南师范大学,243,25,25,588,42360
2026,10574,华南师范大学,244,155,155,592,38066
2026,10574,华南师范大学,245,25,25,611,21284
2026,10574,华南师范大学,246,4,4,608,23539
2026,10574,华南师范大学,247,20,20,598,32211
2026,10574,华南师范大学(地方专项),251,15,15,568,65803
2026,10574,华南师范大学(地方专项),252,5,5,576,55883
2026,10574,华南师范大学(地方专项),253,10,10,584,46737
2026,10574,华南师范大学(地方专项),254,20,20,600,30093
2026,10574,华南师范大学(地方专项),255,15,15,594,35810
2026,10574,华南师范大学(地方专项),256,5,5,594,36134
2026,10574,华南师范大学(联合培养),257,5,5,588,42327
2026,10574,华南师范大学(联合培养),258,150,150,593,37089
2026,10574,华南师范大学(联合培养),259,165,165,577,55154
2026,10574,华南师范大学(中外合作办学),260,50,50,579,52018
2026,10574,华南师范大学(中外合作办学),261,275,275,583,48124
2026,10574,华南师范大学(中外合作办学),262,90,90,576,56644
2026,10576,韶关学院,222,307,307,501,178986
2026,10576,韶关学院,223,185,185,501,178593
2026,10576,韶关学院,224,441,441,496,188528
2026,10576,韶关学院,225,262,262,514,154415
2026,10576,韶关学院,226,618,618,494,190709
2026,10576,韶关学院,231,91,91,501,178731
2026,10576,韶关学院,232,135,135,502,177478
2026,10576,韶关学院,233,50,50,496,187091
2026,10576,教韶关学院(协同培养),234,50,50,493,192334
2026,10576,韶关学院,235,247,247,519,145318
2026,10576,韶关学院,236,20,20,514,154867
2026,10576,省韶关学院,237,274,274,503,175285
2026,10576,韶关学院,238,314,314,497,185989
2026,10576,韶关学院,239,364,364,497,186871
2026,10576,东韶关学院,242,302,302,505,171623
2026,10576,韶关学院,243,376,376,517,149362
2026,10576,韶关学院,244,457,457,514,155034
2026,10576,韶关学院(协同培养),247,80,80,510,162215
2026,10576,韶关学院(学分互认),248,30,30,493,193517
2026,10576,韶关学院(校企联合培养),250,135,135,516,151410
2026,10576,韶关学院,251,50,50,516,152041
2026,10576,韶关学院,252,96,96,496,187790
2026,10577,惠州学院,220,15,15,537,113859
2026,10577,惠州学院,221,143,143,521,142562
2026,10577,惠州学院,222,301,301,507,167561
2026,10577,惠州学院,223,469,469,513,157403
2026,10577,惠州学院,224,30,30,510,163307
2026,10577,惠州学院,225,40,40,530,126406
2026,10577,惠州学院,226,50,50,543,104447
2026,10577,惠州学院,227,40,40,539,111110
2026,10577,惠州学院,228,260,260,531,125200
2026,10577,惠州学院,229,45,45,535,117650
2026,10577,惠州学院,230,178,178,507,167533
2026,10577,惠州学院,231,43,43,531,124406
2026,10577,惠州学院,232,37,37,529,129114
2026,10577,惠州学院,233,46,46,520,145075
2026,10577,惠州学院,234,169,169,503,174841
2026,10577,惠州学院,235,426,426,534,119033
2026,10577,惠州学院,236,165,165,527,131520
2026,10577,惠州学院,237,381,381,538,111842
2026,10577,惠州学院,238,216,216,505,170790
2026,10577,惠州学院,239,61,61,523,138408
2026,10577,惠州学院,240,246,246,512,159523
2026,10577,惠州学院,241,276,276,531,124046
2026,10577,惠州学院,242,40,40,528,130533
2026,10577,惠州学院,243,40,40,539,110513
2026,10577,惠州学院,244,40,40,547,97282
2026,10577,惠州学院,245,15,15,537,114345
2026,10577,惠州学院,246,20,20,527,131743
2026,10577,惠州学院(联合培养),247,45,45,480,215439
2026,10577,惠州学院(联合培养),248,50,50,487,204057
2026,10577,惠州学院(联合培养),249,87,87,484,208588
2026,10577,惠州学院(联合培养),250,60,60,488,202673
2026,10577,惠州学院(中外合作办学),251,60,60,453,261447
2026,10578,韩山师范学院,260,52,52,516,152215
2026,10578,韩山师范学院,261,52,52,511,161207
2026,10578,韩山师范学院,262,314,314,499,182270
2026,10578,韩山师范学院,263,134,134,506,169426
2026,10578,韩山师范学院,264,188,188,496,187464
2026,10578,韩山师范学院,265,233,233,496,187163
2026,10578,韩山师范学院,266,474,474,499,181903
2026,10578,韩山师范学院,267,487,487,497,186713
2026,10578,韩山师范学院,268,274,274,512,158132
2026,10578,韩山师范学院,269,477,477,504,173689
2026,10578,韩山师范学院,270,487,487,510,161620
2026,10578,韩山师范学院,271,218,218,499,181632
2026,10578,韩山师范学院(协同培养),272,50,50,506,169552
2026,10578,韩山师范学院(协同培养),273,50,50,508,166658
2026,10578,教韩山师范学院(协同培养),274,50,50,508,165537
2026,10578,韩山师范学院(协同培养),275,25,25,506,169562
2026,10578,韩山师范学院(协同培养),276,40,40,496,188047
2026,10578,省韩山师范学院(联合培养),277,32,32,480,216628
2026,10578,韩山师范学院(联合培养),278,65,65,472,229966
2026,10578,韩山师范学院(联合培养),279,32,32,464,242976
2026,10578,东韩山师范学院(联合培养),280,65,65,449,267411
2026,10578,韩山师范学院,281,80,80,494,190891
2026,10579,岭南师范学院,207,40,40,527,132609
2026,10579,岭南师范学院,209,440,440,501,177880
2026,10579,岭南师范学院,210,550,550,506,169806
2026,10579,岭南师范学院,211,472,472,515,152972
2026,10579,岭南师范学院,212,226,226,498,184782
2026,10579,岭南师范学院,213,52,52,504,172793
2026,10579,岭南师范学院,214,155,155,503,175509
2026,10579,岭南师范学院,215,260,260,498,184928
2026,10579,岭南师范学院,216,251,251,516,150851
2026,10579,岭南师范学院,217,129,129,501,179487
2026,10579,岭南师范学院,218,50,50,510,162941
2026,10579,岭南师范学院,219,71,71,504,172847
2026,10579,岭南师范学院,220,30,30,504,173443
2026,10579,岭南师范学院,221,538,538,518,148631
2026,10579,岭南师范学院(协同培养),222,40,40,512,159086
2026,10579,岭南师范学院(协同培养),223,40,40,511,159760
2026,10579,岭南师范学院(协同培养),224,40,40,514,155151
2026,10579,岭南师范学院(中外合作办学),225,80,80,467,238230
2026,10580,肇庆学院,209,373,373,504,173832
2026,10580,肇庆学院,210,208,208,503,175605
2026,10580,肇庆学院,211,143,143,514,155358
2026,10580,肇庆学院,212,191,191,505,172284
2026,10580,肇庆学院,213,50,50,517,150317
2026,10580,肇庆学院,214,108,108,500,180240
2026,10580,肇庆学院,215,85,85,499,181723
2026,10580,肇庆学院,216,50,50,518,147292
2026,10580,肇庆学院,217,160,160,508,166920
2026,10580,肇庆学院,218,374,374,510,161634
2026,10580,肇庆学院,219,419,419,522,140085
2026,10580,肇庆学院,220,509,509,524,136947
2026,10580,肇庆学院,221,559,559,520,144005
2026,10580,肇庆学院,222,235,235,501,178471
2026,10580,肇庆学院,223,506,506,502,177233
2026,10580,肇庆学院,224,387,387,502,177496
2026,10580,肇庆学院,225,179,179,527,131026
2026,10580,肇庆学院(联合培养),235,20,20,481,214388
2026,10580,肇庆学院(联合培养),236,25,25,477,221120
2026,10580,肇庆学院(联合培养),237,50,50,489,199583
2026,10580,肇庆学院(联合培养),238,50,50,482,212471
2026,10582,嘉应学院,201,358,358,503,175035
2026,10582,嘉应学院,202,133,133,508,165288
2026,10582,嘉应学院,203,442,442,512,158853
2026,10582,嘉应学院,204,386,386,510,161940
2026,10582,嘉应学院,205,194,194,494,191466
2026,10582,嘉应学院,206,322,322,498,185004
2026,10582,嘉应学院,207,542,542,496,188363
2026,10582,嘉应学院,208,351,351,496,187326
2026,10582,嘉应学院,209,116,116,521,141859
2026,10582,嘉应学院(协同培养),210,50,50,497,185537
2026,10582,嘉应学院,211,113,113,520,145019
2026,10582,嘉应学院,212,78,78,501,177967
2026,10582,嘉应学院,213,52,52,504,172617
2026,10582,教嘉应学院,214,22,22,510,162047
2026,10582,嘉应学院,215,41,41,495,190454
2026,10582,嘉应学院,216,249,249,493,192699
2026,10582,省嘉应学院,217,344,344,495,190139
2026,10582,嘉应学院,218,132,132,494,190538
2026,10582,嘉应学院,219,145,145,495,189695
2026,10582,东嘉应学院,220,221,221,496,187304
2026,10582,嘉应学院,221,75,75,495,189552
2026,10582,嘉应学院(联合培养),222,30,30,485,206531
2026,10585,广州体育学院,202,45,45,507,168515
2026,10585,广州体育学院,203,70,70,512,158163
2026,10586,广州美术学院,213,105,105,523,138541
2026,10586,广州美术学院,214,171,171,540,108547
2026,10587,星海音乐学院,202,13,13,527,131005
2026,10588,广东技术师范大学,201,602,602,549,94225
2026,10588,广东技术师范大学,202,69,69,561,76583
2026,10588,广东技术师范大学,203,105,105,562,75539
2026,10588,广东技术师范大学,204,30,30,567,67138
2026,10588,广东技术师范大学,205,96,96,561,75922
2026,10588,广东技术师范大学(地方专项),206,25,25,549,94074
2026,10588,广东技术师范大学,207,90,90,553,88618
2026,10588,广东技术师范大学,208,612,612,553,87476
2026,10588,广东技术师范大学,209,454,454,553,88531
2026,10588,广东技术师范大学,210,781,781,550,91997
2026,10588,广东技术师范大学,211,290,290,548,96493
2026,10588,广东技术师范大学,212,80,80,544,102654
2026,10588,广东技术师范大学,213,551,551,558,80950
2026,10588,广东技术师范大学,214,158,158,550,93169
2026,10588,广东技术师范大学,215,187,187,543,103124
2026,10588,广东技术师范大学,216,76,76,543,104493
2026,10588,广东技术师范大学,217,188,188,549,93675
2026,10588,广东技术师范大学,218,170,170,544,101615
2026,10588,广东技术师范大学,219,131,131,532,123455
2026,10588,广东技术师范大学,220,70,70,536,115547
2026,10588,广东技术师范大学,221,274,274,537,114234
2026,10588,广东技术师范大学,222,127,127,541,106885
2026,10588,广东技术师范大学,223,19,19,537,113737
2026,10588,广东技术师范大学,224,21,21,539,111216
2026,10588,广东技术师范大学(学分互认),225,200,200,495,188953
2026,10588,广东技术师范大学(学分互认),226,200,200,488,201489
2026,10588,广东技术师范大学(学分互认),227,50,50,488,202628
2026,10588,广东技术师范大学(学分互认),228,60,60,492,195577
2026,10588,广东技术师范大学(学分互认),229,54,54,486,206080
2026,10588,广东技术师范大学(学分互认),230,80,80,486,205450
2026,10588,广东技术师范大学(学分互认),231,30,30,492,195812
2026,10588,广东技术师范大学(学分互认),232,100,100,481,214510
2026,10588,广东技术师范大学(少数民族班),233,85,85,449,267470
2026,10588,广东技术师范大学(少数民族班),234,45,45,442,279151
2026,10589,海南大学,206,2,2,587,42949
2026,10589,海南大学,207,2,2,583,47610
2026,10589,海南大学,208,4,4,576,55977
2026,10589,海南大学,209,86,86,587,43229
2026,10589,海南大学,210,10,10,605,26059
2026,10589,海南大学,211,44,44,582,49303
2026,10589,海南大学(中外合作办学),212,5,5,584,46526
2026,10589,海南大学(中外合作办学),217,2,2,555,84926
2026,10589,海南大学(中外合作办学),218,11,11,556,83298
2026,10590,深圳大学,221,188,188,610,22569
2026,10590,深圳大学,222,24,24,613,20173
2026,10590,深圳大学,223,310,310,619,16087
2026,10590,教深圳大学,224,20,20,606,25214
2026,10590,深圳大学,225,41,41,617,17567
2026,10590,深圳大学,226,23,23,615,18920
2026,10590,省深圳大学,227,163,163,601,29359
2026,10590,深圳大学,228,194,194,599,31075
2026,10590,深圳大学,229,131,131,621,15291
2026,10590,东深圳大学,230,748,748,610,22199
2026,10590,深圳大学,231,250,250,622,14529
2026,10590,深圳大学,232,47,47,596,33611
2026,10590,深圳大学,234,121,121,623,14189
2026,10590,深圳大学,235,11,11,601,29313
2026,10590,深圳大学,236,161,161,599,31362
2026,10590,深圳大学,237,168,168,607,24878
2026,10590,深圳大学,238,99,99,597,33172
2026,10590,深圳大学,239,63,63,601,29833
2026,10590,深圳大学,240,17,17,610,22257
2026,10590,深圳大学,241,33,33,615,18839
2026,10590,深圳大学,242,121,121,612,20499
2026,10590,深圳大学,243,172,172,593,37316
2026,10590,深圳大学,244,41,41,600,30013
2026,10590,深圳大学(中外合作办学),245,180,180,584,46492
2026,10590,深圳大学(地方专项),251,64,64,590,39610
2026,10590,深圳大学(地方专项),252,16,16,585,44860
2026,10590,深圳大学(地方专项),253,7,7,605,25968
2026,10590,深圳大学(地方专项),254,21,21,574,58587
2026,10590,深圳大学(地方专项),255,14,14,583,48300
2026,10590,深圳大学(地方专项),256,88,88,572,61366
2026,10592,广东财经大学,211,475,475,554,85890
2026,10592,广东财经大学,212,304,304,557,81851
2026,10592,广东财经大学,213,451,451,554,86794
2026,10592,广东财经大学,214,328,328,551,90698
2026,10592,广东财经大学,215,409,409,557,82212
2026,10592,广东财经大学,216,150,150,549,94004
2026,10592,广东财经大学,217,81,81,549,94053
2026,10592,广东财经大学,218,141,141,549,94029
2026,10592,广东财经大学,219,80,80,554,86487
2026,10592,广东财经大学,220,752,752,562,74768
2026,10592,广东财经大学(联合培养),221,88,88,537,113971
2026,10592,广东财经大学(联合培养),222,40,40,544,102371
2026,10592,广东财经大学(中外合作办学),223,188,188,535,116933
2026,10592,广东财经大学(中外合作办学),224,95,95,533,121985
2026,10592,广东财经大学(地方专项),225,16,16,537,114626
2026,10592,广东财经大学(地方专项),226,14,14,561,75715
2026,10593,广西大学,201,24,24,571,62137
2026,10593,广西大学(高校专项计划),202,2,2,590,40386
2026,10593,广西大学,203,66,66,594,35599
2026,10593,广西大学,204,36,36,576,56040
2026,10594,广西科技大学,201,2,2,528,129710
2026,10594,广西科技大学,202,12,12,504,172454
2026,10594,广西科技大学,203,33,33,524,137677
2026,10594,广西科技大学,205,4,4,497,185839
2026,10594,广西科技大学(中外合作办学),208,8,8,495,189639
2026,10594,广西科技大学(中外合作办学),209,6,6,482,213010
2026,10595,桂林电子科技大学(本科预科班),203,2,2,459,251071
2026,10595,桂林电子科技大学,204,21,21,546,98974
2026,10595,桂林电子科技大学,205,2,2,551,91310
2026,10595,桂林电子科技大学(中外合作办学),206,6,6,530,125876
2026,10595,桂林电子科技大学,207,21,21,582,49453
2026,10595,桂林电子科技大学,208,19,19,588,41988
2026,10595,桂林电子科技大学,209,10,10,585,45890
2026,10595,教桂林电子科技大学,210,10,10,572,61063
2026,10595,桂林电子科技大学,211,14,14,581,49874
2026,10595,桂林电子科技大学,212,13,13,567,67392
2026,10595,省桂林电子科技大学,213,8,8,551,91259
2026,10595,桂林电子科技大学,214,13,13,511,161011
2026,10595,桂林电子科技大学,215,2,2,590,39544
2026,10595,东桂林电子科技大学,216,2,2,589,40861
2026,10595,桂林电子科技大学(中外合作办学),217,12,12,547,97341
2026,10595,桂林电子科技大学(中外合作办学),218,16,16,556,84015
2026,10596,桂林理工大学,205,56,56,533,121487
2026,10596,桂林理工大学(中外合作办学),208,5,5,532,123514
2026,10596,桂林理工大学(中外合作办学),209,8,8,525,134682
2026,10598,广西医科大学,204,2,2,613,19813
2026,10598,广西医科大学,205,4,4,586,44451
2026,10598,广西医科大学,206,4,4,563,73082
2026,10598,广西医科大学,207,2,2,596,33783
2026,10598,广西医科大学,208,5,5,543,104030
2026,10598,广西医科大学,209,2,2,555,84754
2026,10598,广西医科大学,210,3,3,531,124460
2026,10599,右江民族医学院,204,1,1,503,174330
2026,10599,右江民族医学院,205,5,5,493,193842
2026,10599,右江民族医学院,206,3,3,502,176094
2026,10599,右江民族医学院,207,3,3,504,172419
2026,10599,右江民族医学院,208,1,1,494,192070
2026,10599,右江民族医学院,209,8,8,537,113675
2026,10599,右江民族医学院,210,2,2,498,184621
2026,10599,右江民族医学院,211,2,2,536,115818
2026,10599,右江民族医学院,212,3,3,506,169110
2026,10599,右江民族医学院,213,9,9,502,176844
2026,10599,右江民族医学院,214,2,2,563,73900
2026,10600,广西中医药大学,203,2,2,593,37466
2026,10600,广西中医药大学,204,2,2,551,90982
2026,10600,广西中医药大学,205,4,4,539,110897
2026,10600,广西中医药大学,206,6,6,535,117749
2026,10600,广西中医药大学,207,8,8,559,79439
2026,10600,广西中医药大学,208,4,4,553,87490
2026,10600,广西中医药大学,209,6,6,515,153887
2026,10600,广西中医药大学,210,1,1,566,68929
2026,10601,桂林医科大学,201,20,20,546,99303
2026,10601,桂林医科大学,202,2,2,566,68827
2026,10601,桂林医科大学,203,2,2,529,128935
2026,10601,桂林医科大学,204,2,2,547,97752
2026,10601,桂林医科大学(联合培养),205,3,3,470,233495
2026,10601,桂林医科大学(联合培养),206,3,3,483,211367
2026,10601,桂林医科大学(联合培养),207,3,3,473,228142
2026,10601,桂林医科大学(联合培养),208,4,4,471,232122
2026,10601,桂林医科大学(联合培养),209,2,2,477,221196
2026,10602,广西师范大学,206,6,6,527,131514
2026,10602,广西师范大学,207,2,2,567,67814
2026,10602,广西师范大学,212,2,2,583,47149
2026,10602,广西师范大学,213,12,12,522,140678
2026,10602,广西师范大学,214,27,27,548,96470
2026,10602,广西师范大学,215,2,2,521,143480
2026,10603,南宁师范大学,203,4,4,515,152955
2026,10603,南宁师范大学,204,2,2,544,102009
2026,10603,南宁师范大学,205,14,14,531,124389
2026,10603,南宁师范大学,206,3,3,543,103328
2026,10603,南宁师范大学(中外合作办学),207,7,7,441,279476
2026,10603,南宁师范大学(中外合作办学),208,7,7,441,279784
2026,10603,南宁师范大学(中外合作办学),210,7,7,432,294169
2026,10605,教河池学院,201,5,5,511,160549
2026,10605,河池学院,202,10,10,495,188784
2026,10606,玉林师范学院,205,23,23,508,165177
2026,10606,省玉林师范学院,206,19,19,497,186085
2026,10606,玉林师范学院,207,15,15,495,190310
2026,10606,玉林师范学院,208,2,2,495,190229
2026,10607,东广西艺术学院,202,15,15,490,198662
2026,10608,广西民族大学,203,2,2,531,125439
2026,10608,广西民族大学,204,2,2,528,130137
2026,10608,广西民族大学,206,2,2,533,121807
2026,10608,广西民族大学,207,13,13,532,123244
2026,10608,广西民族大学,208,2,2,531,123915
2026,10608,广西民族大学,209,8,8,507,167219
2026,10608,广西民族大学,215,2,2,501,178205
2026,10608,广西民族大学(联合培养),216,2,2,484,209866
2026,10608,广西民族大学(联合培养),217,3,3,493,192549
2026,10608,广西民族大学(联合培养),218,2,2,509,164144
2026,10608,广西民族大学(联合培养),219,2,2,487,203973
2026,10608,广西民族大学(联合培养),220,4,4,438,284721
2026,10610,四川大学(高校专项计划),209,1,1,613,19855
2026,10610,四川大学,210,3,3,660,2028
2026,10610,四川大学,211,1,1,673,732
2026,10610,四川大学,212,6,6,633,9192
2026,10610,四川大学,213,85,85,621,15322
2026,10610,四川大学(中外合作办学),214,20,20,615,18487
2026,10611,重庆大学(高校专项计划),202,2,2,615,18517
2026,10611,重庆大学(本科预科班),203,1,1,606,24975
2026,10611,重庆大学,204,94,94,625,12703
2026,10611,重庆大学,205,2,2,623,13986
2026,10611,重庆大学(中外合作办学),206,9,9,619,16064
2026,10611,重庆大学,213,5,5,636,8002
2026,10611,重庆大学,214,2,2,635,8626
2026,10611,重庆大学(中外合作办学),215,2,2,599,31619
2026,10613,西南交通大学(高校专项计划),203,1,1,561,76039
2026,10613,西南交通大学,204,15,15,622,14531
2026,10613,西南交通大学,205,12,12,621,15045
2026,10613,西南交通大学,206,10,10,620,15592
2026,10613,西南交通大学,207,7,7,617,17265
2026,10613,西南交通大学,208,13,13,617,17210
2026,10613,西南交通大学,209,14,14,608,24132
2026,10613,西南交通大学,210,14,14,607,24835
2026,10613,西南交通大学,211,6,6,616,18403
2026,10613,西南交通大学,212,11,11,585,45007
2026,10613,西南交通大学,213,6,6,602,28765
2026,10613,西南交通大学,214,10,10,610,22615
2026,10613,西南交通大学,215,9,9,599,31715
2026,10613,西南交通大学(中外合作办学),216,33,33,599,31296
2026,10613,西南交通大学(中外合作办学),217,8,8,576,56598
2026,10614,电子科技大学(高校专项计划),202,2,2,640,6733
2026,10614,电子科技大学,203,76,76,653,3161
2026,10614,电子科技大学,204,51,51,645,5309
2026,10615,西南石油大学,206,12,12,560,77799
2026,10615,西南石油大学,207,59,59,567,67481
2026,10615,西南石油大学,209,12,12,571,62869
2026,10615,西南石油大学,210,4,4,589,41317
2026,10615,西南石油大学(中外合作办学),211,3,3,563,74022
2026,10616,成都理工大学,204,16,16,560,77311
2026,10616,成都理工大学(中外合作办学),205,2,2,556,83126
2026,10616,成都理工大学,206,56,56,566,69665
2026,10616,成都理工大学,207,21,21,565,71358
2026,10616,教成都理工大学,208,8,8,570,64304
2026,10616,成都理工大学,209,6,6,592,38163
2026,10616,成都理工大学(中外合作办学),210,2,2,579,52689
2026,10616,省成都理工大学,213,2,2,567,67924
2026,10616,成都理工大学,214,12,12,581,49584
2026,10616,成都理工大学,215,6,6,572,61280
2026,10616,东成都理工大学,216,4,4,585,45348
2026,10616,成都理工大学(中外合作办学),217,4,4,543,103809
2026,10617,重庆邮电大学,202,150,150,586,43857
2026,10617,重庆邮电大学(中外合作办学),206,19,19,573,59355
2026,10617,重庆邮电大学,207,20,20,592,38137
2026,10618,重庆交通大学,203,3,3,544,102735
2026,10618,重庆交通大学,204,24,24,539,111169
2026,10618,重庆交通大学,205,101,101,549,94125
2026,10618,重庆交通大学(中外合作办学),206,4,4,546,98475
2026,10619,西南科技大学,204,12,12,539,110457
2026,10619,西南科技大学,205,41,41,559,79267
2026,10619,西南科技大学,206,2,2,549,94601
2026,10619,西南科技大学(中外合作办学),207,4,4,487,204257
2026,10621,成都信息工程大学,204,1,1,597,33121
2026,10621,成都信息工程大学,205,2,2,578,53163
2026,10621,成都信息工程大学,206,2,2,579,51968
2026,10621,成都信息工程大学,207,11,11,580,51079
2026,10621,成都信息工程大学,210,8,8,576,56181
2026,10621,成都信息工程大学,211,44,44,567,68225
2026,10621,成都信息工程大学(联合培养),212,2,0,,
2026,10621,成都信息工程大学(中外合作办学),213,3,3,552,89981
2026,10621,成都信息工程大学(中外合作办学),214,5,5,535,118244
2026,10622,四川轻化工大学,202,2,2,537,113430
2026,10622,四川轻化工大学,203,1,1,559,79723
2026,10622,四川轻化工大学,204,1,1,551,90419
2026,10622,四川轻化工大学,205,2,2,550,93214
2026,10622,四川轻化工大学,206,2,2,560,77964
2026,10622,四川轻化工大学(中外合作办学),207,6,6,478,218606
2026,10622,四川轻化工大学(中外合作办学),208,3,3,478,220200
2026,10622,四川轻化工大学(中外合作办学),209,3,3,500,179886
2026,10623,西华大学(本科预科班),203,2,2,420,310092
2026,10623,西华大学,204,15,15,567,67263
2026,10623,西华大学,205,7,7,570,64028
2026,10623,西华大学(中外合作办学),206,5,5,541,106910
2026,10624,中国民用航空飞行学院,204,5,5,545,100587
2026,10624,中国民用航空飞行学院,205,17,17,528,130657
2026,10624,中国民用航空飞行学院,206,19,19,550,92008
2026,10624,中国民用航空飞行学院,207,141,141,551,91563
2026,10624,中国民用航空飞行学院,208,1,1,537,114192
2026,10626,四川农业大学,201,17,17,565,70752
2026,10626,四川农业大学,202,19,19,567,67655
2026,10626,四川农业大学,203,30,30,574,59103
2026,10626,四川农业大学,204,39,39,573,60291
2026,10626,四川农业大学,205,5,5,591,38790
2026,10626,四川农业大学(中外合作办学),206,2,2,552,88906
2026,10626,四川农业大学(中外合作办学),207,3,3,544,102812
2026,10628,西昌学院,202,5,5,495,188927
2026,10628,西昌学院,203,10,10,514,155678
2026,10631,重庆医科大学(中外合作办学),201,5,5,571,62708
2026,10631,重庆医科大学,202,13,13,579,52080
2026,10631,重庆医科大学,203,11,11,555,84869
2026,10631,重庆医科大学,204,3,3,571,62508
2026,10632,西南医科大学,201,11,11,554,85901
2026,10632,西南医科大学,202,9,9,470,233840
2026,10632,教西南医科大学,203,6,6,533,121181
2026,10632,西南医科大学,204,4,4,528,129827
2026,10633,成都中医药大学,203,6,6,605,26391
2026,10633,省成都中医药大学,204,14,14,563,74016
2026,10633,成都中医药大学(中外合作办学),205,3,3,521,142847
2026,10633,成都中医药大学,206,4,4,577,54971
2026,10633,东成都中医药大学,207,4,4,572,60601
2026,10633,成都中医药大学,208,8,8,551,90353
2026,10633,成都中医药大学,209,6,6,551,91738
2026,10633,成都中医药大学(联合培养),211,2,2,548,95801
2026,10633,成都中医药大学(中外合作办学),212,5,5,526,133012
2026,10634,川北医学院,203,5,5,494,191126
2026,10634,川北医学院,204,10,10,546,98795
2026,10634,川北医学院,205,5,5,530,126486
2026,10635,西南大学,205,5,5,583,48101
2026,10635,西南大学(中外合作办学),206,3,3,580,50915
2026,10635,西南大学(高校专项计划),207,1,1,562,74515
2026,10635,西南大学,208,9,9,602,28416
2026,10635,西南大学,209,1,1,609,23318
2026,10635,西南大学(中外合作办学),210,6,6,593,36757
2026,10635,西南大学(中外合作办学),211,6,6,598,32638
2026,10635,西南大学(中外合作办学),212,6,6,570,63500
2026,10635,西南大学,213,1,1,610,22458
2026,10635,西南大学,214,1,1,589,40825
2026,10635,西南大学,222,2,2,587,43536
2026,10635,西南大学(中外合作办学),223,4,4,579,52258
2026,10635,西南大学(中外合作办学),224,3,3,584,46760
2026,10636,四川师范大学,205,41,41,530,127332
2026,10636,四川师范大学(中外合作办学),206,3,3,529,127891
2026,10636,四川师范大学,207,4,4,543,103280
2026,10636,四川师范大学,208,48,48,541,107944
2026,10636,四川师范大学(中外合作办学),209,6,6,533,121712
2026,10636,四川师范大学,210,2,2,542,105279
2026,10636,四川师范大学(联合培养),222,2,2,532,122859
2026,10636,四川师范大学(联合培养),223,1,1,551,91746
2026,10637,重庆师范大学,203,11,11,530,126300
2026,10637,重庆师范大学,204,24,24,554,86358
2026,10637,重庆师范大学,205,13,13,535,118254
2026,10638,西华师范大学,203,32,32,483,211409
2026,10638,西华师范大学,204,16,16,497,186000
2026,10639,绵阳师范学院,204,2,2,497,185482
2026,10639,绵阳师范学院,205,10,10,501,178699
2026,10639,绵阳师范学院,206,2,2,494,191054
2026,10640,内江师范学院,202,4,4,521,142085
2026,10640,内江师范学院,203,1,1,537,114468
2026,10640,内江师范学院,204,4,4,531,125145
2026,10640,内江师范学院,205,2,2,524,137373
2026,10640,内江师范学院,206,2,2,501,178142
2026,10642,重庆文理学院,201,12,12,526,133110
2026,10642,重庆文理学院,202,4,4,517,149028
2026,10642,重庆文理学院(中外合作办学),203,5,1,437,285525
2026,10642,重庆文理学院(中外合作办学),204,2,2,485,208147
2026,10643,重庆三峡科技大学,202,8,8,504,173515
2026,10643,重庆三峡科技大学,203,34,34,523,138549
2026,10643,重庆三峡科技大学,204,4,4,513,156110
2026,10644,四川文理学院,203,3,3,501,178503
2026,10644,四川文理学院,204,7,7,492,195014
2026,10644,四川文理学院,205,12,12,502,176641
2026,10647,长江师范学院,202,2,2,526,133767
2026,10647,长江师范学院,203,9,9,500,180213
2026,10647,教长江师范学院,204,5,5,502,177019
2026,10647,长江师范学院,205,5,5,498,183403
2026,10647,长江师范学院(中外合作办学),206,20,20,467,238796
2026,10649,省乐山师范学院,202,15,15,490,199029
2026,10649,乐山师范学院,203,6,6,508,165400
2026,10650,四川外国语大学,206,7,7,557,82380
2026,10650,东四川外国语大学(中外合作办学),207,2,2,550,93383
2026,10650,四川外国语大学,208,16,16,541,107097
2026,10650,四川外国语大学(中外合作办学),209,2,2,542,106442
2026,10650,四川外国语大学,211,1,1,545,101307
2026,10651,西南财经大学(高校专项计划),204,1,1,599,31167
2026,10651,西南财经大学,205,29,29,605,26476
2026,10651,西南财经大学(中外合作办学),206,31,31,575,56914
2026,10651,西南财经大学,207,11,11,612,20481
2026,10652,西南政法大学,205,42,42,602,28983
2026,10652,西南政法大学,206,25,25,604,27399
2026,10652,西南政法大学,207,25,25,585,45039
2026,10652,西南政法大学,211,2,2,591,38493
2026,10652,西南政法大学(高校专项计划),212,1,1,579,52978
2026,10652,西南政法大学(中外合作办学),213,4,4,599,31313
2026,10653,成都体育学院,202,2,2,549,94510
2026,10653,成都体育学院,203,2,2,558,80734
2026,10654,四川音乐学院,202,1,1,530,125867
2026,10655,四川美术学院,202,3,3,539,110766
2026,10655,四川美术学院,203,3,3,569,65174
2026,10656,西南民族大学,203,5,5,534,119478
2026,10656,西南民族大学,204,16,16,539,111470
2026,10656,西南民族大学,205,24,24,558,80993
2026,10656,西南民族大学,206,19,19,536,116658
2026,10657,贵州大学,204,2,2,577,54589
2026,10657,贵州大学(中外合作办学),205,4,4,572,61723
2026,10657,贵州大学(高校专项计划),206,1,1,595,35222
2026,10657,贵州大学,207,17,17,587,43418
2026,10657,贵州大学,208,4,4,583,47248
2026,10657,贵州大学(中外合作办学),209,6,6,584,47134
2026,10657,贵州大学(中外合作办学),210,3,3,565,70695
2026,10657,贵州大学(中外合作办学),211,4,4,558,80524
2026,10660,贵州医科大学,201,3,3,522,140304
2026,10660,贵州医科大学,203,2,2,514,155482
2026,10660,贵州医科大学,204,1,1,546,98320
2026,10660,贵州医科大学(中外高水平大学生交流计划),205,8,8,473,228287
2026,10660,贵州医科大学(中外高水平大学生交流计划),206,8,8,485,207810
2026,10660,贵州医科大学(中外高水平大学生交流计划),207,8,8,477,221053
2026,10660,贵州医科大学,208,3,3,515,152914
2026,10660,贵州医科大学,209,1,1,513,157299
2026,10660,贵州医科大学,210,1,1,541,108142
2026,10660,贵州医科大学,211,19,19,539,111024
2026,10661,遵义医科大学,204,3,3,510,161989
2026,10661,遵义医科大学,205,58,58,533,121464
2026,10661,遵义医科大学,206,55,55,512,159425
2026,10661,遵义医科大学,209,26,26,474,226420
2026,10661,遵义医科大学,210,35,35,454,260676
2026,10661,遵义医科大学,211,119,119,549,94048
2026,10661,遵义医科大学,212,60,60,518,148148
2026,10662,贵州中医药大学,202,2,2,540,109495
2026,10662,贵州中医药大学,203,16,16,542,106247
2026,10662,贵州中医药大学,204,2,2,523,139487
2026,10662,贵州中医药大学,205,2,2,518,147720
2026,10662,贵州中医药大学,206,30,30,498,183960
2026,10662,贵州中医药大学(中外合作办学),207,5,5,490,199280
2026,10663,教贵州师范大学,205,2,2,514,154691
2026,10663,贵州师范大学,206,15,15,536,116323
2026,10663,贵州师范大学(中外合作办学),207,10,10,519,146436
2026,10663,省贵州师范大学,208,4,4,551,90399
2026,10667,安顺学院,204,1,1,499,181463
2026,10667,安顺学院,205,2,2,497,186579
2026,10667,东安顺学院,206,1,1,508,166837
2026,10668,贵州工程应用技术学院,203,2,2,501,179286
2026,10668,贵州工程应用技术学院,204,2,2,503,174217
2026,10669,凯里学院,201,20,20,506,170104
2026,10669,凯里学院,202,5,5,492,194286
2026,10671,贵州财经大学,203,19,19,512,158275
2026,10671,贵州财经大学(中外合作办学),204,5,5,500,180757
2026,10671,贵州财经大学,205,7,7,485,207259
2026,10671,贵州财经大学,206,2,2,534,118556
2026,10671,贵州财经大学(中外合作办学),207,5,5,507,168458
2026,10672,贵州民族大学,202,3,3,507,167672
2026,10672,贵州民族大学,203,36,36,513,156837
2026,10672,贵州民族大学,204,3,3,511,160946
2026,10672,贵州民族大学,205,3,3,521,143194
2026,10672,贵州民族大学(中外合作办学),206,15,15,469,234797
2026,10672,贵州民族大学,207,3,3,512,158202
2026,10672,贵州民族大学,208,6,6,503,175174
2026,10673,云南大学,204,21,21,579,52504
2026,10673,云南大学,205,4,4,576,56428
2026,10673,云南大学(高校专项计划),206,1,1,569,65299
2026,10673,云南大学,207,24,24,576,55961
2026,10673,云南大学(中外合作办学),208,10,10,569,64521
2026,10673,云南大学,209,32,32,590,39930
2026,10673,云南大学(中外合作办学),210,6,6,585,45367
2026,10673,云南大学,211,3,3,588,42180
2026,10673,云南大学,212,24,24,582,49096
2026,10673,云南大学,213,3,3,582,48691
2026,10674,昆明理工大学,202,14,14,540,108461
2026,10674,昆明理工大学(中外合作办学),203,10,10,485,207480
2026,10674,昆明理工大学,204,49,49,555,84698
2026,10674,昆明理工大学,205,3,3,590,39942
2026,10674,昆明理工大学,206,3,3,579,52191
2026,10676,云南农业大学,201,2,2,526,133479
2026,10676,云南农业大学,202,4,4,505,172065
2026,10676,云南农业大学(中外合作办学),203,4,4,486,204720
2026,10676,云南农业大学,204,60,60,504,172665
2026,10676,云南农业大学(中外合作办学),205,8,8,485,207626
2026,10676,云南农业大学,206,6,6,512,159130
2026,10677,西南林业大学,202,2,2,501,179459
2026,10677,西南林业大学,203,22,22,514,154959
2026,10677,西南林业大学(中外合作办学),204,10,10,449,268001
2026,10677,西南林业大学,205,2,2,532,123819
2026,10678,昆明医科大学,201,21,21,533,120439
2026,10678,昆明医科大学(中外合作办学),202,7,7,489,199701
2026,10678,昆明医科大学,203,4,4,546,98863
2026,10679,大理大学,202,4,4,535,117483
2026,10679,大理大学,203,18,18,522,141182
2026,10680,云南中医药大学,203,13,13,542,105159
2026,10680,云南中医药大学,204,17,17,494,191950
2026,10680,云南中医药大学(中外合作办学),205,7,7,452,262328
2026,10681,云南师范大学,207,3,3,555,85778
2026,10681,云南师范大学,208,3,3,526,132981
2026,10681,云南师范大学,209,5,5,537,113954
2026,10681,云南师范大学,210,5,5,548,96102
2026,10681,教云南师范大学,211,3,3,557,81829
2026,10681,云南师范大学,212,3,3,568,66430
2026,10681,云南师范大学,213,9,9,539,110209
2026,10685,省普洱学院,201,5,5,495,189471
2026,10687,红河学院,202,8,8,494,191736
2026,10687,红河学院,203,8,8,503,175843
2026,10689,东云南财经大学,204,73,73,506,169430
2026,10689,云南财经大学(中外合作办学),205,5,5,527,132613
2026,10689,云南财经大学,206,27,27,527,131951
2026,10691,云南民族大学,204,12,12,533,120839
2026,10694,西藏大学,207,14,14,526,134315
2026,10694,西藏大学,208,13,13,539,111070
2026,10694,西藏大学,209,2,2,546,99469
2026,10694,西藏大学,210,2,2,547,97829
2026,10694,西藏大学,211,4,4,534,119249
2026,10695,西藏民族大学,202,3,3,512,158340
2026,10697,西北大学,204,2,2,602,28962
2026,10697,西北大学(中外合作办学),205,5,5,573,60110
2026,10697,西北大学(高校专项计划),206,1,1,606,25398
2026,10697,西北大学,207,45,45,596,33645
2026,10697,西北大学,208,2,2,595,35437
2026,10697,西北大学(中外合作办学),209,5,5,597,33460
2026,10697,西北大学(中外合作办学),210,2,2,596,34509
2026,10698,西安交通大学,203,8,8,644,5507
2026,10698,西安交通大学(高校专项计划),204,1,1,635,8429
2026,10698,西安交通大学,205,148,148,655,2872
2026,10698,西安交通大学(中外合作办学),206,15,15,614,19615
2026,10698,西安交通大学(中外合作办学),207,12,12,631,10022
2026,10698,西安交通大学(中外合作办学),208,8,8,644,5535
2026,10698,西安交通大学(中外合作办学),209,6,6,617,17326
2026,10698,西安交通大学,210,2,2,655,2888
2026,10699,西北工业大学(高校专项计划),203,2,2,601,29479
2026,10699,西北工业大学,204,52,52,646,4814
2026,10699,西北工业大学(中外合作办学),205,11,11,627,12137
2026,10699,西北工业大学(中外合作办学),206,12,12,620,15504
2026,10699,西北工业大学(中外合作办学),207,7,7,628,11320
2026,10700,西安理工大学,201,86,86,553,88699
2026,10700,西安理工大学(中外合作办学),202,12,12,527,132380
2026,10701,西安电子科技大学,201,10,10,644,5446
2026,10701,西安电子科技大学,202,102,102,631,10131
2026,10701,西安电子科技大学,203,12,12,618,16571
2026,10701,西安电子科技大学(中外合作办学),204,36,36,615,18566
2026,10701,西安电子科技大学(中外合作办学),205,14,14,617,17768
2026,10701,西安电子科技大学(高校专项计划),206,1,1,632,9685
2026,10702,西安工业大学,202,3,3,567,67835
2026,10702,西安工业大学,203,16,16,568,66945
2026,10702,西安工业大学(中外合作办学),204,4,4,556,84057
2026,10703,西安建筑科技大学,202,8,8,544,101733
2026,10703,西安建筑科技大学,203,41,41,551,90914
2026,10703,西安建筑科技大学(中外合作办学),204,8,8,522,140405
2026,10703,西安建筑科技大学(中外合作办学),206,5,5,508,166537
2026,10704,西安科技大学,202,16,16,540,109485
2026,10704,西安科技大学,203,4,4,563,73377
2026,10704,西安科技大学,204,40,40,548,96142
2026,10705,西安石油大学,202,1,1,560,77054
2026,10705,西安石油大学,203,17,17,544,102416
2026,10705,西安石油大学,204,7,7,539,110500
2026,10708,陕西科技大学,202,28,28,558,80606
2026,10708,陕西科技大学(中外合作办学),203,4,4,547,96815
2026,10709,西安工程大学,201,2,2,538,113091
2026,10709,教西安工程大学,202,3,3,539,110827
2026,10709,西安工程大学,203,1,1,546,98458
2026,10709,西安工程大学,207,3,3,560,77890
2026,10709,省西安工程大学,208,2,2,564,72430
2026,10709,西安工程大学,209,5,5,557,82281
2026,10710,长安大学,203,22,22,577,54477
2026,10710,东长安大学(高校专项计划),204,4,4,555,84633
2026,10710,长安大学,205,43,43,601,29508
2026,10710,长安大学,206,24,24,601,29175
2026,10710,长安大学,208,41,41,583,47935
2026,10710,长安大学,209,16,16,601,29729
2026,10710,长安大学,210,22,22,591,38708
2026,10710,长安大学(中外合作办学),211,7,7,591,39144
2026,10710,长安大学(中外合作办学),213,11,11,577,55112
2026,10712,西北农林科技大学,203,10,10,601,29416
2026,10712,西北农林科技大学(中外合作办学),204,3,3,594,35912
2026,10712,西北农林科技大学,205,2,2,608,24011
2026,10712,西北农林科技大学(高校专项计划),206,1,1,556,82874
2026,10712,西北农林科技大学,207,15,15,613,20298
2026,10712,西北农林科技大学,208,12,12,601,29651
2026,10712,西北农林科技大学(中外合作办学),209,7,7,585,45913
2026,10712,西北农林科技大学,210,5,5,609,23285
2026,10712,西北农林科技大学,212,12,12,603,27452
2026,10712,西北农林科技大学,213,4,4,615,18509
2026,10712,西北农林科技大学,214,13,13,599,31359
2026,10712,西北农林科技大学,215,8,8,603,27801
2026,10712,西北农林科技大学,216,4,4,598,32299
2026,10716,陕西中医药大学,202,6,6,531,124542
2026,10716,陕西中医药大学,203,6,6,489,200001
2026,10716,陕西中医药大学,204,2,2,568,66718
2026,10716,陕西中医药大学,205,2,2,545,101304
2026,10716,陕西中医药大学,206,2,2,532,122352
2026,10716,陕西中医药大学,207,2,2,536,115565
2026,10716,陕西中医药大学,208,2,2,537,114393
2026,10716,陕西中医药大学,209,5,5,489,199972
2026,10716,陕西中医药大学,210,4,4,491,196140
2026,10716,陕西中医药大学,211,2,2,489,199383
2026,10718,陕西师范大学,206,3,3,599,31093
2026,10718,陕西师范大学,207,13,13,566,69114
2026,10718,陕西师范大学,208,10,10,592,37794
2026,10718,陕西师范大学(高校专项计划),209,2,2,580,50665
2026,10718,陕西师范大学(高校专项计划),210,1,1,593,37138
2026,10718,陕西师范大学,211,12,12,602,28606
2026,10718,陕西师范大学,212,17,17,601,29823
2026,10718,陕西师范大学,213,21,21,592,37773
2026,10718,陕西师范大学,214,8,8,583,47983
2026,10718,陕西师范大学(中外合作办学),215,20,20,568,66490
2026,10718,陕西师范大学,216,10,10,583,47569
2026,10718,陕西师范大学,223,1,1,579,51859
2026,10719,延安大学,202,6,6,488,201398
2026,10719,延安大学,203,2,2,520,143568
2026,10719,延安大学,204,2,2,502,176986
2026,10720,陕西理工大学,203,4,4,502,176789
2026,10720,陕西理工大学,204,1,1,541,108004
2026,10720,陕西理工大学,205,9,9,527,131063
2026,10721,宝鸡文理学院,201,5,5,505,170754
2026,10722,咸阳师范学院,202,2,2,501,178666
2026,10722,咸阳师范学院,203,2,2,499,182384
2026,10722,咸阳师范学院,204,2,2,512,158046
2026,10724,西安外国语大学,203,21,21,544,102804
2026,10724,教西安外国语大学,204,5,5,562,74692
2026,10724,西安外国语大学,205,1,1,549,93882
2026,10726,西北政法大学,202,16,16,589,40703
2026,10730,省兰州大学(高校专项计划),208,1,1,592,37735
2026,10730,兰州大学,209,16,16,607,24473
2026,10730,兰州大学,210,1,1,631,10310
2026,10730,东兰州大学,211,1,1,636,8311
2026,10730,兰州大学,213,14,14,620,15735
2026,10730,兰州大学,214,10,10,615,18861
2026,10730,兰州大学,216,16,16,619,16284
2026,10730,兰州大学,217,15,15,617,17531
2026,10730,兰州大学,218,9,9,617,17422
2026,10730,兰州大学,219,6,6,614,19717
2026,10730,兰州大学,220,10,10,609,23072
2026,10730,兰州大学,221,15,15,606,25295
2026,10730,兰州大学(中外合作办学),222,7,7,598,32354
2026,10731,兰州理工大学,202,117,117,533,121254
2026,10732,兰州交通大学,203,3,3,554,86856
2026,10732,兰州交通大学,204,2,2,581,49550
2026,10732,兰州交通大学,205,76,76,550,92883
2026,10733,甘肃农业大学,202,15,15,492,195391
2026,10733,甘肃农业大学,203,45,45,492,194093
2026,10735,甘肃中医药大学,203,2,2,572,60948
2026,10735,甘肃中医药大学,204,15,15,531,125179
2026,10735,甘肃中医药大学,205,20,20,518,147604
2026,10735,甘肃中医药大学,206,1,1,515,153134
2026,10735,甘肃中医药大学,207,2,2,493,192970
2026,10735,甘肃中医药大学,208,16,16,495,189953
2026,10735,甘肃中医药大学,209,6,6,494,190807
2026,10735,甘肃中医药大学,210,3,3,512,159173
2026,10736,西北师范大学,202,11,11,493,192876
2026,10736,西北师范大学,203,4,4,521,142236
2026,10736,西北师范大学,204,9,9,548,96050
2026,10736,西北师范大学,205,11,11,514,155816
2026,10736,西北师范大学,206,2,2,531,125322
2026,10736,西北师范大学(中外合作办学),207,4,4,494,191027
2026,10737,兰州城市学院,202,2,2,493,192419
2026,10738,陇东学院,203,3,3,493,192598
2026,10738,陇东学院,204,6,6,494,191138
2026,10738,陇东学院,205,19,19,495,189006
2026,10738,陇东学院,206,2,2,488,202373
2026,10739,天水师范大学,203,3,3,515,154207
2026,10739,天水师范大学,204,7,7,506,169193
2026,10739,天水师范大学,205,3,3,503,175807
2026,10739,天水师范大学,206,6,6,494,191911
2026,10741,兰州财经大学,204,44,44,494,190729
2026,10741,兰州财经大学,205,16,16,516,151625
2026,10741,兰州财经大学(联合培养),206,2,2,484,208549
2026,10741,兰州财经大学(联合培养),207,2,2,498,184087
2026,10742,西北民族大学,203,6,6,495,189183
2026,10742,西北民族大学,204,2,2,507,167460
2026,10742,西北民族大学,205,2,2,520,143941
2026,10743,青海大学,202,10,10,546,99568
2026,10743,青海大学,203,54,54,547,96971
2026,10743,青海大学,204,29,29,540,109408
2026,10743,青海大学,205,1,1,552,88942
2026,10743,青海大学,206,6,6,583,48102
2026,10743,青海大学,207,11,11,544,101588
2026,10746,青海师范大学,203,4,4,490,197888
2026,10746,青海师范大学,204,13,13,497,186029
2026,10746,教青海师范大学,205,30,30,496,187981
2026,10748,青海民族大学,202,32,32,489,199949
2026,10749,宁夏大学,202,4,4,564,72721
2026,10749,省宁夏大学,203,47,47,553,87803
2026,10749,宁夏大学,204,13,13,559,79090
2026,10749,宁夏大学(中外合作办学),205,3,3,541,107850
2026,10752,东宁夏医科大学,201,35,35,523,139766
2026,10752,宁夏医科大学,202,8,8,508,165327
2026,10752,宁夏医科大学,203,29,29,495,189177
2026,10752,宁夏医科大学,205,1,1,517,149831
2026,10752,宁夏医科大学,206,1,1,503,174754
2026,10753,宁夏师范大学,203,5,5,494,190795
2026,10753,宁夏师范大学,204,2,2,497,185823
2026,10753,宁夏师范大学,205,27,27,492,194120
2026,10755,新疆大学,204,6,6,557,82389
2026,10755,新疆大学,205,37,37,549,94855
2026,10755,新疆大学,206,42,42,566,68872
2026,10755,新疆大学,207,30,30,572,61037
2026,10755,新疆大学,208,8,8,553,88486
2026,10755,新疆大学,209,5,5,547,97179
2026,10755,新疆大学,210,3,3,591,38969
2026,10755,新疆大学,212,2,2,572,61532
2026,10755,新疆大学,213,10,10,551,90882
2026,10757,塔里木大学,201,16,16,502,177553
2026,10757,塔里木大学,202,12,12,495,189259
2026,10757,塔里木大学,203,17,17,507,168029
2026,10757,塔里木大学,204,7,7,494,191128
2026,10757,塔里木大学,205,8,8,499,182448
2026,10758,新疆农业大学,204,6,6,492,195584
2026,10758,新疆农业大学,205,15,15,490,198415
2026,10758,新疆农业大学,206,123,123,490,198855
2026,10758,新疆农业大学(中外合作办学),207,5,5,480,215940
2026,10758,新疆农业大学,208,9,9,483,210398
2026,10759,石河子大学,201,20,20,548,96190
2026,10759,石河子大学,203,18,18,565,69957
2026,10759,石河子大学,206,32,32,557,81438
2026,10759,石河子大学,210,10,10,563,73237
2026,10760,新疆医科大学,201,3,3,491,196152
2026,10760,新疆医科大学,202,8,8,529,128512
2026,10760,新疆医科大学,203,35,35,500,180672
2026,10760,新疆医科大学,204,85,85,525,135853
2026,10760,新疆医科大学,205,2,2,496,188663
2026,10760,新疆医科大学,206,18,18,492,194722
2026,10762,新疆师范大学,204,1,1,537,114373
2026,10762,新疆师范大学,205,33,33,491,197166
2026,10762,新疆师范大学,206,5,5,496,187103
2026,10762,新疆师范大学,207,35,35,493,192691
2026,10762,新疆师范大学,208,12,12,502,177354
2026,10762,新疆师范大学,209,10,10,497,186152
2026,10762,新疆师范大学,210,1,1,498,185032
2026,10763,喀什大学,207,8,8,490,198431
2026,10763,喀什大学,208,5,5,490,199130
2026,10763,喀什大学,209,2,2,502,177206
2026,10763,喀什大学,210,6,6,489,200350
2026,10763,喀什大学,211,2,2,489,199944
2026,10763,喀什大学,212,2,2,492,195521
2026,10763,喀什大学,213,13,13,488,202505
2026,10763,喀什大学,214,41,41,493,193113
2026,10763,喀什大学,215,8,8,492,195281
2026,10763,喀什大学,216,4,4,499,182811
2026,10763,教喀什大学,217,33,33,488,202221
2026,10763,喀什大学,218,8,8,488,201761
2026,10763,喀什大学,219,3,3,494,192043
2026,10764,省伊犁师范大学,203,3,3,493,193433
2026,10764,伊犁师范大学,204,26,26,488,201700
2026,10764,伊犁师范大学,205,10,10,490,198699
2026,10764,东伊犁师范大学,206,88,88,489,200854
2026,10764,伊犁师范大学,207,17,17,489,201070
2026,10764,伊犁师范大学,208,12,12,488,201290
2026,10765,新疆和田学院,204,1,1,493,193577
2026,10765,新疆和田学院,205,2,2,489,200551
2026,10765,新疆和田学院,206,8,8,489,200871
2026,10765,新疆和田学院,207,16,16,488,202822
2026,10765,新疆和田学院,210,6,6,493,193978
2026,10765,新疆和田学院,211,2,2,491,197387
2026,10766,新疆财经大学,203,25,25,490,197664
2026,10766,新疆财经大学,204,16,16,499,181470
2026,10766,新疆财经大学,205,1,1,515,153396
2026,10766,新疆财经大学,206,4,4,512,158273
2026,10768,新疆艺术学院,202,9,9,484,209523
2026,10792,天津城建大学,206,6,6,493,192886
2026,10792,天津城建大学,207,37,37,512,158548
2026,10792,天津城建大学,208,5,5,509,164173
2026,10792,天津城建大学,209,3,3,511,159857
2026,10809,山西中医药大学,202,11,11,538,111808
2026,10809,山西中医药大学,203,6,6,497,185267
2026,10809,山西中医药大学,204,9,9,494,191504
2026,10809,山西中医药大学,205,10,10,531,124602
2026,10812,吕梁学院,202,1,1,493,193077
2026,10812,吕梁学院,203,3,3,507,166956
2026,10822,广东白云学院,201,514,514,468,236210
2026,10822,广东白云学院(校企联合培养),202,354,354,462,246666
2026,10822,广东白云学院,203,509,509,470,233900
2026,10822,广东白云学院,204,618,618,474,226631
2026,10822,广东白云学院,205,120,120,453,261935
2026,10822,广东白云学院,206,173,173,454,259181
2026,10822,广东白云学院,207,180,180,464,242829
2026,10822,广东白云学院,208,65,65,475,223682
2026,10822,广东白云学院,209,55,55,470,232418
2026,10822,广东白云学院,210,150,150,462,246480
2026,10822,广东白云学院,211,170,170,463,244503
2026,10822,广东白云学院,212,207,207,468,237144
2026,10822,广东白云学院,213,133,133,465,241336
2026,10822,广东白云学院,214,70,70,465,242201
2026,10822,广东白云学院(国际班),215,50,50,440,281483
2026,10822,广东白云学院(国际班),216,30,30,437,286506
2026,10822,广东白云学院(校企联合培养),217,50,50,440,281425
2026,10823,长沙医学院,202,26,26,489,200162
2026,10823,长沙医学院,204,104,104,493,193096
2026,10825,齐鲁医药学院,201,10,10,488,202172
2026,10831,顺德职业技术大学,201,493,493,536,115646
2026,10831,顺德职业技术大学,202,20,20,541,108147
2026,10833,广东轻工职业技术大学,201,230,230,542,106331
2026,10833,广东轻工职业技术大学,202,140,140,534,119694
2026,10833,广东轻工职业技术大学,203,140,140,538,113262
2026,10833,广东轻工职业技术大学,204,140,140,541,107829
2026,10833,广东轻工职业技术大学,205,140,140,536,116343
2026,10833,广东轻工职业技术大学,206,172,172,538,112671
2026,10833,广东轻工职业技术大学,207,130,130,535,117522
2026,10833,广东轻工职业技术大学,208,80,80,532,122429
2026,10833,教广东轻工职业技术大学,209,20,20,535,118201
2026,10833,广东轻工职业技术大学,210,20,20,534,119955
2026,10833,广东轻工职业技术大学,211,10,10,533,121054
2026,10834,省武汉职业技术大学,202,21,21,520,144984
2026,10841,辽宁对外经贸学院,203,1,1,425,303447
2026,10841,辽宁对外经贸学院,204,8,8,434,290572
2026,10846,东江西科技学院,202,3,3,487,204163
2026,10850,南京工业职业技术大学,202,43,43,532,122884
2026,10856,上海工程技术大学,202,6,6,552,89980
2026,10858,北京科技职业大学,201,3,3,543,103966
2026,10858,北京科技职业大学,202,6,6,542,106068
2026,10876,浙江万里学院,203,19,19,498,183501
2026,10876,浙江万里学院,204,12,12,517,150104
2026,10876,浙江万里学院,205,3,3,496,187516
2026,10878,安徽建筑大学,202,24,24,481,215099
2026,10878,安徽建筑大学,203,2,2,533,120969
2026,10878,安徽建筑大学,204,31,31,517,149211
2026,10895,萍乡学院,203,14,14,505,172231
2026,10895,萍乡学院,204,2,2,503,175203
2026,10904,枣庄学院,201,5,5,504,173677
2026,10908,山东工艺美术学院,202,5,5,513,157815
2026,10918,黄淮学院,201,5,5,494,192151
2026,10918,黄淮学院,202,18,18,496,187247
2026,10918,黄淮学院,203,25,25,492,194842
2026,10918,黄淮学院(中外合作办学),204,5,5,491,196673
2026,10918,黄淮学院,205,5,5,492,195066
2026,10919,平顶山学院,201,3,3,510,163079
2026,10919,平顶山学院,202,2,2,490,198073
2026,10920,湖北理工学院,204,8,8,526,133340
2026,10920,湖北理工学院,205,5,5,507,167252
2026,10927,湖北科技学院,201,5,5,534,118955
2026,10927,湖北科技学院,202,5,5,536,115303
2026,10927,湖北科技学院,203,5,5,528,129900
2026,10927,湖北科技学院(中外合作办学),204,3,3,522,140559
2026,10929,湖北医药学院,201,7,7,528,129591
2026,10929,湖北医药学院(中外合作办学),202,1,1,489,199925
2026,10955,黄冈职业技术大学,202,5,5,496,188366
2026,10964,吉林外国语大学,205,25,25,466,240101
2026,10964,吉林外国语大学(中外合作办学),206,2,2,459,251458
2026,10964,吉林外国语大学,207,7,7,480,215806
2026,10976,贵阳学院,201,10,10,511,160016
2026,10994,新疆工程学院,201,6,6,486,205266
2026,10994,新疆工程学院,202,47,47,490,197690
2026,10994,新疆工程学院,203,4,4,488,201268
2026,10994,新疆工程学院,204,26,26,487,203270
2026,10997,昌吉学院,203,17,17,487,204485
2026,10997,昌吉学院,204,2,2,493,193861
2026,10997,昌吉学院,205,3,3,494,191279
2026,10997,昌吉学院,206,10,10,494,191229
2026,10997,昌吉学院,207,20,20,486,205776
2026,10997,昌吉学院,208,6,6,489,199844
2026,11032,天津职业大学,202,6,6,505,172180
2026,11035,沈阳大学,202,8,8,491,196555
2026,11035,沈阳大学(中外合作办学),203,5,5,494,191337
2026,11035,沈阳大学,204,21,21,497,186291
2026,11035,沈阳大学(中外合作办学),205,5,5,521,143118
2026,11047,上海立信会计金融学院,202,14,14,549,93643
2026,11047,上海立信会计金融学院,203,6,6,555,84870
2026,11048,金陵科技学院,202,3,3,528,129934
2026,11048,金陵科技学院,203,10,10,535,118522
2026,11048,教金陵科技学院,204,1,1,533,121551
2026,11049,淮安大学,201,4,4,521,143069
2026,11049,淮安大学,202,6,6,528,130566
2026,11053,省徐州工程学院,203,2,2,529,128330
2026,11053,徐州工程学院,204,1,1,524,137044
2026,11055,常州工学院,201,15,15,518,148200
2026,11057,东浙江科技大学,202,4,4,554,85956
2026,11057,浙江科技大学,203,33,33,556,83078
2026,11057,浙江科技大学(中外合作办学),204,5,5,540,109537
2026,11058,宁波工程学院,201,2,2,533,122041
2026,11058,宁波工程学院,202,17,17,544,102571
2026,11058,宁波工程学院(中外合作办学),203,16,16,520,144544
2026,11059,合肥大学,201,4,4,524,137939
2026,11059,合肥大学,202,4,4,523,139583
2026,11059,合肥大学,203,4,4,546,99628
2026,11059,合肥大学(中外合作办学),204,4,4,522,141649
2026,11061,芜湖职业技术大学,202,25,25,498,184805
2026,11062,厦门理工学院,203,22,22,557,82288
2026,11062,厦门理工学院(中外合作办学),204,4,4,543,104785
2026,11065,青岛大学,202,13,13,540,109093
2026,11065,青岛大学,203,47,47,555,84779
2026,11065,青岛大学,204,18,18,549,94239
2026,11065,青岛大学,205,2,2,544,102121
2026,11066,烟台大学(本科预科班),203,2,2,491,197219
2026,11066,烟台大学,204,20,20,526,132910
2026,11066,烟台大学(联合培养),206,2,2,504,173100
2026,11067,潍坊学院,203,7,7,496,187746
2026,11067,潍坊学院,204,3,3,506,169496
2026,11068,郑州工程技术学院,202,18,18,493,193983
2026,11070,洛阳理工学院,202,10,10,495,189308
2026,11070,洛阳理工学院,203,47,47,513,157865
2026,11070,洛阳理工学院(中外合作办学),204,8,8,499,183284
2026,11070,洛阳理工学院(中外合作办学),205,8,8,479,217298
2026,11071,新乡学院,201,4,4,492,194859
2026,11071,新乡学院,202,14,14,496,188667
2026,11071,新乡学院,203,4,4,492,194467
2026,11071,新乡学院,204,3,3,508,166331
2026,11072,江汉大学,202,3,3,564,71987
2026,11072,江汉大学,203,8,8,548,95812
2026,11075,三峡大学,203,2,2,559,79565
2026,11075,三峡大学,204,2,2,552,90183
2026,11075,三峡大学,205,15,15,568,66748
2026,11075,三峡大学,206,10,10,555,85628
2026,11075,三峡大学,207,17,17,603,28000
2026,11075,三峡大学(中外合作办学),208,7,7,593,37076
2026,11077,长沙学院,203,2,2,532,122438
2026,11077,长沙学院,204,19,19,506,169021
2026,11077,长沙学院,205,22,22,530,125689
2026,11077,长沙学院,206,12,12,501,179314
2026,11077,长沙学院,207,8,8,522,141503
2026,11077,长沙学院,208,4,4,524,136679
2026,11078,广州大学,201,216,216,583,47389
2026,11078,广州大学,202,415,415,562,75011
2026,11078,广州大学,203,96,96,572,60807
2026,11078,广州大学,204,13,13,575,57240
2026,11078,广州大学,205,91,91,565,70078
2026,11078,广州大学,206,116,116,590,39994
2026,11078,广州大学,207,382,382,586,44369
2026,11078,广州大学,208,239,239,576,56412
2026,11078,广州大学,209,540,540,568,66315
2026,11078,教广州大学,210,298,298,570,64044
2026,11078,广州大学,211,808,808,581,49963
2026,11078,广州大学,212,107,107,568,67026
2026,11078,省广州大学,213,63,63,566,69170
2026,11078,广州大学,214,180,180,563,73182
2026,11078,广州大学,215,104,104,562,74958
2026,11078,东广州大学,216,213,213,559,79622
2026,11078,广州大学(国际班),231,10,10,544,102658
2026,11078,广州大学(国际班),232,20,20,546,98762
2026,11078,广州大学(国际班),234,10,10,534,119730
2026,11078,广州大学(国际班),235,10,10,546,99244
2026,11078,广州大学(国际班),236,20,20,560,78302
2026,11078,广州大学(国际班),237,20,20,530,126738
2026,11078,广州大学(国际班),238,10,10,533,120529
2026,11078,广州大学(中外合作办学),239,10,10,544,102925
2026,11078,广州大学(地方专项),250,4,4,578,53900
2026,11078,广州大学(地方专项),251,8,8,564,72047
2026,11078,广州大学(地方专项),252,2,2,562,74387
2026,11078,广州大学(地方专项),253,12,12,552,90276
2026,11078,广州大学(地方专项),254,6,6,582,48682
2026,11078,广州大学(地方专项),255,14,14,564,72720
2026,11078,广州大学(地方专项),256,20,20,561,76392
2026,11078,广州大学(地方专项),257,20,20,548,95399
2026,11078,广州大学(地方专项),258,14,14,579,52914
2026,11078,广州大学(地方专项),259,14,14,537,114096
2026,11078,广州大学(地方专项),260,9,9,558,80591
2026,11078,广州大学(地方专项),261,22,22,543,104807
2026,11079,成都大学,204,11,11,553,88664
2026,11079,成都大学,205,2,2,533,120719
2026,11079,成都大学(中外合作办学),206,8,8,520,143854
2026,11079,成都大学,207,14,14,506,168985
2026,11079,成都大学(中外合作办学),208,6,6,554,86217
2026,11079,成都大学(中外合作办学),209,10,10,531,124098
2026,11079,成都大学,210,3,3,566,69672
2026,11079,成都大学,211,2,2,567,68453
2026,11079,成都大学(联合培养),218,2,2,535,117569
2026,11079,成都大学(联合培养),219,5,5,536,116614
2026,11079,成都大学,222,15,15,564,71488
2026,11079,成都大学,223,17,17,571,63039
2026,11079,成都大学,224,2,2,582,49378
2026,11080,西安文理学院,203,6,6,526,133313
2026,11100,海南热带海洋学院,204,30,30,500,179806
2026,11100,海南热带海洋学院,205,2,2,526,133757
2026,11100,海南热带海洋学院,206,30,30,499,182853
2026,11100,海南热带海洋学院,207,4,4,520,144490
2026,11100,海南热带海洋学院(中外合作办学),213,5,5,478,220005
2026,11100,海南热带海洋学院(中外合作办学),214,2,2,478,220197
2026,11104,应急管理大学,207,8,8,520,145222
2026,11104,应急管理大学,208,6,6,510,162080
2026,11104,应急管理大学,209,25,25,543,104823
2026,11104,应急管理大学,210,21,21,532,123356
2026,11104,应急管理大学,212,3,3,536,115278
2026,11104,应急管理大学,213,3,3,542,105194
2026,11104,应急管理大学,214,10,10,526,134536
2026,11104,应急管理大学,215,20,20,511,160719
2026,11104,应急管理大学,216,22,22,510,162197
2026,11104,应急管理大学,217,8,8,528,130126
2026,11105,中国人民警察大学,201,4,4,556,84285
2026,11105,中国人民警察大学,202,15,15,550,92538
2026,11105,中国人民警察大学,203,6,6,542,106086
2026,11106,教广州航海学院,201,1030,1030,525,135560
2026,11106,广州航海学院,202,1166,1166,526,134465
2026,11106,广州航海学院,203,404,404,518,147659
2026,11106,省广州航海学院(中外合作办学),204,120,120,485,207016
2026,11106,广州航海学院(联合培养),205,80,80,497,185759
2026,11106,广州航海学院(联合培养),206,40,40,493,193851
2026,11106,东广州航海学院(联合培养),207,43,43,512,158735
2026,11110,广东警官学院,201,125,125,549,93683
2026,11113,深圳职业技术大学,201,15,15,596,34508
2026,11113,深圳职业技术大学,203,928,928,571,62567
2026,11116,成都工业学院,201,2,2,556,83158
2026,11117,扬州大学,202,2,2,557,82787
2026,11117,扬州大学,203,11,11,556,83282
2026,11122,三江学院,203,10,10,457,255817
2026,11122,三江学院,204,39,39,457,254247
2026,11122,三江学院,205,30,30,462,247196
2026,11149,中华女子学院,203,3,3,537,114931
2026,11149,中华女子学院,204,8,8,539,110820
2026,11230,齐齐哈尔医学院,204,1,1,489,200501
2026,11230,齐齐哈尔医学院,205,7,7,493,194033
2026,11230,齐齐哈尔医学院,206,12,12,516,151699
2026,11230,齐齐哈尔医学院,207,5,5,513,157206
2026,11230,齐齐哈尔医学院,208,1,1,548,95938
2026,11230,齐齐哈尔医学院,209,4,4,521,142322
2026,11230,齐齐哈尔医学院,210,9,9,486,204833
2026,11232,北京信息科技大学,201,14,14,591,38623
2026,11232,北京信息科技大学(中外合作办学),202,7,7,573,59947
2026,11242,太原学院(本科预科班),203,3,3,458,252544
2026,11242,太原学院,204,4,4,493,193514
2026,11242,太原学院,205,3,3,495,190328
2026,11242,太原学院,206,2,2,493,192892
2026,11258,大连大学,201,2,2,506,169606
2026,11258,大连大学,202,4,4,565,70270
2026,11258,大连大学,203,2,2,563,72896
2026,11258,大连大学,204,3,3,562,74736
2026,11258,大连大学(中外合作办学),205,4,4,494,191267
2026,11261,吉林工商学院,202,7,7,492,194169
2026,11261,吉林工商学院,203,6,6,501,179155
2026,11276,南京工程学院,202,8,8,585,45250
2026,11276,南京工程学院(中外合作办学),203,2,2,582,49221
2026,11287,南京审计大学,203,29,29,564,72330
2026,11287,南京审计大学(中外合作办学),204,7,7,561,76359
2026,11305,蚌埠学院,201,8,8,492,195393
2026,11305,蚌埠学院,202,42,42,492,195280
2026,11311,三明学院,201,1,1,512,158364
2026,11311,三明学院,202,4,4,524,136966
2026,11311,三明学院,203,1,1,523,138966
2026,11311,三明学院,204,1,1,507,167556
2026,11311,三明学院(中外合作办学),205,3,3,482,211854
2026,11312,龙岩学院,202,2,2,517,149122
2026,11313,福建商学院(本科预科班),202,3,3,433,292284
2026,11317,黎明职业大学,201,10,10,501,178061
2026,11318,江西科技师范大学,204,2,2,545,100440
2026,11318,江西科技师范大学,205,4,4,513,157122
2026,11318,江西科技师范大学,207,16,16,521,143210
2026,11318,江西科技师范大学,208,18,18,503,174574
2026,11318,江西科技师范大学,214,4,4,528,130104
2026,11318,江西科技师范大学,215,4,4,540,108595
2026,11319,江西水利电力大学,202,24,24,536,115685
2026,11319,江西水利电力大学(中外合作办学),203,8,8,484,209583
2026,11319,教江西水利电力大学,204,4,4,491,196180
2026,11326,信阳农林学院,203,10,10,494,191629
2026,11326,信阳农林学院,204,5,5,492,194176
2026,11329,省河南工学院,201,19,19,512,158768
2026,11330,安阳工学院,202,4,4,503,174556
2026,11330,安阳工学院,203,2,2,494,191351
2026,11330,东安阳工学院,204,2,2,505,171147
2026,11330,安阳工学院(中外合作办学),205,4,4,489,199956
2026,11336,荆楚理工学院(中外合作办学),202,3,3,485,207033
2026,11342,湖南工程学院,203,6,6,544,102966
2026,11342,湖南工程学院,204,5,5,523,139060
2026,11342,湖南工程学院(中外合作办学),205,9,9,511,160859
2026,11342,湖南工程学院(中外合作办学),207,6,6,503,175229
2026,11342,湖南工程学院(中外合作办学),208,3,3,495,189103
2026,11347,仲恺农业工程学院,202,1122,1122,505,171234
2026,11347,仲恺农业工程学院,203,5402,5402,504,173878
2026,11347,仲恺农业工程学院,204,124,124,506,170101
2026,11347,仲恺农业工程学院,205,554,554,513,156657
2026,11347,仲恺农业工程学院(国际班),206,166,166,498,184871
2026,11347,仲恺农业工程学院(国际班),207,30,30,484,209789
2026,11347,仲恺农业工程学院(国际班),208,81,81,484,209788
2026,11349,五邑大学,201,615,615,513,157050
2026,11349,五邑大学,203,1072,1072,539,110305
2026,11349,五邑大学,205,694,694,538,112431
2026,11349,五邑大学,207,969,969,538,113014
2026,11349,五邑大学,209,60,60,542,106088
2026,11349,五邑大学,210,207,207,520,144995
2026,11349,五邑大学,211,19,19,536,115372
2026,11349,五邑大学,212,32,32,534,119021
2026,11349,五邑大学(联合培养),213,345,345,478,219966
2026,11349,五邑大学(联合培养),214,34,34,487,204201
2026,11349,五邑大学(联合培养),215,46,46,483,209901
2026,11354,梧州学院,203,8,8,499,181642
2026,11354,梧州学院,204,2,2,500,180399
2026,11354,梧州学院,205,25,25,510,161695
2026,11354,梧州学院,206,10,10,500,181339
2026,11355,南宁职业技术大学,202,4,4,497,185918
2026,11355,南宁职业技术大学,203,10,10,512,158942
2026,11360,攀枝花学院,202,8,8,509,164811
2026,11390,玉溪师范学院,202,2,2,510,163298
2026,11390,玉溪师范学院,203,2,2,517,149706
2026,11392,云南警官学院,202,1,1,539,111159
2026,11393,昆明学院,204,7,7,510,162041
2026,11393,昆明学院,205,3,3,503,174156
2026,11393,昆明学院(中外合作办学),206,4,4,477,220969
2026,11393,昆明学院,207,2,2,498,183825
2026,11396,商洛学院,201,6,6,495,189173
2026,11400,西安培华学院,203,16,16,467,238668
2026,11400,西安培华学院,204,11,11,472,229255
2026,11400,西安培华学院,205,2,2,478,219195
2026,11406,甘肃政法大学,205,21,21,521,142844
2026,11406,甘肃政法大学,206,7,7,524,137559
2026,11407,北方民族大学,204,1,1,492,195388
2026,11407,北方民族大学,205,1,1,512,159381
2026,11407,北方民族大学,206,4,4,524,137490
2026,11407,北方民族大学(中外合作办学),207,3,3,504,173630
2026,11413,中国矿业大学(北京),201,7,7,594,36105
2026,11413,中国矿业大学(北京),202,43,43,590,39841
2026,11414,中国石油大学(北京)(中外合作办学),201,2,2,588,42447
2026,11414,中国石油大学(北京),202,25,25,610,22434
2026,11414,教中国石油大学(北京)(中外合作办学),203,11,11,585,45722
2026,11415,中国地质大学(北京),203,5,5,587,43005
2026,11415,中国地质大学(北京),204,14,14,587,43729
2026,11415,省中国地质大学(北京),205,5,5,597,33307
2026,11415,中国地质大学(北京)(高校专项计划),206,1,1,566,68653
2026,11415,中国地质大学(北京),207,15,15,590,39714
2026,11415,东中国地质大学(北京),208,21,21,594,35970
2026,11415,中国地质大学(北京)(中外合作办学),209,8,8,571,62492
2026,11415,中国地质大学(北京)(中外合作办学),210,7,7,575,57902
2026,11418,北京城市学院,203,15,15,464,242703
2026,11418,北京城市学院,204,36,36,461,248988
2026,11418,北京城市学院,215,2,2,475,224812
2026,11420,河北金融学院,204,5,5,494,192228
2026,11420,河北金融学院,205,4,4,492,195107
2026,11420,河北金融学院,206,5,5,501,179371
2026,11420,河北金融学院(中外合作办学),207,2,2,485,207871
2026,11420,河北金融学院,208,3,3,500,179799
2026,11430,辽宁科技学院,201,10,10,504,173980
2026,11436,长春汽车职业技术大学,201,12,12,499,181793
2026,11437,长春工程学院(本科预科班),202,2,2,483,210085
2026,11437,长春工程学院,203,6,6,507,168432
2026,11437,长春工程学院,204,22,22,509,164805
2026,11437,长春工程学院,205,2,2,494,191098
2026,11439,吉林农业科技学院,201,9,9,496,188352
2026,11439,吉林农业科技学院,202,2,2,493,192644
2026,11439,吉林农业科技学院(中外合作办学),203,14,14,471,230856
2026,11441,吉林警察学院,201,2,2,524,137019
2026,11446,黑龙江东方学院,201,27,27,452,263431
2026,11446,黑龙江东方学院,203,28,28,441,280281
2026,11458,上海电机学院,201,11,11,558,80692
2026,11458,上海电机学院(中外合作办学),202,6,6,554,86805
2026,11463,江苏理工学院,202,1,1,542,105116
2026,11463,江苏理工学院,203,5,5,544,101427
2026,11463,江苏理工学院,204,1,1,544,101386
2026,11463,江苏理工学院,205,2,2,539,109939
2026,11482,浙江财经大学,204,2,2,559,79042
2026,11482,浙江财经大学,205,25,25,560,77704
2026,11482,浙江财经大学(中外合作办学),206,4,4,546,99763
2026,11482,浙江财经大学,207,12,12,573,59661
2026,11488,衢州学院,203,15,15,508,165320
2026,11504,江西警察学院,202,2,2,544,102426
2026,11504,江西警察学院,203,12,12,535,117427
2026,11508,新余学院,203,6,6,510,161669
2026,11510,山东交通学院,202,6,6,498,183441
2026,11510,山东交通学院,203,18,18,510,162350
2026,11510,山东交通学院(中外合作办学),204,10,10,483,210863
2026,11517,河南工程学院,204,9,9,494,192020
2026,11517,河南工程学院,205,25,25,500,179762
2026,11517,河南工程学院,206,2,2,505,171713
2026,11517,河南工程学院,207,10,10,507,167435
2026,11527,湖南城市学院,203,2,2,519,145833
2026,11527,湖南城市学院,204,2,2,496,188007
2026,11527,湖南城市学院,205,2,2,502,177205
2026,11527,湖南城市学院,206,16,16,503,174327
2026,11528,湖南工学院,201,12,12,527,131818
2026,11528,湖南工学院,202,8,8,509,163461
2026,11528,湖南工学院,203,5,5,521,141982
2026,11532,湖南财政经济学院,202,15,15,516,151916
2026,11532,湖南财政经济学院,203,15,15,530,125821
2026,11535,湖南工业大学,203,23,23,523,138496
2026,11535,教湖南工业大学,204,3,3,536,116518
2026,11535,湖南工业大学,205,5,5,509,165011
2026,11535,湖南工业大学,206,54,54,531,125124
2026,11535,省湖南工业大学,208,133,133,531,123856
2026,11535,湖南工业大学(中外合作办学),209,7,7,538,112123
2026,11535,湖南工业大学(中外合作办学),210,7,7,522,140507
2026,11535,东湖南工业大学(中外合作办学),211,7,7,529,128671
2026,11535,湖南工业大学,212,19,19,561,75643
2026,11538,湖南女子学院,202,3,3,501,177997
2026,11540,广东金融学院,222,973,973,521,142242
2026,11540,广东金融学院,223,117,117,539,110405
2026,11540,广东金融学院,224,65,65,533,120481
2026,11540,广东金融学院,225,30,30,536,116133
2026,11540,广东金融学院,226,571,571,515,153970
2026,11540,广东金融学院,227,774,774,531,124568
2026,11540,广东金融学院,228,968,968,527,131581
2026,11540,广东金融学院(联合培养),229,376,376,500,179976
2026,11540,广东金融学院(联合培养),230,90,90,508,166252
2026,11540,广东金融学院(地方专项),232,20,20,540,108436
2026,11540,广东金融学院(地方专项),233,40,40,537,114088
2026,11545,电子科技大学中山学院,201,492,492,488,202064
2026,11545,电子科技大学中山学院,202,585,585,488,201773
2026,11545,电子科技大学中山学院,203,302,302,483,210626
2026,11545,电子科技大学中山学院,204,504,504,488,201192
2026,11545,电子科技大学中山学院,207,373,373,482,212307
2026,11545,电子科技大学中山学院,208,180,180,480,215278
2026,11546,广西科技师范学院,203,2,2,511,159744
2026,11546,广西科技师范学院,204,28,28,509,163430
2026,11546,广西科技师范学院,205,2,2,509,164722
2026,11548,广西财经学院(中外合作办学),203,8,8,486,205383
2026,11548,广西财经学院,204,6,6,530,126177
2026,11548,广西财经学院(中外合作办学),205,6,6,490,198265
2026,11548,广西财经学院(联合培养),206,3,3,493,192657
2026,11549,南宁学院,202,13,13,480,216348
2026,11549,南宁学院,203,15,15,484,208859
2026,11549,南宁学院,204,10,10,489,200475
2026,11549,南宁学院,205,14,14,484,209803
2026,11549,南宁学院,208,8,8,475,223992
2026,11551,重庆科技大学,202,5,5,543,103220
2026,11551,重庆科技大学,203,42,42,549,94914
2026,11552,四川旅游学院(中外合作办学),201,4,4,469,234543
2026,11553,成都轻工职业技术大学,201,20,20,497,186754
2026,11560,西安财经大学,202,6,6,534,120297
2026,11560,西安财经大学(中外合作办学),203,6,6,521,142564
2026,11562,兰州文理学院,202,4,4,499,183096
2026,11600,湖北经济学院,203,5,5,533,122037
2026,11600,湖北经济学院(中外合作办学),204,2,2,492,195714
2026,11600,湖北经济学院,205,3,3,544,102202
2026,11607,北部湾大学,202,2,2,536,116415
2026,11607,北部湾大学,203,2,2,528,130220
2026,11607,北部湾大学,204,15,15,522,140389
2026,11607,北部湾大学,205,20,20,509,163396
2026,11607,北部湾大学,206,4,4,515,153367
2026,11629,北华航天工业学院,203,1,1,529,128780
2026,11629,北华航天工业学院,204,2,2,522,140525
2026,11629,北华航天工业学院,205,8,8,533,122044
2026,11629,北华航天工业学院,206,1,1,560,78069
2026,11632,沈阳工程学院,201,8,8,570,64450
2026,11632,沈阳工程学院(中外合作办学),202,3,3,549,93881
2026,11635,哈尔滨信息工程学院,201,34,16,426,302176
2026,11641,教江苏海洋大学,202,3,3,563,73551
2026,11646,宁波大学,203,63,63,586,44282
2026,11646,宁波大学,204,29,29,569,65102
2026,11647,省浙江传媒学院,204,1,1,554,86795
2026,11647,浙江传媒学院,205,17,17,550,92023
2026,11647,浙江传媒学院(中外合作办学),206,2,2,540,109526
2026,11647,东浙江传媒学院,207,40,40,553,88364
2026,11647,浙江传媒学院,208,8,8,531,125202
2026,11647,浙江传媒学院(中外合作办学),209,10,10,543,103615
2026,11652,河南财政金融学院,204,10,10,493,193321
2026,11652,河南财政金融学院,205,8,8,510,162823
2026,11653,南阳理工学院,202,4,4,497,186262
2026,11653,南阳理工学院,203,51,51,505,171256
2026,11653,南阳理工学院,204,5,5,501,178831
2026,11653,南阳理工学院,205,3,3,499,182875
2026,11653,南阳理工学院,206,12,12,508,166133
2026,11656,广东石油化工学院,201,389,389,520,143777
2026,11656,广东石油化工学院,202,407,407,528,130100
2026,11656,广东石油化工学院,203,319,319,513,157811
2026,11656,广东石油化工学院,204,275,275,512,159445
2026,11656,广东石油化工学院,205,171,171,504,173470
2026,11656,广东石油化工学院,206,180,180,507,167674
2026,11656,广东石油化工学院,207,406,406,515,152641
2026,11656,广东石油化工学院,208,366,366,516,151480
2026,11656,广东石油化工学院,209,498,498,531,124505
2026,11656,广东石油化工学院,210,430,430,520,145207
2026,11656,广东石油化工学院,211,493,493,516,152104
2026,11656,广东石油化工学院,212,125,125,505,170998
2026,11656,广东石油化工学院,213,31,31,504,173879
2026,11656,广东石油化工学院,214,347,347,503,175233
2026,11656,广东石油化工学院,215,26,26,509,164541
2026,11656,广东石油化工学院,216,50,50,505,171487
2026,11656,广东石油化工学院,217,48,48,512,159463
2026,11656,广东石油化工学院,218,45,45,509,163617
2026,11656,广东石油化工学院,219,209,209,505,171951
2026,11658,海南师范大学,208,2,2,569,65035
2026,11658,海南师范大学,209,2,2,544,101772
2026,11658,海南师范大学,210,5,5,539,111053
2026,11658,海南师范大学,211,4,4,547,97145
2026,11658,海南师范大学,212,2,2,554,85815
2026,11658,海南师范大学,213,2,2,554,86445
2026,11658,海南师范大学,214,15,15,548,96435
2026,11658,海南师范大学,215,4,4,557,81757
2026,11658,海南师范大学,216,7,7,558,80380
2026,11658,海南师范大学,217,5,5,552,90140
2026,11658,海南师范大学,227,5,5,553,87313
2026,11660,重庆理工大学,204,4,4,553,87957
2026,11660,重庆理工大学,205,40,40,571,62695
2026,11660,重庆理工大学,206,10,10,558,80203
2026,11664,西安邮电大学(本科预科班),204,2,2,559,78687
2026,11664,西安邮电大学,205,9,9,568,66921
2026,11664,西安邮电大学,206,70,70,582,49415
2026,11664,西安邮电大学(中外合作办学),207,6,6,577,54681
2026,11664,西安邮电大学(中外合作办学),208,10,10,568,67017
2026,11664,西安邮电大学(中外合作办学),209,5,5,569,65654
2026,11688,山东工商学院,203,15,15,495,190098
2026,11688,山东工商学院,204,7,7,507,167002
2026,11688,山东工商学院,205,2,2,499,181630
2026,11726,长春大学,205,2,2,501,177974
2026,11726,长春大学,206,18,18,516,150961
2026,11726,教长春大学(中外合作办学),207,2,2,498,184423
2026,11726,长春大学(中外合作办学),208,2,2,515,153316
2026,11726,长春大学(中外合作办学),209,3,3,506,168896
2026,11726,省长春大学(中外合作办学),210,4,4,495,189151
2026,11726,长春大学(中外合作办学),211,4,4,497,186565
2026,11726,长春大学(中外合作办学),212,3,3,480,215395
2026,11731,东贵州商学院,202,3,3,500,180698
2026,11731,贵州商学院(中外合作办学),203,3,3,469,234846
2026,11731,贵州商学院(中外合作办学),204,10,10,451,265486
2026,11736,西安航空学院(中外合作办学),202,4,4,515,153997
2026,11736,西安航空学院(中外合作办学),203,4,4,510,161674
2026,11736,西安航空学院,204,3,3,522,141375
2026,11765,河南城建学院,201,5,5,492,194371
2026,11765,河南城建学院,202,16,16,497,185993
2026,11779,辽东学院,201,2,2,487,202913
2026,11779,辽东学院,202,3,3,487,202914
2026,11779,辽东学院,203,2,2,491,196654
2026,11779,辽东学院,204,3,3,484,209052
2026,11785,江西职业技术大学,202,128,128,497,186257
2026,11798,武汉东湖学院,203,2,2,512,159384
2026,11798,武汉东湖学院,204,4,4,484,209067
2026,11799,重庆工商大学,207,34,34,529,128709
2026,11799,重庆工商大学(联合培养),208,4,4,521,142072
2026,11799,重庆工商大学(中外合作办学),210,6,6,514,155909
2026,11799,重庆工商大学,211,10,10,543,104116
2026,11799,重庆工商大学,213,2,2,536,115471
2026,11800,汉口学院,203,3,3,470,232941
2026,11800,汉口学院,204,2,2,482,212923
2026,11800,汉口学院,205,18,18,475,225180
2026,11802,黑龙江工程学院,202,16,16,490,198088
2026,11802,黑龙江工程学院,203,2,2,489,199670
2026,11802,黑龙江工程学院,204,5,5,493,192742
2026,11802,黑龙江工程学院,205,34,34,494,191563
2026,11802,黑龙江工程学院,206,9,9,505,172012
2026,11810,海南医科大学,201,2,2,561,76341
2026,11810,海南医科大学,202,18,18,553,88269
2026,11810,海南医科大学(中外合作办学),203,7,7,488,202211
2026,11810,海南医科大学,204,4,4,540,109663
2026,11810,海南医科大学,205,2,2,535,118105
2026,11810,海南医科大学(中外合作办学),206,3,3,499,183091
2026,11819,东莞理工学院,201,370,370,570,64078
2026,11819,东莞理工学院,202,1880,1880,557,82577
2026,11819,东莞理工学院,203,357,357,540,108945
2026,11819,东莞理工学院,204,398,398,553,87763
2026,11819,东莞理工学院(地方专项),211,90,90,555,84632
2026,11819,东莞理工学院(粤台联合培养),212,214,214,557,82280
2026,11819,东莞理工学院,215,90,90,561,75759
2026,11819,东莞理工学院,216,40,40,582,48877
2026,11819,东莞理工学院(中外合作办学),219,150,150,542,105698
2026,11824,桂林师范学院,203,3,3,505,170812
2026,11825,桂林航天工业学院,202,6,6,517,149073
2026,11825,桂林航天工业学院,203,29,29,532,122384
2026,11825,桂林航天工业学院(中外合作办学),204,8,8,502,176264
2026,11833,上海杉达学院,202,1,1,517,149789
2026,11833,上海杉达学院,203,4,4,514,155491
2026,11834,黄河科技学院,202,4,4,482,212743
2026,11834,黄河科技学院,203,10,10,487,203636
2026,11835,上海政法学院,203,31,31,561,76467
2026,11835,上海政法学院,204,4,4,596,34042
2026,11837,桂林旅游学院(中外合作办学),202,10,10,458,253698
2026,11837,教桂林旅游学院(中外合作办学),203,15,15,475,224175
2026,11837,桂林旅游学院,204,2,2,499,181578
2026,11837,桂林旅游学院(中外合作办学),210,2,2,472,229619
2026,11838,省贺州学院,202,16,16,502,177220
2026,11838,贺州学院,203,28,28,513,156656
2026,11838,贺州学院,204,8,8,505,171750
2026,11843,东九江学院,202,8,8,498,183311
2026,11843,九江学院,203,8,8,513,156936
2026,11843,九江学院,204,3,3,515,152556
2026,11845,广东工业大学,206,565,565,609,23006
2026,11845,广东工业大学,207,176,176,598,32656
2026,11845,广东工业大学,208,213,213,588,41783
2026,11845,广东工业大学,209,84,84,589,41179
2026,11845,广东工业大学,210,261,261,592,37498
2026,11845,广东工业大学,211,650,650,598,32538
2026,11845,广东工业大学,212,340,340,580,51593
2026,11845,广东工业大学,213,553,553,601,29904
2026,11845,广东工业大学,214,58,58,569,65720
2026,11845,广东工业大学,215,99,99,569,65777
2026,11845,广东工业大学,216,495,495,601,29809
2026,11845,广东工业大学,217,56,56,586,44292
2026,11845,广东工业大学,218,139,139,569,64675
2026,11845,广东工业大学,220,357,357,595,34642
2026,11845,广东工业大学,221,204,204,579,52872
2026,11845,广东工业大学,222,48,48,575,57447
2026,11845,广东工业大学,223,255,255,605,26356
2026,11845,广东工业大学,225,196,196,584,46035
2026,11845,广东工业大学,226,60,60,572,60649
2026,11845,广东工业大学,227,198,198,568,66656
2026,11845,广东工业大学,228,70,70,564,72175
2026,11845,广东工业大学,231,219,219,582,48701
2026,11845,广东工业大学,232,195,195,577,55461
2026,11845,广东工业大学,233,65,65,566,68575
2026,11845,广东工业大学(联合培养),262,275,275,564,72325
2026,11845,广东工业大学(-联合培养),264,85,85,541,107296
2026,11845,广东工业大学(联合培养),266,10,10,550,93277
2026,11845,广东工业大学(联合培养),268,60,60,568,65869
2026,11845,广东工业大学(联合培养),269,40,40,556,83470
2026,11845,广东工业大学(联合培养),270,40,40,561,76555
2026,11845,广东工业大学(国际班),271,40,40,578,53471
2026,11845,广东工业大学(联合培养),272,15,15,540,108356
2026,11845,广东工业大学(联合培养),274,40,40,540,109365
2026,11845,广东工业大学(联合培养),276,30,30,575,57880
2026,11845,广东工业大学(联合培养),277,25,25,533,121955
2026,11845,广东工业大学(联合培养),278,25,25,513,156179
2026,11845,广东工业大学(中外合作办学),279,80,80,540,108189
2026,11845,广东工业大学(地方专项),282,142,142,550,92096
2026,11845,广东工业大学(地方专项),283,93,93,552,89241
2026,11846,广东外语外贸大学,212,314,314,571,62151
2026,11846,广东外语外贸大学,213,230,230,575,57939
2026,11846,广东外语外贸大学,214,277,277,566,68858
2026,11846,广东外语外贸大学,215,220,220,568,66677
2026,11846,广东外语外贸大学,216,334,334,570,63501
2026,11846,广东外语外贸大学,217,9,9,569,64868
2026,11846,广东外语外贸大学,218,161,161,564,71397
2026,11846,广东外语外贸大学,219,517,517,576,55599
2026,11846,广东外语外贸大学,220,133,133,569,64523
2026,11846,广东外语外贸大学(内地澳门合作办学),221,80,80,548,95129
2026,11846,广东外语外贸大学(国际班),222,63,63,537,114387
2026,11846,广东外语外贸大学(国际班),223,40,40,542,106433
2026,11846,教广东外语外贸大学(国际班),224,51,51,550,92878
2026,11846,广东外语外贸大学(国际班),225,40,40,534,119432
2026,11846,广东外语外贸大学(地方专项),226,84,84,540,108278
2026,11847,省佛山大学,201,448,448,569,64498
2026,11847,佛山大学,202,130,130,559,79484
2026,11847,佛山大学,203,742,742,563,73531
2026,11847,东佛山大学,204,240,240,548,95064
2026,11847,佛山大学,205,700,700,554,86825
2026,11847,佛山大学,206,100,100,559,78752
2026,11847,佛山大学,208,120,120,566,68793
2026,11847,佛山大学,209,40,40,550,91853
2026,11847,佛山大学(联合培养),210,160,160,536,116392
2026,11847,佛山大学,211,70,70,553,88633
2026,11847,佛山大学,212,10,10,558,81225
2026,11847,佛山大学(中外合作办学),213,100,100,496,188022
2026,11847,佛山大学,214,388,388,572,61159
2026,11847,佛山大学(中外合作办学),215,90,90,491,196578
2026,11847,佛山大学(中外合作办学),216,300,300,530,126329
2026,11847,佛山大学(内地澳门联合培养),217,45,45,496,188160
2026,11847,佛山大学(地方专项),218,90,90,530,126206
2026,11847,佛山大学(地方专项),219,10,10,529,127800
2026,11964,邢台医学院,201,10,10,491,196446
2026,11964,邢台医学院,202,40,40,492,194668
2026,12026,大连民族大学,202,15,15,453,260757
2026,12026,大连民族大学,203,8,8,531,124362
2026,12026,大连民族大学(中外合作办学),204,2,2,472,230219
2026,12044,上海第二工业大学,202,3,3,551,90989
2026,12044,上海第二工业大学,203,10,10,563,73224
2026,12044,上海第二工业大学,204,2,2,549,94897
2026,12046,广州职业技术大学,202,696,696,517,149899
2026,12046,广州职业技术大学,203,296,296,531,124145
2026,12046,广州职业技术大学,204,253,253,504,172534
2026,12048,南京特殊教育师范学院,204,2,2,540,109393
2026,12048,南京特殊教育师范学院,205,4,4,504,173258
2026,12048,南京特殊教育师范学院,206,1,1,574,58292
2026,12048,南京特殊教育师范学院,207,4,4,514,155335
2026,12048,南京特殊教育师范学院,208,2,2,519,146181
2026,12048,南京特殊教育师范学院,209,1,1,523,138419
2026,12048,南京特殊教育师范学院(中外合作办学),210,4,4,470,232413
2026,12050,上海商学院,202,2,2,549,94689
2026,12050,上海商学院,203,2,2,558,80050
2026,12053,哈尔滨建筑科技职业大学,202,17,17,487,204567
2026,12056,南通理工学院,202,57,57,464,242733
2026,12056,南通理工学院,203,18,18,452,263549
2026,12059,广东培正学院,201,381,381,445,274758
2026,12059,广东培正学院,202,718,718,443,277215
2026,12059,广东培正学院,203,261,261,448,268790
2026,12059,广东培正学院,204,1130,1130,455,258764
2026,12059,广东培正学院(学分互认),205,10,10,444,275424
2026,12064,成都航空职业技术大学,201,35,35,518,148446
2026,12104,柳州职业技术大学,202,150,150,499,182652
2026,12107,贵州警察学院,202,4,4,531,124085
2026,12107,贵州警察学院,203,1,1,532,123671
2026,12121,南方医科大学,201,46,46,644,5523
2026,12121,南方医科大学,202,606,606,596,33723
2026,12121,南方医科大学,203,220,220,586,43808
2026,12121,南方医科大学,204,61,61,580,51009
2026,12121,南方医科大学,205,243,243,574,58598
2026,12121,南方医科大学,206,194,194,583,47694
2026,12121,南方医科大学(地方专项),208,111,111,544,102965
2026,12214,教湖南医药学院,201,1,1,499,182482
2026,12214,湖南医药学院,202,2,2,542,104955
2026,12214,湖南医药学院,203,7,7,506,169657
2026,12215,省重庆工业职业技术大学,202,81,81,500,180441
2026,12215,重庆工业职业技术大学,203,8,8,498,184858
2026,12216,安徽新华学院,202,7,7,468,236219
2026,12216,东安徽新华学院,203,5,5,476,222735
2026,12303,湖南涉外经济学院,202,38,38,449,267892
2026,12303,湖南涉外经济学院,203,30,30,460,249707
2026,12308,海口经济学院,204,65,46,425,303151
2026,12308,海口经济学院,205,36,36,440,281231
2026,12309,武昌首义学院,202,9,9,489,200255
2026,12310,武昌理工学院,202,2,2,483,210893
2026,12310,武昌理工学院,203,29,29,478,219623
2026,12310,武昌理工学院(中外合作办学),204,4,4,437,286697
2026,12332,烟台南山学院,202,5,5,474,226241
2026,12354,襄阳职业技术大学,201,8,8,496,188603
2026,12354,襄阳职业技术大学,202,2,2,495,189282
2026,12362,武汉生物工程学院,202,8,8,476,222327
2026,12362,武汉生物工程学院,203,29,29,485,206856
2026,12453,中国劳动关系学院,203,18,18,532,122805
2026,12453,中国劳动关系学院,204,3,3,543,103270
2026,12453,中国劳动关系学院,205,4,4,548,95759
2026,12544,宁夏理工学院,203,15,15,474,226692
2026,12560,云南经济管理学院,202,5,5,466,239427
2026,12560,云南经济管理学院,203,10,10,464,242795
2026,12574,广东东软学院,201,140,140,483,210326
2026,12574,广东东软学院,202,124,124,480,216028
2026,12574,广东东软学院,203,40,40,485,206582
2026,12574,广东东软学院,204,35,35,484,208937
2026,12574,广东东软学院,205,80,80,486,205499
2026,12574,广东东软学院,206,79,79,482,211999
2026,12574,广东东软学院,207,65,65,482,212581
2026,12574,广东东软学院,208,63,63,469,235275
2026,12574,广东东软学院,209,48,48,463,245492
2026,12574,广东东软学院,210,67,67,461,248511
2026,12574,广东东软学院,211,40,40,474,227008
2026,12574,广东东软学院,212,67,67,465,241114
2026,12574,广东东软学院,213,29,29,468,236999
2026,12574,广东东软学院,214,62,62,472,229379
2026,12574,广东东软学院,215,84,84,476,222757
2026,12574,广东东软学院,216,24,24,485,206574
2026,12574,广东东软学院,217,72,72,469,234059
2026,12574,广东东软学院,218,40,40,468,236923
2026,12574,广东东软学院,219,30,30,457,254547
2026,12574,广东东软学院(中外合作办学),220,55,42,425,303847
2026,12587,上海立达学院,202,8,8,445,273349
2026,12587,上海立达学院,203,11,11,445,273951
2026,12595,辽宁理工职业大学,201,30,22,426,302526
2026,12595,辽宁理工职业大学,202,20,12,429,298011
2026,12607,重庆机电职业技术大学,201,15,15,487,203943
2026,12608,重庆工程学院,202,2,2,489,199785
2026,12608,重庆工程学院,203,14,14,491,197353
2026,12609,重庆电子科技职业大学,202,10,10,525,134906
2026,12617,广州城市理工学院,201,568,568,494,190855
2026,12617,广州城市理工学院,202,330,330,495,189339
2026,12617,广州城市理工学院,203,1336,1336,489,200385
2026,12617,广州城市理工学院,204,391,391,488,201889
2026,12618,广州软件学院,201,521,521,471,231548
2026,12618,广州软件学院,202,414,414,473,228308
2026,12618,教广州软件学院,203,401,401,470,232880
2026,12618,广州软件学院,204,36,36,442,278560
2026,12618,广州软件学院,205,223,223,452,262425
2026,12618,省广州软件学院,206,186,186,456,256842
2026,12618,广州软件学院,207,231,231,442,278528
2026,12618,广州软件学院(校企联合培养),208,108,108,467,237489
2026,12618,东广州软件学院(校企联合培养),209,108,108,475,224756
2026,12618,广州软件学院(校企联合培养),210,108,108,465,242104
2026,12618,广州软件学院(校企联合培养),211,128,128,461,248522
2026,12618,广州软件学院(校企联合培养),213,98,98,465,241461
2026,12618,广州软件学院(校企联合培养),214,119,119,453,260845
2026,12618,广州软件学院(校企联合培养),215,145,145,464,242990
2026,12619,广州南方学院,207,541,541,468,235988
2026,12619,广州南方学院,210,929,929,478,219544
2026,12619,广州南方学院,211,459,459,466,239113
2026,12619,广州南方学院(联合培养),212,64,64,435,289381
2026,12619,广州南方学院(联合培养),213,98,98,430,295968
2026,12620,广东外语外贸大学南国商学院,221,153,153,480,216865
2026,12620,广东外语外贸大学南国商学院,222,313,313,472,229492
2026,12620,广东外语外贸大学南国商学院,223,187,187,465,241038
2026,12620,广东外语外贸大学南国商学院,224,93,93,469,234553
2026,12620,广东外语外贸大学南国商学院,225,131,131,467,239093
2026,12620,广东外语外贸大学南国商学院,226,427,427,469,234778
2026,12620,广东外语外贸大学南国商学院(联合培养),232,64,64,454,259342
2026,12620,广东外语外贸大学南国商学院(联合培养),233,25,25,459,251172
2026,12621,广州华商学院,211,922,922,437,286337
2026,12621,广州华商学院,212,235,235,434,290574
2026,12621,广州华商学院,213,613,613,436,287234
2026,12621,广州华商学院,214,903,903,433,292404
2026,12622,湛江科技学院,201,1131,317,425,303774
2026,12622,湛江科技学院,202,1180,840,425,303916
2026,12622,湛江科技学院,203,30,18,426,302108
2026,12623,华南农业大学珠江学院,211,582,582,444,276308
2026,12623,华南农业大学珠江学院,212,121,121,427,300200
2026,12623,华南农业大学珠江学院,213,50,50,431,295610
2026,12623,华南农业大学珠江学院,214,274,274,467,237820
2026,12623,华南农业大学珠江学院(校企联合培养),215,178,178,462,247191
2026,12623,华南农业大学珠江学院(国际班),216,170,66,425,303681
2026,12623,华南农业大学珠江学院(国际班),217,100,100,454,260713
2026,12631,厦门医学院,201,11,11,547,98035
2026,12631,厦门医学院,202,4,4,534,119335
2026,12636,成都东软学院,202,2,2,508,166377
2026,12636,成都东软学院(中外合作办学),203,6,5,429,298371
2026,12651,湘潭理工学院,202,5,5,485,207073
2026,12651,湘潭理工学院,203,1,1,488,201388
2026,12652,长沙工业学院,202,2,2,538,112719
2026,12652,长沙工业学院,203,2,2,532,122750
2026,12656,中南林业科技大学涉外学院,202,15,15,482,211847
2026,12656,中南林业科技大学涉外学院,203,16,16,490,198237
2026,12657,常德学院,203,2,2,486,205897
2026,12657,常德学院,204,2,2,489,200258
2026,12658,岳阳学院,202,4,4,484,209526
2026,12658,岳阳学院,203,10,10,481,214093
2026,12658,岳阳学院,204,2,2,483,210082
2026,12659,衡阳师范学院南岳学院,202,1,1,495,190085
2026,12659,衡阳师范学院南岳学院,203,2,2,500,181343
2026,12659,衡阳师范学院南岳学院,204,6,6,493,192291
2026,12659,衡阳师范学院南岳学院,205,3,3,492,195485
2026,12661,湖南中医药大学湘杏学院,201,8,8,521,142410
2026,12661,湖南中医药大学湘杏学院,202,9,9,491,196920
2026,12662,教张家界学院,203,4,4,478,219092
2026,12662,张家界学院,204,2,2,469,234024
2026,12668,广州理工学院,201,3830,3830,453,261177
2026,12668,省广州理工学院,202,604,604,450,266828
2026,12668,广州理工学院(联合培养),203,30,30,443,277222
2026,12668,广州理工学院(联合培养),204,20,20,436,287850
2026,12689,东东南大学成贤学院,202,3,3,488,202709
2026,12689,东南大学成贤学院,203,38,38,486,205823
2026,12709,厦门华厦学院,201,2,2,486,205739
2026,12709,厦门华厦学院,203,12,12,475,223944
2026,12710,闽南理工学院,202,3,3,484,208212
2026,12712,西安欧亚学院,202,7,7,453,261367
2026,12712,西安欧亚学院,203,4,4,465,241829
2026,12713,西安外事学院,202,10,10,459,251372
2026,12714,西安翻译学院,202,10,10,455,258229
2026,12714,西安翻译学院,203,15,15,455,257793
2026,12715,西京学院,202,4,4,485,206934
2026,12715,西京学院,203,5,5,491,195939
2026,12726,黑龙江农业工程职业技术大学,201,10,10,489,200732
2026,12729,齐齐哈尔工程学院,201,19,10,429,297328
2026,12729,齐齐哈尔工程学院,202,6,4,430,296562
2026,12746,郑州科技学院,201,3,3,486,205623
2026,12747,郑州工业应用技术学院,202,2,2,487,203512
2026,12747,郑州工业应用技术学院,203,3,3,476,222378
2026,12763,四川工程职业技术大学,201,20,20,512,159502
2026,12766,江西工程学院,202,25,25,488,202483
2026,12779,山西应用科技学院,202,1,1,489,199880
2026,12779,山西应用科技学院,203,3,3,482,212635
2026,12784,河北传媒学院,202,10,10,476,222361
2026,12792,浙江越秀外国语学院,202,27,27,450,265671
2026,12792,浙江越秀外国语学院,203,6,6,464,243241
2026,12794,河南工业职业技术大学,201,6,6,504,172437
2026,12795,南昌理工学院,202,11,11,476,222892
2026,12795,南昌理工学院,203,64,64,479,216960
2026,12795,南昌理工学院(中外合作办学),204,5,5,425,302790
2026,12799,上海建桥学院,203,7,7,467,237968
2026,12799,上海建桥学院,204,22,22,462,246911
2026,12799,上海建桥学院,205,23,23,469,234653
2026,12799,上海建桥学院,206,4,1,485,206488
2026,12802,吉利学院,202,8,8,483,211364
2026,12911,哈尔滨职业技术大学,201,25,25,494,191690
2026,12914,上海兴伟学院,202,6,4,425,303767
2026,12915,上海中侨职业技术大学,202,38,38,452,263861
2026,12915,上海中侨职业技术大学(中外合作办学),203,6,2,427,300738
2026,12928,泉州职业技术大学,202,25,25,470,232909
2026,12938,江西应用科技学院,203,8,8,474,226960
2026,12938,江西应用科技学院,204,24,24,473,227157
2026,12948,郑州健康学院,201,10,10,482,212797
2026,12957,深圳信息职业技术大学,201,195,195,574,58745
2026,12957,深圳信息职业技术大学,202,205,205,573,59430
2026,12973,青海职业技术大学,202,26,26,489,199458
2026,12992,闽南科技学院,204,1,1,484,209612
2026,12992,闽南科技学院,205,1,1,490,199128
2026,12992,闽南科技学院,206,4,4,483,210228
2026,13006,山东英才学院,201,5,5,457,254610
2026,13009,淄博职业技术大学,202,20,20,490,198277
2026,13021,浙大城市学院,202,36,36,557,82789
2026,13022,浙大宁波理工学院,202,37,37,549,94292
2026,13023,杭州医学院,201,2,2,546,98269
2026,13023,杭州医学院,202,8,8,518,147326
2026,13065,教安徽外国语学院,202,10,10,455,257619
2026,13115,厦门工学院(中外合作办学),201,14,8,425,302625
2026,13121,西安思源学院,202,4,4,462,246590
2026,13188,省武汉晴川学院,203,2,2,465,240818
2026,13188,武汉晴川学院,204,8,8,481,214806
2026,13198,大连工程学院,202,6,6,432,294185
2026,13198,东大连工程学院,203,18,18,456,256888
2026,13201,沈阳工学院,202,8,8,430,296005
2026,13201,沈阳工学院,203,24,24,470,233630
2026,13203,大连工业大学艺术与信息工程学院,203,10,10,425,302727
2026,13207,大连科技学院,201,7,7,459,251492
2026,13207,大连科技学院,202,3,3,445,273973
2026,13208,沈阳城市建设学院,201,6,5,430,296583
2026,13208,沈阳城市建设学院,202,14,14,448,268717
2026,13212,大连医科大学中山学院,201,2,2,428,299031
2026,13212,大连医科大学中山学院,202,6,6,470,232450
2026,13212,大连医科大学中山学院,203,4,4,494,191185
2026,13212,大连医科大学中山学院,204,2,2,544,102841
2026,13212,大连医科大学中山学院,205,6,6,459,251946
2026,13213,锦州医科大学医疗学院,201,17,17,482,212460
2026,13215,辽宁师范大学海华学院,203,4,4,465,241315
2026,13215,辽宁师范大学海华学院,204,5,5,458,254101
2026,13215,辽宁师范大学海华学院,205,4,4,468,236737
2026,13217,辽宁理工学院,202,2,2,443,276368
2026,13217,辽宁理工学院,203,5,5,438,285192
2026,13218,大连财经学院,202,17,17,449,267980
2026,13220,沈阳城市学院,202,13,13,430,296985
2026,13220,沈阳城市学院,203,12,12,456,256754
2026,13234,湖北大学知行学院,203,10,10,481,213584
2026,13235,武汉城市学院,202,5,5,471,231758
2026,13235,武汉城市学院,203,6,6,481,213693
2026,13235,武汉城市学院,204,1,1,482,213023
2026,13236,三峡大学科技学院,202,2,2,497,185297
2026,13236,三峡大学科技学院,203,9,9,489,200019
2026,13236,三峡大学科技学院,204,6,6,489,200787
2026,13236,三峡大学科技学院,205,2,2,486,205285
2026,13238,湖北工业大学工程技术学院,203,15,15,481,215114
2026,13240,武汉纺织大学外经贸学院,203,1,1,483,211531
2026,13240,武汉纺织大学外经贸学院,204,2,2,461,248025
2026,13240,武汉纺织大学外经贸学院,205,4,4,477,220960
2026,13241,武昌工学院,202,9,9,480,215546
2026,13242,武汉工商学院,202,18,18,475,224974
2026,13242,武汉工商学院,203,5,5,480,215973
2026,13246,长江大学文理学院,202,3,3,478,218712
2026,13247,湖北商贸学院,202,2,2,466,240328
2026,13247,湖北商贸学院,203,6,6,472,230054
2026,13249,湖北医药学院药护学院,201,8,8,492,195605
2026,13250,湖北恩施学院,203,11,11,484,209499
2026,13251,湖北经济学院法商学院,202,10,10,475,224320
2026,13253,武汉体育学院体育科技学院,202,2,2,484,208223
2026,13256,湖北师范大学文理学院,203,7,7,463,244626
2026,13256,湖北师范大学文理学院,204,5,5,481,214651
2026,13257,湖北文理学院理工学院,201,2,2,487,204479
2026,13257,湖北文理学院理工学院,202,10,10,482,212760
2026,13262,文华学院,203,12,12,481,214733
2026,13275,浙江工业大学之江学院,203,10,10,483,211245
2026,13276,浙江师范大学行知学院,201,2,2,496,188701
2026,13277,宁波大学科学技术学院,201,25,25,477,221326
2026,13277,宁波大学科学技术学院,202,5,5,483,210352
2026,13279,杭州电子科技大学信息工程学院,201,2,2,508,165915
2026,13279,教杭州电子科技大学信息工程学院,202,10,10,518,147668
2026,13283,浙江农林大学暨阳学院,202,2,2,481,213443
2026,13283,浙江农林大学暨阳学院,203,20,20,475,224142
2026,13283,省浙江农林大学暨阳学院,204,2,2,483,210109
2026,13289,温州理工学院,201,9,9,544,101535
2026,13289,温州理工学院,202,6,6,544,102693
2026,13290,东浙江工商大学杭州商学院,203,3,3,491,197522
2026,13290,浙江工商大学杭州商学院,204,16,16,484,209279
2026,13290,浙江工商大学杭州商学院,205,12,12,483,210032
2026,13291,嘉兴南湖学院,202,1,1,542,105633
2026,13292,中国计量大学现代科技学院,201,2,2,485,207516
2026,13292,中国计量大学现代科技学院,202,8,8,483,210075
2026,13296,黑龙江外国语学院,204,20,19,427,300978
2026,13296,黑龙江外国语学院,205,15,15,426,302175
2026,13296,黑龙江外国语学院,206,34,14,425,303268
2026,13296,黑龙江外国语学院,207,31,10,425,303351
2026,13298,黑龙江财经学院,202,2,2,425,303346
2026,13298,黑龙江财经学院,203,1,1,442,279049
2026,13299,哈尔滨石油学院,202,8,8,452,262396
2026,13300,黑龙江工商学院,202,15,8,425,303061
2026,13300,黑龙江工商学院,203,24,24,437,285523
2026,13301,哈尔滨远东理工学院,201,71,69,425,303532
2026,13303,哈尔滨剑桥学院,201,10,6,428,299740
2026,13304,黑龙江工程学院昆仑旅游学院,201,8,6,428,298914
2026,13304,黑龙江工程学院昆仑旅游学院,202,7,6,434,291169
2026,13306,哈尔滨广厦学院,201,34,9,425,303448
2026,13307,哈尔滨华德学院,202,10,5,432,293338
2026,13307,哈尔滨华德学院,203,50,50,430,296930
2026,13324,山东协和学院,203,8,8,473,228930
2026,13324,山东协和学院,204,18,18,467,238939
2026,13324,山东协和学院,205,7,7,465,241830
2026,13324,山东协和学院,206,2,2,532,122524
2026,13326,滇池学院,203,1,1,476,223319
2026,13326,滇池学院,204,4,4,442,278806
2026,13326,滇池学院,205,5,5,472,230331
2026,13328,丽江文化旅游学院,203,10,10,448,269308
2026,13330,昆明城市学院,202,6,6,475,223818
2026,13330,昆明城市学院,203,3,3,469,234584
2026,13332,昆明医科大学海源学院,202,15,15,497,185961
2026,13332,昆明医科大学海源学院,203,8,8,432,293935
2026,13359,烟台理工学院,202,4,4,476,222266
2026,13378,青岛城市学院,202,2,2,456,256087
2026,13378,青岛城市学院,203,31,31,460,249897
2026,13386,山东石油化工学院,201,15,15,510,161978
2026,13402,河北外国语学院,202,4,4,471,231753
2026,13402,河北外国语学院,203,2,2,473,227257
2026,13408,华北理工大学轻工学院,202,3,3,470,232468
2026,13415,河北医科大学临床学院,202,6,6,496,187491
2026,13415,河北医科大学临床学院,203,4,4,507,167889
2026,13415,河北医科大学临床学院,204,2,2,489,200944
2026,13418,江西服装学院(中外合作办学),203,2,2,447,270706
2026,13418,江西服装学院,204,24,24,455,257711
2026,13420,南昌职业大学,203,92,92,460,250618
2026,13421,南昌工学院,202,5,5,482,211928
2026,13421,南昌工学院,203,7,7,477,221287
2026,13429,南昌大学科学技术学院,202,17,17,485,207902
2026,13429,南昌大学科学技术学院,203,15,15,495,189498
2026,13431,南昌交通学院,204,16,16,485,207461
2026,13432,赣东学院,202,1,1,505,170732
2026,13432,赣东学院,203,9,9,512,158978
2026,13433,教南昌航空大学科技学院,204,4,4,484,208928
2026,13433,南昌航空大学科技学院,205,2,2,485,207830
2026,13433,南昌航空大学科技学院,206,42,42,490,198296
2026,13433,省南昌航空大学科技学院,207,13,13,492,194394
2026,13434,赣南科技学院,203,10,10,506,169891
2026,13434,赣南科技学院,204,4,4,515,154338
2026,13434,东赣南科技学院,205,2,2,512,158238
2026,13436,江西农业大学南昌商学院,204,2,2,493,193408
2026,13436,江西农业大学南昌商学院,205,8,8,485,206706
2026,13436,江西农业大学南昌商学院,207,12,12,489,200416
2026,13436,江西农业大学南昌商学院,208,1,1,493,193209
2026,13437,南昌医学院,203,2,2,498,183525
2026,13437,南昌医学院,204,22,22,505,171709
2026,13437,南昌医学院,205,5,5,545,101072
2026,13437,南昌医学院,206,2,2,565,70257
2026,13437,南昌医学院,207,2,2,525,134809
2026,13437,南昌医学院,208,3,3,538,112359
2026,13437,南昌医学院,209,8,8,496,187262
2026,13437,南昌医学院,210,8,8,493,193715
2026,13437,南昌医学院,211,8,8,540,108745
2026,13438,江西师范大学科学技术学院,202,8,8,487,204007
2026,13438,江西师范大学科学技术学院,203,8,8,490,197649
2026,13439,赣南师范大学科技学院,205,1,1,496,188601
2026,13439,赣南师范大学科技学院,206,5,5,490,198154
2026,13439,赣南师范大学科技学院,207,4,4,491,196896
2026,13439,赣南师范大学科技学院,208,21,21,489,199484
2026,13439,赣南师范大学科技学院,209,2,2,503,175163
2026,13440,南昌应用技术师范学院,202,10,10,489,199573
2026,13441,江西财经大学现代经济管理学院,203,1,1,496,188718
2026,13441,江西财经大学现代经济管理学院,204,32,32,485,207369
2026,13441,江西财经大学现代经济管理学院,205,13,13,490,198490
2026,13468,阳光学院,203,4,4,461,248106
2026,13468,阳光学院,204,13,13,462,245965
2026,13469,厦门大学嘉庚学院,203,3,3,492,195667
2026,13469,厦门大学嘉庚学院,204,25,25,490,198138
2026,13469,厦门大学嘉庚学院,205,15,15,500,180174
2026,13469,厦门大学嘉庚学院,211,12,12,487,203441
2026,13469,厦门大学嘉庚学院,212,10,10,498,183526
2026,13469,厦门大学嘉庚学院,213,14,14,490,198638
2026,13470,福州大学至诚学院,203,8,8,482,213377
2026,13470,福州大学至诚学院,204,30,30,483,210932
2026,13470,福州大学至诚学院,205,12,12,477,220681
2026,13471,集美大学诚毅学院,203,7,7,490,198565
2026,13471,集美大学诚毅学院,204,16,16,493,193210
2026,13472,福建师范大学协和学院,202,3,3,489,200867
2026,13472,福建师范大学协和学院,204,1,1,472,229495
2026,13497,郑州财经学院,202,16,16,482,212924
2026,13497,郑州财经学院,203,18,18,477,220650
2026,13500,商丘工学院,201,10,10,476,222449
2026,13501,河南开封科技传媒学院,201,8,8,477,220701
2026,13503,信阳学院,202,2,2,491,196447
2026,13505,豫北医学院,201,3,3,479,217851
2026,13505,豫北医学院,202,2,2,506,169542
2026,13511,兰州工商学院,202,2,2,465,241706
2026,13514,兰州博文科技学院,202,7,7,466,240254
2026,13524,北海艺术设计学院,202,4,4,474,226939
2026,13534,山西工学院,201,5,5,509,164935
2026,13537,山西电子科技学院,201,11,11,511,160353
2026,13538,山西晋中理工学院,202,12,12,481,214350
2026,13558,新疆理工学院,203,1,1,495,190183
2026,13558,教新疆理工学院,204,47,47,489,199913
2026,13558,新疆理工学院,205,8,8,488,201415
2026,13558,新疆理工学院,206,2,2,491,197294
2026,13560,省新疆第二医学院,202,1,1,499,181502
2026,13560,新疆第二医学院,203,36,36,501,179500
2026,13560,新疆第二医学院,204,1,1,487,203760
2026,13561,东新疆科技学院,202,12,12,487,203530
2026,13561,新疆科技学院,203,21,21,487,203229
2026,13561,新疆科技学院,204,10,10,493,193223
2026,13561,新疆科技学院,206,5,5,487,203080
2026,13571,无锡太湖学院,202,37,37,456,256615
2026,13571,无锡太湖学院,203,42,42,463,245602
2026,13571,无锡太湖学院,204,8,8,463,244544
2026,13578,河北工程大学科信学院,202,3,3,484,209178
2026,13578,河北工程大学科信学院,203,21,21,485,207648
2026,13579,中国矿业大学徐海学院,203,7,7,475,224713
2026,13579,中国矿业大学徐海学院,204,14,14,481,214247
2026,13588,重庆外语外事学院,203,4,4,488,201230
2026,13588,重庆外语外事学院,204,9,9,484,208275
2026,13589,重庆对外经贸学院,203,3,3,482,212821
2026,13589,重庆对外经贸学院,204,17,17,483,211381
2026,13590,重庆财经学院,202,8,8,486,206405
2026,13590,重庆财经学院(中外合作办学),203,2,2,443,276963
2026,13590,重庆财经学院,204,4,4,497,185317
2026,13593,石家庄铁道大学四方学院,202,3,3,480,215769
2026,13593,石家庄铁道大学四方学院,203,10,10,484,208180
2026,13594,河北地质大学华信学院,202,12,12,459,250944
2026,13597,山西科技学院,202,2,2,482,212259
2026,13597,山西科技学院,203,1,1,527,131177
2026,13599,大连艺术学院,202,2,2,434,290408
2026,13599,大连艺术学院,203,4,2,428,298872
2026,13601,长春工业大学人文信息学院,201,1,1,463,244180
2026,13602,长春电子科技学院,202,8,8,473,228300
2026,13603,长春财经学院,202,10,10,452,263464
2026,13604,吉林建筑科技学院,201,12,8,434,290822
2026,13604,吉林建筑科技学院,202,2,2,451,264813
2026,13606,长春科技学院,201,17,17,471,231627
2026,13606,长春科技学院,202,14,14,480,216312
2026,13609,辽宁中医药大学杏林学院,201,30,30,483,211494
2026,13610,辽宁何氏医学院,201,30,30,452,262952
2026,13611,蚌埠工商学院,202,4,4,472,229453
2026,13613,安徽信息工程学院,201,15,15,473,227515
2026,13614,马鞍山学院,202,13,13,470,232374
2026,13615,合肥城市学院,202,12,12,444,275415
2026,13618,安徽医科大学临床医学院,201,20,20,497,186845
2026,13619,阜阳理工学院,201,5,5,487,203263
2026,13621,沈阳科技学院,202,1,1,442,279024
2026,13621,沈阳科技学院,203,7,7,432,293091
2026,13622,吉林师范大学博达学院,204,11,11,445,273681
2026,13625,昆明文理学院,204,10,10,465,241417
2026,13625,昆明文理学院,205,7,7,476,222511
2026,13626,昆明理工大学津桥学院,203,9,9,468,236001
2026,13626,昆明理工大学津桥学院,204,1,1,484,209194
2026,13626,昆明理工大学津桥学院,205,10,10,460,249244
2026,13626,昆明理工大学津桥学院,206,16,16,473,228564
2026,13627,重庆移通学院,202,3,3,489,199960
2026,13627,重庆移通学院,203,23,23,488,201187
2026,13628,新疆政法学院,204,2,2,492,195797
2026,13628,新疆政法学院,205,15,15,497,186367
2026,13628,新疆政法学院,206,9,9,490,198876
2026,13628,教新疆政法学院,207,13,13,498,184226
2026,13629,首都师范大学科德学院,202,4,2,454,259892
2026,13629,首都师范大学科德学院,203,4,1,474,225585
2026,13631,省大连东软信息学院,202,4,4,452,263878
2026,13631,大连东软信息学院,203,69,69,435,289392
2026,13632,上海视觉艺术学院,202,3,3,467,238722
2026,13632,东上海视觉艺术学院,212,1,1,518,147821
2026,13634,武汉学院,202,20,20,474,227063
2026,13636,上海外国语大学贤达经济人文学院,202,3,3,466,240042
2026,13639,柳州工学院,204,25,25,479,217815
2026,13640,广西民族大学相思湖学院,202,34,34,483,210325
2026,13640,广西民族大学相思湖学院,203,30,30,482,212105
2026,13641,桂林学院,202,7,7,485,208063
2026,13641,桂林学院,203,10,10,484,208331
2026,13641,桂林学院,204,5,5,484,208399
2026,13642,南宁师范大学师园学院,202,3,3,492,194857
2026,13642,南宁师范大学师园学院,203,9,9,491,196279
2026,13643,广西中医药大学赛恩斯新医药学院,202,126,126,498,184641
2026,13643,广西中医药大学赛恩斯新医药学院,203,44,44,488,202140
2026,13643,广西中医药大学赛恩斯新医药学院,204,28,28,485,208019
2026,13644,桂林信息科技学院,202,28,28,465,241951
2026,13644,桂林信息科技学院,203,90,90,474,226289
2026,13645,南宁理工学院,203,3,3,471,232219
2026,13645,南宁理工学院,204,28,28,477,220582
2026,13645,南宁理工学院,205,3,3,479,216998
2026,13647,贵州中医药大学时珍学院,201,20,20,484,209541
2026,13650,贵阳信息科技学院,202,15,15,466,239629
2026,13650,贵阳信息科技学院,203,17,17,475,224831
2026,13650,贵阳信息科技学院,204,5,5,474,226082
2026,13651,贵阳人文科技学院,202,4,4,480,216681
2026,13651,贵阳人文科技学院,203,4,4,487,204310
2026,13653,遵义医科大学医学与科技学院,201,10,10,527,131885
2026,13654,南京理工大学紫金学院,202,42,42,482,212216
2026,13654,南京理工大学紫金学院,203,144,144,482,212671
2026,13655,南京航空航天大学金城学院,204,2,2,482,213273
2026,13655,南京航空航天大学金城学院,205,9,9,476,223081
2026,13655,南京航空航天大学金城学院,206,1,1,501,178677
2026,13655,南京航空航天大学金城学院,207,17,17,490,199121
2026,13656,广州华立学院,201,658,658,432,293951
2026,13656,广州华立学院,202,671,671,434,291193
2026,13656,广州华立学院,203,45,20,427,300856
2026,13656,广州华立学院,204,675,410,425,303911
2026,13656,广州华立学院,205,481,214,425,303790
2026,13656,广州华立学院,206,232,60,425,303356
2026,13656,广州华立学院,207,90,12,425,302761
2026,13656,广州华立学院,208,216,102,425,303868
2026,13656,广州华立学院,209,292,96,425,303749
2026,13656,广州华立学院,210,33,33,443,276470
2026,13656,广州华立学院,211,13,13,437,286943
2026,13656,广州华立学院,212,24,16,426,302532
2026,13657,广州应用科技学院(联合培养),225,61,38,425,303599
2026,13657,广州应用科技学院(联合培养),226,82,72,425,303885
2026,13657,广州应用科技学院,232,877,877,427,301091
2026,13657,广州应用科技学院,233,838,838,446,272458
2026,13657,广州应用科技学院(校企联合培养),234,1060,795,425,303823
2026,13657,广州应用科技学院(校企联合培养),235,38,38,431,294718
2026,13657,广州应用科技学院(校企联合培养),236,254,144,425,303816
2026,13660,天津商业大学宝德学院,205,1,1,469,235598
2026,13660,天津商业大学宝德学院,206,1,1,467,237726
2026,13660,天津商业大学宝德学院,207,2,2,451,264852
2026,13660,教天津商业大学宝德学院,208,3,3,475,225120
2026,13661,天津医科大学临床医学院,202,1,1,472,230221
2026,13661,天津医科大学临床医学院,203,18,18,477,221940
2026,13661,省天津医科大学临床医学院,204,6,6,503,175768
2026,13662,长春人文学院,202,3,2,435,289720
2026,13662,长春人文学院,203,2,2,440,282339
2026,13665,东电子科技大学成都学院,203,4,4,468,236924
2026,13665,电子科技大学成都学院,204,35,35,492,194803
2026,13665,电子科技大学成都学院,205,3,3,492,194918
2026,13666,武汉华夏理工学院,203,11,11,473,227607
2026,13667,广州商学院,204,1362,1362,470,232992
2026,13667,广州商学院,205,1235,1235,472,230528
2026,13667,广州商学院(中外合作办学),206,56,56,439,283472
2026,13667,广州商学院(联合培养),207,75,75,441,280874
2026,13667,广州商学院,208,169,169,463,244587
2026,13668,成都理工大学工程技术学院,202,4,4,469,234267
2026,13668,成都理工大学工程技术学院,203,18,18,485,207585
2026,13669,四川传媒学院,223,6,6,464,242502
2026,13669,四川传媒学院,224,3,3,460,250629
2026,13669,四川传媒学院,225,4,4,463,244748
2026,13669,四川传媒学院,226,4,4,485,207133
2026,13669,四川传媒学院,227,6,6,476,223254
2026,13669,四川传媒学院,228,2,2,461,248531
2026,13669,四川传媒学院,229,10,10,484,209790
2026,13669,四川传媒学院,230,6,6,436,287518
2026,13669,四川传媒学院,231,9,9,467,238174
2026,13669,四川传媒学院(中外合作办学),232,15,3,431,294289
2026,13670,成都银杏酒店管理学院,202,4,4,481,214391
2026,13670,成都银杏酒店管理学院,203,5,5,473,228842
2026,13673,成都外国语学院,202,24,24,480,216222
2026,13675,广东江门南粤学院,202,160,160,485,206874
2026,13675,广东江门南粤学院,203,71,71,476,222383
2026,13677,西安交通大学城市学院,201,4,4,493,193255
2026,13678,西北大学现代学院,202,4,3,437,285667
2026,13679,西安建筑科技大学华清学院,201,10,10,470,232576
2026,13682,西安工商学院,202,2,2,447,270330
2026,13682,西安工商学院,203,6,6,467,239081
2026,13684,珠海科技学院,208,1000,1000,496,187700
2026,13684,珠海科技学院,209,2006,2006,501,179450
2026,13684,珠海科技学院,210,38,38,496,187828
2026,13686,武汉传媒学院,202,8,8,463,244775
2026,13686,武汉传媒学院,203,2,2,484,208657
2026,13687,南京传媒学院,203,17,17,483,210787
2026,13687,南京传媒学院(中外合作办学),204,3,3,488,201267
2026,13687,南京传媒学院,205,12,12,475,224211
2026,13687,南京传媒学院(中外合作办学),206,5,3,430,296378
2026,13705,成都医学院,201,20,20,537,113472
2026,13706,吉林医药学院,201,3,3,512,158039
2026,13714,广州工商学院,211,1745,1355,425,303918
2026,13714,广州工商学院,212,1452,1299,425,303863
2026,13714,广州工商学院,213,25,25,431,295431
2026,13714,广州工商学院,214,100,53,425,303849
2026,13714,广州工商学院,215,40,13,426,301666
2026,13714,广州工商学院,216,90,54,425,303587
2026,13714,广州工商学院,217,60,40,425,303903
2026,13714,广州工商学院,218,107,36,425,302683
2026,13714,广州工商学院,219,51,22,425,302916
2026,13714,广州工商学院,220,52,52,430,296746
2026,13714,广州工商学院,221,60,15,425,302729
2026,13714,广州工商学院(中外合作办学),222,20,12,425,303853
2026,13714,教广州工商学院(中外合作办学),223,24,13,429,298060
2026,13717,广州科技职业技术大学,203,2414,2173,425,303919
2026,13717,广州科技职业技术大学(校企联合培养),208,200,200,437,286698
2026,13717,省广州科技职业技术大学(校企联合培养),210,20,20,439,283231
2026,13719,广东科技学院,205,991,991,447,270609
2026,13719,广东科技学院,206,1836,1836,460,250736
2026,13719,东广东科技学院,207,550,550,448,270038
2026,13719,广东科技学院,208,70,70,441,280692
2026,13719,广东科技学院,210,80,80,472,230218
2026,13719,广东科技学院,215,25,25,463,244632
2026,13719,广东科技学院(中外合作办学),219,30,30,427,301228
2026,13720,广东理工学院,205,960,262,425,303909
2026,13720,广东理工学院,206,240,23,425,303895
2026,13720,广东理工学院,207,80,16,426,301328
2026,13720,广东理工学院,208,50,13,425,303036
2026,13720,广东理工学院,209,2056,2056,429,297732
2026,13720,广东理工学院,210,50,23,425,303073
2026,13720,广东理工学院,215,280,40,425,303695
2026,13720,广东理工学院,216,900,301,425,303834
2026,13721,广东工商职业技术大学,201,945,391,425,303893
2026,13721,广东工商职业技术大学(中外合作办学),202,60,6,426,302001
2026,13721,广东工商职业技术大学,209,571,84,425,303865
2026,13721,广东工商职业技术大学,210,657,109,425,303906
2026,13727,新疆天山职业技术大学,203,62,62,463,245245
2026,13727,新疆天山职业技术大学,204,18,18,461,248487
2026,13744,黑河学院,204,2,2,497,185955
2026,13744,黑河学院,205,9,9,484,209543
2026,13744,黑河学院,207,7,7,492,195785
2026,13762,福州外语外贸学院,202,13,13,461,249076
2026,13762,福州外语外贸学院,203,7,7,460,249261
2026,13763,福建江夏学院,202,3,3,521,142487
2026,13766,泉州信息工程学院,202,6,6,465,241182
2026,13766,泉州信息工程学院(中外合作办学),203,15,7,432,293772
2026,13766,泉州信息工程学院,204,10,10,471,232321
2026,13773,福州理工学院,202,12,12,459,252308
2026,13774,豫章师范学院,204,3,3,506,170390
2026,13774,豫章师范学院,205,3,3,509,163765
2026,13774,豫章师范学院,206,3,3,498,184489
2026,13775,抚州医药学院,202,12,12,500,181440
2026,13775,抚州医药学院,203,4,4,529,127927
2026,13776,江西软件职业技术大学,203,35,35,466,239897
2026,13806,长沙师范学院,202,4,4,533,121681
2026,13809,湖南应用技术学院,202,2,2,484,209791
2026,13810,肇庆医学院,201,548,548,510,162882
2026,13810,肇庆医学院,202,751,751,494,191565
2026,13810,肇庆医学院,203,589,589,498,183957
2026,13810,肇庆医学院,204,300,300,494,191423
2026,13810,肇庆医学院,206,100,100,494,192240
2026,13811,琼台师范学院,205,3,3,510,163068
2026,13811,琼台师范学院,206,9,9,493,192832
2026,13811,琼台师范学院,207,4,4,499,182298
2026,13811,琼台师范学院(中外合作办学),208,2,2,470,233681
2026,13811,琼台师范学院,209,6,6,507,168551
2026,13811,琼台师范学院,210,9,9,497,186854
2026,13816,四川工业科技学院,202,14,14,484,208798
2026,13830,广西外国语学院,202,11,11,472,230559
2026,13830,广西外国语学院,203,12,12,476,223540
2026,13842,南京理工大学泰州科技学院,201,20,20,467,238703
2026,13842,南京理工大学泰州科技学院,202,30,30,479,217059
2026,13844,东莞城市学院,214,39,39,449,267382
2026,13844,教东莞城市学院,215,570,570,434,291318
2026,13844,东莞城市学院,216,190,190,427,300309
2026,13844,东莞城市学院,217,300,300,445,274267
2026,13844,省东莞城市学院,218,1231,1231,442,278496
2026,13844,东莞城市学院,221,40,40,441,280824
2026,13892,三亚学院,204,16,16,451,265223
2026,13892,东三亚学院(中外合作办学),205,2,2,441,279667
2026,13892,三亚学院,206,23,23,462,247332
2026,13892,三亚学院,207,4,4,493,192264
2026,13892,三亚学院,214,6,6,448,269883
2026,13893,上海师范大学天华学院,202,3,3,481,214343
2026,13893,上海师范大学天华学院(校企联合培养),203,8,8,459,252105
2026,13894,西安明德理工学院,202,2,2,457,254756
2026,13894,西安明德理工学院,203,3,3,473,227844
2026,13897,天津理工大学中环信息学院,202,1,1,480,215535
2026,13897,天津理工大学中环信息学院,203,17,17,476,222753
2026,13898,北京科技大学天津学院,202,4,4,475,224590
2026,13898,北京科技大学天津学院,203,2,2,481,214653
2026,13898,北京科技大学天津学院,204,12,12,470,232637
2026,13898,北京科技大学天津学院,205,2,2,500,181373
2026,13899,北京中医药大学东方学院,204,1,1,480,216587
2026,13899,北京中医药大学东方学院,205,6,6,510,163250
2026,13899,北京中医药大学东方学院,206,14,14,487,203979
2026,13899,北京中医药大学东方学院,207,1,1,487,203079
2026,13900,辽宁财贸学院,202,5,3,429,297057
2026,13901,北京邮电大学世纪学院,202,1,1,479,217930
2026,13902,广州新华学院,203,973,973,475,223812
2026,13902,广州新华学院,204,625,625,477,221198
2026,13902,广州新华学院,205,56,56,478,220137
2026,13902,广州新华学院,206,892,892,484,209716
2026,13903,成都锦城学院,202,14,14,486,205373
2026,13903,成都锦城学院,203,29,29,490,198843
2026,13903,成都锦城学院(中外合作办学),204,6,4,425,303395
2026,13905,南京工业大学浦江学院,202,17,17,465,240975
2026,13905,南京工业大学浦江学院,203,55,55,478,219963
2026,13906,南京师范大学中北学院,202,8,8,480,216476
2026,13906,南京师范大学中北学院,203,4,4,489,200371
2026,13906,南京师范大学中北学院,204,6,6,472,230457
2026,13920,广西城市职业大学,202,150,150,453,261096
2026,13924,湖南交通工程学院,202,9,9,477,220268
2026,13924,湖南交通工程学院,203,5,5,470,233548
2026,13925,湖南软件职业技术大学,201,10,10,474,225592
2026,13937,湖南汽车工程职业大学,202,31,31,504,173003
2026,13957,辽宁传媒学院,202,5,4,429,298245
2026,13957,辽宁传媒学院,203,5,5,442,278043
2026,13980,南京医科大学康达学院,204,6,6,462,247424
2026,13980,南京医科大学康达学院,205,6,6,461,247496
2026,13980,南京医科大学康达学院,206,38,38,469,234710
2026,13980,南京医科大学康达学院,207,2,2,493,192866
2026,13982,无锡学院,202,10,10,535,117194
2026,13982,无锡学院,203,32,32,547,97634
2026,13982,无锡学院,204,3,3,543,104513
2026,13982,无锡学院(中外合作办学),205,6,6,495,189898
2026,13983,苏州城市学院,203,10,10,541,107942
2026,13984,苏州大学应用技术学院,202,7,7,482,212077
2026,13984,苏州大学应用技术学院,203,16,16,484,208762
2026,13985,苏州科技大学天平学院,201,4,4,481,213837
2026,13985,苏州科技大学天平学院,202,2,2,496,188652
2026,13986,江苏大学京江学院,203,5,5,481,213616
2026,13986,江苏大学京江学院,204,67,67,474,226781
2026,13987,教扬州大学广陵学院,203,51,51,476,222321
2026,13987,扬州大学广陵学院,204,2,2,476,223583
2026,13988,江苏师范大学科文学院,206,4,4,480,215873
2026,13988,省江苏师范大学科文学院,207,4,4,473,227458
2026,13988,江苏师范大学科文学院,208,9,9,482,212225
2026,13988,江苏师范大学科文学院,209,9,9,478,218700
2026,13988,东江苏师范大学科文学院,210,2,2,489,199862
2026,13988,江苏师范大学科文学院,211,4,4,477,221880
2026,13989,南京邮电大学通达学院,201,21,21,477,221377
2026,13990,南京财经大学红山学院,202,16,16,485,207568
2026,13991,江苏科技大学苏州理工学院,202,6,6,480,215765
2026,13991,江苏科技大学苏州理工学院,203,16,16,487,204139
2026,13992,常州大学怀德学院,202,34,34,465,241338
2026,13993,南通大学杏林学院,204,12,12,476,222312
2026,13993,南通大学杏林学院,205,3,3,475,223876
2026,13993,南通大学杏林学院,206,12,12,463,244598
2026,13994,南京审计大学金审学院,203,48,48,481,213598
2026,13994,南京审计大学金审学院(中外合作办学),204,3,3,434,291035
2026,13994,南京审计大学金审学院,205,15,15,480,215777
2026,13994,南京审计大学金审学院,206,5,5,466,240745
2026,13994,南京审计大学金审学院(中外合作办学),207,4,1,468,237148
2026,13995,青岛工学院,203,5,5,455,258319
2026,13995,青岛工学院,204,13,13,464,242953
2026,13995,青岛工学院,205,5,5,473,228345
2026,13998,齐鲁理工学院,201,14,14,467,238318
2026,13998,齐鲁理工学院,202,16,16,462,246859
2026,14002,烟台科技学院,202,9,9,473,228881
2026,14030,西安信息职业大学,201,10,10,471,230714
2026,14037,西南财经大学天府学院,202,9,9,477,220967
2026,14037,西南财经大学天府学院(中外合作办学),203,11,3,426,301916
2026,14037,西南财经大学天府学院,204,12,12,480,216624
2026,14037,西南财经大学天府学院,205,4,4,476,223000
2026,14038,天津仁爱学院,205,15,15,443,277638
2026,14038,天津仁爱学院,206,43,43,449,267311
2026,14038,天津仁爱学院,207,4,4,467,237975
2026,14039,四川大学锦江学院,204,1,1,492,195788
2026,14039,四川大学锦江学院,205,6,6,478,219242
2026,14039,四川大学锦江学院,206,6,6,487,203116
2026,14039,四川大学锦江学院,207,1,1,487,204533
2026,14040,郑州商学院,202,11,11,480,216264
2026,14040,郑州商学院,203,8,8,483,210204
2026,14042,西安科技大学高新学院,202,2,2,470,232433
2026,14042,西安科技大学高新学院(中外合作办学),203,3,3,461,247974
2026,14043,四川文化艺术学院,202,12,12,461,248909
2026,14046,福建农林大学金山学院,202,3,3,493,193350
2026,14052,吉林铁道职业技术大学,201,3,3,529,127958
2026,14087,天津财经大学珠江学院,203,6,6,470,233803
2026,14087,天津财经大学珠江学院,204,7,7,479,216906
2026,14099,湖北第二师范学院,203,3,3,522,141262
2026,14099,湖北第二师范学院(中外合作办学),204,4,4,481,213861
2026,14101,太原工业学院,201,2,2,497,186216
2026,14101,太原工业学院,202,18,18,504,173359
2026,14101,太原工业学院,203,4,4,503,174831
2026,14139,民政职业大学,203,11,11,511,160200
2026,14139,民政职业大学,204,2,2,521,143089
2026,14139,民政职业大学,205,2,2,519,146299
2026,14139,民政职业大学,206,2,2,513,157622
2026,14160,宿迁学院,204,3,3,507,168015
2026,14160,宿迁学院,205,17,17,508,166776
2026,14160,宿迁学院,206,1,1,505,170679
2026,14172,教海南科技职业大学,202,25,25,446,272973
2026,14202,沧州交通学院,203,10,8,432,293392
2026,14202,沧州交通学院,204,10,10,467,238728
2026,14202,省沧州交通学院,205,5,5,472,229936
2026,14203,皖江工学院,201,5,5,471,231223
2026,14207,上海财经大学浙江学院,202,8,8,485,207149
2026,14207,东上海财经大学浙江学院,203,4,4,489,199813
2026,14223,贵州师范学院,202,3,3,498,184910
2026,14225,河北东方学院,202,2,2,478,219962
2026,14225,河北东方学院,204,4,4,472,229321
2026,14225,河北东方学院,205,5,5,464,243263
2026,14226,运城职业技术大学,203,16,16,480,216760
2026,14226,运城职业技术大学,204,1,1,481,215095
2026,14262,西南交通大学希望学院,202,3,3,482,212167
2026,14276,齐鲁师范学院(中外合作办学),201,10,10,464,243831
2026,14277,山东青年政治学院,203,5,5,494,191019
2026,14277,山东青年政治学院,204,5,5,505,171402
2026,14278,广东第二师范学院,201,357,357,519,146335
2026,14278,广东第二师范学院,202,105,105,539,111255
2026,14278,广东第二师范学院,203,71,71,525,135679
2026,14278,广东第二师范学院,204,56,56,515,154288
2026,14278,广东第二师范学院,205,88,88,548,96487
2026,14278,广东第二师范学院,206,338,338,538,112388
2026,14278,广东第二师范学院,207,448,448,534,119459
2026,14278,广东第二师范学院,208,60,60,521,143081
2026,14278,广东第二师范学院,209,45,45,542,106174
2026,14278,广东第二师范学院,210,442,442,516,151241
2026,14278,广东第二师范学院,215,30,30,516,152063
2026,14278,广东第二师范学院(学分互认),226,30,30,508,166215
2026,14278,广东第二师范学院(学分互认),227,15,15,489,200742
2026,14278,广东第二师范学院(学分互认),228,15,15,498,184770
2026,14278,广东第二师范学院(学分互认),229,15,15,483,211530
2026,14278,广东第二师范学院(学分互认),230,15,15,480,215988
2026,14278,广东第二师范学院(学分互认),236,30,30,488,202745
2026,14278,广东第二师范学院(学分互认),237,30,30,481,213926
2026,14325,南方科技大学,201,22,22,656,2680
2026,14325,南方科技大学(中外合作办学),202,22,22,619,16068
2026,14327,青岛电影学院,202,5,2,443,277128
2026,14389,成都师范学院,203,3,3,534,119030
2026,14389,成都师范学院,204,2,2,515,152581
2026,14389,成都师范学院,205,2,2,529,127541
2026,14389,成都师范学院(中外合作办学),206,3,2,467,238852
2026,14389,成都师范学院(中外合作办学),210,3,3,439,282535
2026,14389,成都师范学院(中外合作办学),211,3,3,428,299458
2026,14410,四川电影电视学院,202,7,7,477,221310
2026,14410,四川电影电视学院,203,1,1,495,190493
2026,14430,中国科学院大学,201,18,18,678,463
2026,14432,河北中医药大学,201,2,2,576,56704
2026,14432,河北中医药大学,202,8,8,538,111869
2026,14432,河北中医药大学,203,3,3,536,115537
2026,14432,河北中医药大学,204,4,4,511,161457
2026,14432,河北中医药大学,205,2,2,516,151821
2026,14434,山西传媒学院,203,4,4,496,187379
2026,14434,山西传媒学院,204,2,2,502,176800
2026,14435,营口理工学院,201,10,10,501,178512
2026,14437,南昌师范学院,204,8,8,494,191209
2026,14437,南昌师范学院,205,8,8,512,158269
2026,14437,南昌师范学院,206,2,2,522,141211
2026,14440,贵州理工学院,201,4,4,525,135322
2026,14440,贵州理工学院,202,4,4,521,141939
2026,14527,教山西工程技术学院,201,5,5,494,191357
2026,14527,山西工程技术学院,202,25,25,501,178729
2026,14596,中国社会科学院大学,203,6,6,615,18842
2026,14623,省滇西应用技术大学,202,6,6,501,177709
2026,14623,滇西应用技术大学,203,4,4,491,197603
2026,14623,滇西应用技术大学,204,2,2,498,184537
2026,14625,东茅台学院,201,2,2,492,195507
2026,14625,茅台学院,202,2,2,512,159615
2026,14625,茅台学院,203,2,2,496,188014
2026,14625,茅台学院,205,2,2,490,199232
2026,14654,郑州西亚斯学院(中外合作办学),203,10,10,439,283882
2026,14654,郑州西亚斯学院,204,20,20,481,214944
2026,14655,深圳技术大学,201,416,416,590,39780
2026,14655,深圳技术大学,202,791,791,593,36734
2026,14655,深圳技术大学,203,708,708,597,32671
2026,14655,深圳技术大学(国际班),220,240,240,563,73211
2026,14655,深圳技术大学(国际班),221,30,30,540,109246
2026,14829,海南比勒费尔德应用科学大学,202,34,34,436,287684
2026,14829,海南比勒费尔德应用科学大学,203,17,17,470,232954
2026,14829,海南比勒费尔德应用科学大学,204,51,51,454,259866
2026,14830,重庆中医药学院,202,12,12,549,93637
2026,14851,香港城市大学(东莞)(内地香港合作办学),201,62,62,627,12076
2026,14880,深圳理工大学,201,305,305,629,10995
2026,14881,青海理工学院,201,6,6,493,192404
2026,14881,青海理工学院,202,38,38,497,186141
2026,14881,青海理工学院,203,2,2,503,174513
2026,14898,山西医药学院,201,1,1,490,197942
2026,14898,山西医药学院,202,4,4,489,200080
2026,14942,大湾区大学,201,120,120,625,12913
2026,14944,海南警察学院,202,6,6,537,114534
2026,14944,海南警察学院,203,2,2,551,90450
2026,14947,新疆理工职业大学,201,16,16,494,191741
2026,14948,海南洛桑旅游大学,202,15,7,433,292594
2026,14948,海南洛桑旅游大学,203,5,4,449,268403
2026,16202,河北石油职业技术大学,202,30,30,494,190869
2026,16203,河北科技工程职业技术大学,202,19,19,493,192428
2026,16203,河北科技工程职业技术大学,203,3,3,490,198705
2026,16204,河北工业职业技术大学,202,18,18,491,196329
2026,16204,河北工业职业技术大学,203,9,9,495,190385
2026,16205,广西农业职业技术大学,202,33,33,495,188967
2026,16206,贵阳康养职业大学,202,1,1,505,171787
2026,16206,贵阳康养职业大学,203,4,4,489,200340
2026,16206,贵阳康养职业大学,204,6,6,481,214130
2026,16208,兰州资源环境职业技术大学,201,6,6,495,189293
2026,16208,兰州资源环境职业技术大学,202,4,4,499,182610
2026,16209,兰州石化职业技术大学,201,7,7,496,188571
2026,16301,宁波诺丁汉大学(中外合作办学),203,9,9,596,34460
2026,16301,宁波诺丁汉大学(中外合作办学),204,34,34,596,34126
2026,16302,西交利物浦大学(中外合作办学),202,3,3,606,25081
2026,16302,西交利物浦大学(中外合作办学),203,13,13,606,25612
2026,16401,北师香港浸会大学(内地香港合作办学),202,148,148,563,73756
2026,16401,北师香港浸会大学(内地香港合作办学),203,186,186,571,61995
2026,16405,温州肯恩大学(中外合作办学),202,23,23,541,107861
2026,16405,温州肯恩大学(中外合作办学),203,15,15,550,93423
2026,16409,深圳北理莫斯科大学(中外合作办学),201,26,26,560,77279
2026,16409,深圳北理莫斯科大学(中外合作办学),202,6,6,583,47204
2026,16409,深圳北理莫斯科大学(中外合作办学),203,31,31,574,58517
2026,16410,广东以色列理工学院(中外合作办学),201,395,395,549,93606
2026,18213,哈尔滨工业大学(深圳)(高校专项计划),202,5,5,649,4286
2026,18213,哈尔滨工业大学(深圳),203,342,342,662,1807
2026,18213,教哈尔滨工业大学(深圳)(中外合作办学),204,20,20,646,4860
2026,19001,北京大学医学部,202,1,1,667,1164
2026,19001,北京大学医学部,203,14,14,672,800
2026,19001,省北京大学医学部,204,14,15,681,339
2026,19001,北京大学医学部,205,7,7,658,2310
2026,19002,中国人民大学(苏州校区)(中外合作办学),202,7,7,639,6941
2026,19002,东中国人民大学(苏州校区),203,3,3,668,1113
2026,19002,中国人民大学(苏州校区)(中外合作办学),204,3,3,653,3239
2026,19004,北京交通大学(威海校区)(中外合作办学),202,4,4,586,44012
2026,19004,北京交通大学(威海校区)(中外合作办学),204,7,7,581,50108
2026,19027,北京师范大学(珠海校区),206,42,42,622,14562
2026,19027,北京师范大学(珠海校区),207,306,306,623,14156
2026,19141,大连理工大学(盘锦校区),201,8,8,608,23973
2026,19141,大连理工大学(盘锦校区),202,18,18,614,19467
2026,19141,大连理工大学(盘锦校区)(中外合作办学),203,13,13,611,21838
2026,19141,大连理工大学(盘锦校区)(中外合作办学),204,13,13,601,29279
2026,19145,东北大学秦皇岛分校,203,11,11,603,27692
2026,19145,东北大学秦皇岛分校,204,60,60,614,19107
2026,19145,东北大学秦皇岛分校,205,9,9,620,15884
2026,19145,东北大学秦皇岛分校(中外合作办学),206,9,9,606,24989
2026,19145,东北大学秦皇岛分校(中外合作办学),207,6,6,613,20416
2026,19145,东北大学秦皇岛分校(中外合作办学),208,8,8,603,27926
2026,19213,哈尔滨工业大学(威海)(高校专项计划),201,2,2,618,16830
2026,19213,哈尔滨工业大学(威海),202,10,10,652,3453
2026,19213,哈尔滨工业大学(威海)(中外合作办学),203,4,4,620,15731
2026,19213,哈尔滨工业大学(威海)(中外合作办学),204,2,2,624,13670
2026,19246,复旦大学医学院,201,2,2,677,506
2026,19246,复旦大学医学院,202,24,24,653,3204
2026,19248,上海交通大学医学院(高校专项计划),201,4,4,619,16196
2026,19248,上海交通大学医学院,202,3,3,677,517
2026,19248,上海交通大学医学院,203,10,10,660,2121
2026,19248,上海交通大学医学院,204,7,7,660,2066
2026,19335,浙江大学医学院,201,37,37,644,5467
2026,19359,合肥工业大学(宣城校区),202,9,9,583,47472
2026,19359,合肥工业大学(宣城校区)(高校专项计划),203,2,2,554,85830
2026,19359,合肥工业大学(宣城校区),204,44,44,606,25029
2026,19414,中国石油大学(北京)克拉玛依校区,201,5,5,569,64501
2026,19414,中国石油大学(北京)克拉玛依校区,202,37,37,573,59598
2026,19422,山东大学威海分校,203,7,7,615,19058
2026,19422,山东大学威海分校(中外合作办学),204,8,8,600,30758
2026,19422,山东大学威海分校,205,21,21,620,15590
2026,19422,山东大学威海分校,206,22,22,610,22316
2026,19614,电子科技大学(沙河校区),201,33,33,643,5649
2026,19614,电子科技大学(沙河校区)(中外合作办学),202,35,35,633,9447
2026,19614,电子科技大学(沙河校区)(中外合作办学),203,20,20,625,12855
2026,19635,西南大学(荣昌校区),202,7,7,574,59272
2026,19635,西南大学(荣昌校区),203,3,3,572,60591
2026,19635,西南大学(荣昌校区),204,13,13,576,56480
2026,51285,江西飞行学院,202,10,10,495,189597
2026,51285,江西飞行学院,203,20,20,509,163868
2026,51285,江西飞行学院,204,24,24,526,134400
2026,51721,河北环境工程学院,202,3,3,492,195588
2026,51721,河北环境工程学院,203,19,19,494,191798
2026,51721,河北环境工程学院,204,3,3,492,194353
2026,80001,汕头大学医学院,211,159,159,593,36685
2026,80001,汕头大学医学院,212,256,256,575,57960
2026,80001,汕头大学医学院,213,64,64,548,95980
2026,80001,汕头大学医学院,214,181,181,555,84813
2026,80002,华南师范大学(汕尾校区),203,30,30,584,46038
2026,80002,华南师范大学(汕尾校区),204,135,135,586,44065
2026,80002,教华南师范大学(汕尾校区),205,135,135,590,40363
2026,80002,华南师范大学(汕尾校区),206,280,280,593,37151
2026,80002,华南师范大学(汕尾校区),207,220,220,577,55284
2026,80003,省广东工业大学(揭阳校区),252,670,670,587,43532
2026,80003,广东工业大学(揭阳校区),253,155,155,575,56855
2026,80004,广东技术师范大学(河源校区),201,261,261,533,121909
2026,80004,东广东技术师范大学(河源校区),202,66,66,525,135435
2026,81012,香港珠海学院,202,10,10,506,169128
2026,92004,陆军工程大学,201,1,1,588,41874
2026,92011,陆军军医大学,201,12,12,579,52393
2026,92011,陆军军医大学,202,5,5,576,56533
